date,temperature_c,humidity_percent,wind_speed_kmph,pressure_hpa,cloud_cover_percent,dew_point_c,visibility_km,rainfall_mm
2018-01-01,23.11,51.49,18.68,1002.49,73.0,7.31,6.74,3.76
2018-01-02,43.28,57.87,16.65,1013.6,18.45,6.52,5.13,0.16
2018-01-03,35.62,88.36,8.81,1005.32,34.66,20.1,9.68,3.79
2018-01-04,30.95,47.2,30.36,983.75,66.33,29.15,2.97,0.38
2018-01-05,15.46,89.57,23.83,988.35,48.21,17.57,6.29,4.96
2018-01-06,15.46,27.05,43.29,989.87,73.86,6.29,7.3,1.98
2018-01-07,12.03,82.14,1.61,991.6,96.12,10.53,8.43,7.27
2018-01-08,40.32,87.8,32.19,1005.44,11.65,11.12,4.66,11.43
2018-01-09,31.04,34.55,38.15,1002.68,70.96,13.45,7.18,2.16
2018-01-10,34.78,54.43,37.97,989.14,23.03,6.09,3.73,2.47
2018-01-11,10.72,33.24,44.3,983.04,41.45,27.62,4.92,3.57
2018-01-12,43.95,76.53,36.45,987.71,3.29,17.89,9.06,0.88
2018-01-13,39.14,62.83,46.39,1024.3,13.59,21.77,9.55,10.49
2018-01-14,17.43,70.83,16.63,1001.08,31.98,6.68,7.47,2.27
2018-01-15,16.36,35.72,25.16,1019.03,34.2,6.35,4.37,0.73
2018-01-16,16.42,36.94,0.7,1018.19,89.96,19.66,8.38,5.75
2018-01-17,20.65,23.32,0.35,1003.02,74.18,27.18,1.23,0.99
2018-01-18,28.37,45.77,12.01,1011.8,97.22,18.21,1.92,0.62
2018-01-19,25.12,64.78,5.04,988.67,59.91,26.95,6.95,3.31
2018-01-20,20.19,88.63,13.01,1010.98,24.17,25.27,3.62,4.45
2018-01-21,31.41,73.35,8.85,992.26,32.77,6.9,9.56,3.37
2018-01-22,14.88,54.83,1.43,1017.44,31.98,10.05,4.92,4.27
2018-01-23,20.23,96.25,45.47,983.77,32.65,21.44,4.86,0.49
2018-01-24,22.82,77.54,0.41,1014.79,67.3,16.09,7.1,2.59
2018-01-25,25.96,94.41,36.8,984.5,53.08,12.27,7.91,1.77
2018-01-26,37.48,62.21,7.61,1019.65,38.54,15.47,5.28,14.5
2018-01-27,16.99,40.71,45.61,993.69,14.91,16.13,2.93,0.2
2018-01-28,28.0,24.23,44.64,1009.45,2.21,27.76,7.96,1.42
2018-01-29,30.73,78.09,32.7,1001.94,21.88,7.59,3.88,11.38
2018-01-30,11.63,29.7,33.61,996.48,10.75,11.99,2.58,16.42
2018-01-31,31.26,44.22,0.27,1009.04,78.54,18.44,6.68,6.97
2018-02-01,15.97,62.6,49.24,1022.64,11.25,22.46,1.81,0.32
2018-02-02,12.28,65.15,43.89,981.86,72.42,20.77,9.74,3.3
2018-02-03,43.21,68.05,44.76,1021.35,38.57,28.54,6.69,2.04
2018-02-04,43.8,33.3,32.96,1007.41,7.34,24.89,9.87,6.57
2018-02-05,38.29,50.38,17.24,1016.33,81.27,18.93,4.05,0.23
2018-02-06,20.66,69.38,44.68,997.27,57.96,10.37,9.74,0.88
2018-02-07,13.42,97.59,14.58,1001.23,23.58,16.27,2.31,2.69
2018-02-08,33.95,78.21,28.14,1019.1,89.47,22.33,1.37,0.69
2018-02-09,25.41,93.81,4.99,998.67,4.53,25.95,1.3,4.72
2018-02-10,14.27,80.98,46.1,1004.06,20.18,28.99,5.18,6.88
2018-02-11,27.33,67.34,7.04,980.91,75.2,20.14,1.75,4.88
2018-02-12,11.2,35.36,11.24,987.14,70.94,18.17,5.61,2.32
2018-02-13,41.83,73.33,27.91,1008.88,28.93,5.44,3.95,8.43
2018-02-14,19.06,69.87,38.2,1012.26,6.2,6.8,4.02,0.59
2018-02-15,33.19,68.2,30.97,1006.22,85.81,8.9,6.72,1.21
2018-02-16,20.91,59.18,11.61,986.45,31.37,6.37,2.47,2.69
2018-02-17,28.2,62.29,0.05,1000.04,19.57,15.02,7.9,0.25
2018-02-18,29.13,46.76,37.86,995.98,51.61,13.42,6.24,0.4
2018-02-19,16.47,61.55,49.26,1002.3,91.02,20.93,9.23,2.03
2018-02-20,43.94,35.8,40.5,1019.16,4.35,18.39,4.28,11.52
2018-02-21,37.13,84.41,23.01,1014.91,76.58,19.9,9.84,9.56
2018-02-22,42.88,34.86,45.19,983.78,57.25,16.8,6.18,2.51
2018-02-23,41.32,26.8,20.49,1020.06,42.54,11.94,9.76,0.61
2018-02-24,30.93,54.9,26.25,1001.23,74.41,28.82,1.24,0.78
2018-02-25,42.27,72.66,23.86,1013.47,96.58,7.16,7.55,1.9
2018-02-26,13.1,55.02,22.38,986.3,22.92,28.47,8.35,0.94
2018-02-27,16.86,42.14,38.76,1010.18,14.36,12.78,1.48,0.35
2018-02-28,11.58,64.65,26.34,990.63,91.29,17.82,6.21,4.48
2018-03-01,21.39,47.76,15.84,999.73,66.9,7.72,8.22,3.48
2018-03-02,23.6,94.63,12.91,980.76,43.8,6.77,6.05,1.38
2018-03-03,19.5,93.81,1.89,986.82,57.33,15.74,1.57,6.04
2018-03-04,39.01,60.19,29.16,984.14,74.56,23.54,7.24,5.98
2018-03-05,22.49,46.23,11.5,990.79,77.3,11.73,1.55,2.7
2018-03-06,19.83,78.97,7.41,984.5,91.99,19.06,8.36,0.41
2018-03-07,28.99,22.94,32.69,1011.14,42.68,11.97,1.39,10.03
2018-03-08,14.93,57.98,34.06,981.31,29.34,14.72,2.24,4.42
2018-03-09,38.08,46.91,37.61,1007.8,63.97,27.66,3.48,1.14
2018-03-10,12.61,93.64,25.18,986.33,41.57,26.4,6.7,3.77
2018-03-11,44.54,20.96,44.7,1022.53,59.46,17.9,9.79,2.08
2018-03-12,37.03,64.23,46.82,1021.99,42.0,10.95,2.06,4.04
2018-03-13,16.96,79.25,40.37,990.15,15.3,9.83,2.28,2.57
2018-03-14,10.19,58.8,31.78,1007.65,46.94,28.85,4.32,2.66
2018-03-15,38.54,26.83,15.19,981.26,69.09,10.07,8.53,5.33
2018-03-16,34.74,97.8,49.15,1021.93,79.93,25.2,5.21,3.8
2018-03-17,35.52,61.44,13.71,1003.53,49.33,14.22,3.89,0.33
2018-03-18,36.99,69.13,10.13,981.95,16.52,29.64,6.05,0.27
2018-03-19,12.59,38.93,22.11,995.41,41.47,14.2,3.34,1.46
2018-03-20,22.55,58.68,2.84,983.46,78.63,13.79,4.61,2.25
2018-03-21,14.06,54.33,48.92,997.68,41.29,20.94,3.99,1.29
2018-03-22,40.21,25.99,29.42,1010.15,69.65,29.04,8.24,4.22
2018-03-23,31.82,28.49,27.85,1001.15,50.72,29.41,9.32,0.87
2018-03-24,21.58,87.0,32.79,997.27,24.12,22.68,7.84,4.87
2018-03-25,12.22,39.19,24.85,985.36,79.62,23.87,4.95,5.93
2018-03-26,20.88,35.6,1.6,991.02,8.42,19.09,5.54,0.53
2018-03-27,21.38,60.39,30.62,984.51,52.49,23.89,2.13,4.21
2018-03-28,35.54,81.5,35.81,1016.34,20.89,26.49,7.72,13.02
2018-03-29,32.31,24.96,20.84,986.09,6.71,17.15,6.37,0.86
2018-03-30,41.05,66.14,37.86,1006.79,50.29,20.5,9.12,9.6
2018-03-31,26.53,29.54,11.35,995.42,49.96,18.43,2.81,3.73
2018-04-01,14.19,22.92,11.06,990.17,70.69,19.06,7.84,3.58
2018-04-02,34.96,24.22,8.07,1008.78,74.48,27.25,7.16,0.21
2018-04-03,36.63,86.73,18.6,1000.57,72.78,13.89,3.39,5.52
2018-04-04,29.64,29.44,42.35,998.01,40.96,10.2,7.01,2.6
2018-04-05,36.98,23.61,41.4,1006.68,63.17,16.41,9.32,5.11
2018-04-06,27.28,55.03,19.14,1002.11,57.69,10.2,9.27,6.63
2018-04-07,28.3,87.52,29.46,993.66,42.16,17.46,7.48,2.97
2018-04-08,24.96,40.99,36.04,1005.16,59.72,27.59,1.43,1.22
2018-04-09,10.89,53.74,12.06,1010.13,94.72,20.44,8.85,0.61
2018-04-10,13.78,23.19,8.41,981.2,19.29,26.39,6.92,0.7
2018-04-11,11.1,55.93,48.6,1000.96,90.58,9.15,3.79,8.07
2018-04-12,32.27,66.21,30.88,982.6,5.35,27.52,2.69,0.53
2018-04-13,21.0,65.67,49.07,988.39,30.84,20.04,2.05,1.94
2018-04-14,27.8,46.59,16.89,1005.22,28.81,5.79,1.45,1.63
2018-04-15,41.76,45.24,35.15,1018.98,62.64,20.83,7.79,8.02
2018-04-16,18.73,28.53,11.13,1019.73,13.12,28.78,3.12,2.6
2018-04-17,24.36,49.34,13.06,983.15,88.23,6.98,1.22,22.56
2018-04-18,36.44,27.96,25.6,998.86,82.86,19.56,4.58,5.34
2018-04-19,18.01,81.33,15.98,1006.24,65.21,27.89,5.34,7.61
2018-04-20,12.69,97.3,8.38,986.62,45.84,5.24,2.52,0.42
2018-04-21,20.14,97.61,13.14,1014.44,93.3,20.77,1.4,1.17
2018-04-22,15.64,89.21,1.79,1013.49,83.07,16.87,2.7,0.58
2018-04-23,42.54,68.06,35.22,1020.65,49.93,13.67,7.11,2.49
2018-04-24,38.28,76.07,24.61,980.38,70.19,20.69,1.74,5.07
2018-04-25,32.17,42.82,4.71,989.75,56.69,6.32,6.0,0.74
2018-04-26,40.5,70.46,8.58,1017.22,58.79,23.83,2.32,0.56
2018-04-27,38.13,56.45,5.13,1010.18,33.1,5.11,2.76,3.81
2018-04-28,16.53,58.56,30.63,1020.25,46.21,12.67,4.54,1.05
2018-04-29,41.24,80.62,4.71,982.57,7.81,17.6,1.91,2.61
2018-04-30,28.88,42.55,37.71,1006.86,35.73,14.43,2.56,0.21
2018-05-01,38.26,45.44,1.03,1005.61,69.58,12.69,4.14,4.57
2018-05-02,41.36,93.97,12.47,981.61,95.32,25.77,3.97,3.12
2018-05-03,21.13,24.5,44.53,1003.11,96.31,28.37,7.74,4.17
2018-05-04,13.85,58.85,35.93,1007.43,55.57,26.84,1.67,1.29
2018-05-05,17.98,93.02,3.65,988.61,60.66,18.06,8.74,1.31
2018-05-06,24.95,68.83,41.06,992.3,18.57,27.1,8.35,6.47
2018-05-07,38.63,63.71,24.65,1008.82,69.53,28.02,7.89,5.07
2018-05-08,40.13,39.98,42.34,1001.07,7.07,15.23,3.78,3.47
2018-05-09,10.24,47.46,30.04,1018.61,28.47,12.09,8.41,3.96
2018-05-10,27.88,88.16,34.09,995.41,66.84,7.46,2.65,0.4
2018-05-11,24.61,64.74,49.68,992.0,31.03,16.98,2.12,7.76
2018-05-12,17.77,61.18,11.62,1024.32,4.98,28.66,1.4,5.88
2018-05-13,14.2,27.97,31.2,1021.0,83.19,19.02,9.45,3.57
2018-05-14,21.82,21.28,23.02,981.3,31.03,21.69,3.77,10.03
2018-05-15,43.0,97.09,1.97,1014.68,6.31,7.82,9.26,0.74
2018-05-16,21.31,50.16,0.72,984.97,7.48,8.59,3.45,4.64
2018-05-17,28.16,68.26,5.96,981.24,25.18,16.61,9.17,13.19
2018-05-18,34.61,26.38,32.45,992.32,17.8,28.78,9.14,1.48
2018-05-19,22.73,74.65,28.36,992.12,77.43,14.02,9.31,0.06
2018-05-20,44.01,94.61,27.67,1016.87,32.17,26.94,5.47,5.31
2018-05-21,43.69,66.05,1.59,1011.98,80.47,8.01,8.79,0.03
2018-05-22,18.81,30.09,23.47,1024.17,17.38,20.43,9.56,8.24
2018-05-23,27.4,66.54,46.23,1012.02,49.29,20.02,3.92,0.23
2018-05-24,20.53,81.31,19.88,998.82,68.8,26.5,4.77,4.23
2018-05-25,19.97,52.51,31.25,1011.45,65.2,5.08,7.47,1.89
2018-05-26,11.29,90.39,38.99,1024.98,60.11,9.75,3.7,0.91
2018-05-27,31.33,71.89,39.2,1011.96,92.48,10.49,7.78,9.14
2018-05-28,27.59,91.94,25.96,1014.28,22.85,28.75,1.67,5.49
2018-05-29,11.8,69.88,42.9,1022.23,49.37,8.84,5.71,1.66
2018-05-30,19.75,30.5,19.57,985.11,88.4,5.92,2.1,1.34
2018-05-31,41.79,44.78,44.43,1011.72,7.79,18.36,3.64,5.33
2018-06-01,18.38,36.14,12.01,1018.29,5.59,18.21,3.33,7.25
2018-06-02,15.07,92.71,14.01,1022.95,23.33,26.1,8.55,5.03
2018-06-03,27.13,80.83,2.66,989.49,63.3,28.72,2.74,4.09
2018-06-04,44.5,74.11,39.78,1002.68,25.99,18.46,8.28,1.03
2018-06-05,18.47,44.08,20.85,1010.62,19.02,28.25,8.15,7.66
2018-06-06,33.52,34.72,11.46,991.14,45.88,23.13,5.49,5.54
2018-06-07,36.66,80.52,11.59,1007.02,61.36,11.61,3.1,2.91
2018-06-08,18.32,57.93,45.07,991.59,24.86,28.21,3.04,2.87
2018-06-09,35.49,38.06,41.7,995.01,30.07,21.69,5.18,3.37
2018-06-10,22.87,69.33,27.68,999.87,61.36,15.35,1.08,7.05
2018-06-11,32.13,23.23,30.81,1003.81,94.57,22.01,5.78,5.42
2018-06-12,32.17,46.09,23.72,1000.22,67.47,15.03,9.58,7.76
2018-06-13,28.75,57.48,19.58,1002.19,78.29,7.85,2.39,2.83
2018-06-14,13.16,31.84,45.77,993.44,36.68,22.97,6.16,3.92
2018-06-15,39.24,98.77,6.28,987.15,27.23,25.6,9.66,7.71
2018-06-16,21.23,36.73,20.92,982.13,45.43,23.22,8.74,1.06
2018-06-17,16.53,30.43,17.23,988.82,80.71,10.73,8.65,2.35
2018-06-18,11.43,36.28,24.91,1006.19,45.63,28.92,8.4,3.88
2018-06-19,30.68,81.52,22.88,1015.38,84.67,5.63,3.78,9.87
2018-06-20,33.71,54.04,25.94,987.62,98.88,13.32,9.02,0.06
2018-06-21,10.58,65.23,7.0,984.88,7.2,11.5,9.47,0.96
2018-06-22,27.92,21.68,25.66,1013.72,4.54,6.2,5.46,1.07
2018-06-23,17.93,22.75,12.12,993.73,14.96,15.14,4.19,1.58
2018-06-24,32.58,55.67,9.22,1022.82,38.44,20.58,4.73,1.32
2018-06-25,16.1,85.33,3.24,1012.14,13.1,27.06,4.01,3.57
2018-06-26,34.18,90.82,38.13,994.7,87.07,29.74,2.91,8.67
2018-06-27,23.54,26.94,21.37,993.03,2.31,25.2,6.57,4.05
2018-06-28,42.79,63.07,31.33,1003.57,31.58,16.72,6.06,1.11
2018-06-29,14.81,93.06,36.38,983.56,18.47,23.09,5.16,7.97
2018-06-30,21.94,51.04,33.97,985.3,93.15,26.09,1.86,4.0
2018-07-01,13.97,86.37,23.53,987.91,66.95,16.63,8.17,0.99
2018-07-02,42.36,30.7,19.39,1014.86,91.2,24.63,2.57,1.8
2018-07-03,40.71,94.83,18.8,1003.12,97.23,17.07,2.03,6.24
2018-07-04,19.03,80.11,32.0,980.48,49.71,14.66,6.61,5.37
2018-07-05,33.1,95.31,24.74,1010.31,23.43,18.15,4.59,3.44
2018-07-06,38.6,74.13,42.46,999.07,19.37,21.9,1.54,0.63
2018-07-07,29.43,49.07,43.74,1002.99,22.29,23.17,4.2,6.5
2018-07-08,28.54,95.05,8.53,989.64,70.86,13.92,7.95,1.47
2018-07-09,18.46,42.05,6.81,1004.83,4.04,19.28,6.54,5.91
2018-07-10,13.26,46.57,31.52,1024.06,5.14,27.75,4.27,4.17
2018-07-11,41.4,76.06,15.06,983.31,60.81,29.41,2.73,1.23
2018-07-12,41.51,81.23,0.93,992.78,64.21,10.68,6.69,0.95
2018-07-13,32.16,94.35,44.43,990.93,66.53,9.82,8.99,0.56
2018-07-14,21.87,36.38,11.35,991.18,37.19,21.92,6.82,1.11
2018-07-15,22.22,83.84,46.46,997.04,80.59,15.37,8.32,0.69
2018-07-16,35.41,79.08,35.87,1016.81,53.36,5.61,5.69,3.84
2018-07-17,41.4,25.1,38.13,1021.08,10.55,13.67,7.46,3.65
2018-07-18,41.05,50.98,10.07,989.1,79.71,25.17,9.07,3.53
2018-07-19,37.3,42.62,11.71,1004.43,95.31,24.94,7.96,4.11
2018-07-20,32.47,44.36,26.06,1008.66,6.0,17.37,9.19,6.74
2018-07-21,12.94,98.64,8.6,1003.48,39.14,16.81,4.88,9.79
2018-07-22,15.66,71.42,15.27,999.53,48.75,19.49,9.14,1.05
2018-07-23,41.45,77.41,16.07,988.64,14.65,10.48,6.59,3.54
2018-07-24,31.23,98.13,7.98,1001.97,86.77,18.15,8.83,0.33
2018-07-25,10.32,50.18,10.26,998.05,28.41,5.28,1.35,0.51
2018-07-26,13.55,84.15,39.43,1015.8,78.3,16.89,6.92,4.25
2018-07-27,33.22,54.76,8.36,1014.36,67.1,13.4,8.63,2.67
2018-07-28,10.18,89.56,1.42,986.03,59.8,21.87,2.57,5.68
2018-07-29,15.63,34.45,31.47,983.98,19.21,20.96,6.96,2.22
2018-07-30,29.21,95.81,48.8,1020.87,22.07,14.52,8.42,0.55
2018-07-31,34.22,37.5,16.56,1004.1,4.73,5.18,3.59,8.22
2018-08-01,32.82,46.1,5.93,1018.6,24.07,11.31,4.65,0.35
2018-08-02,17.85,80.5,28.52,982.62,34.54,20.83,6.13,0.84
2018-08-03,34.93,51.5,45.32,1003.69,83.31,6.81,5.67,1.3
2018-08-04,18.3,68.66,39.2,1004.27,36.64,7.69,1.35,21.42
2018-08-05,21.39,55.57,31.13,1018.73,75.46,21.18,1.89,2.16
2018-08-06,36.13,79.39,15.75,984.39,43.94,23.89,1.9,2.79
2018-08-07,32.74,38.27,27.09,990.82,78.49,13.04,3.36,5.87
2018-08-08,39.72,24.68,4.56,998.29,97.63,17.24,3.21,4.05
2018-08-09,33.02,43.99,33.95,1018.96,23.98,28.64,7.68,7.37
2018-08-10,29.89,57.94,36.25,1022.25,86.23,28.64,6.15,2.67
2018-08-11,13.28,33.44,48.25,1024.67,62.18,12.69,7.88,14.33
2018-08-12,22.87,48.38,13.02,1023.16,81.73,25.25,1.63,6.37
2018-08-13,19.28,52.0,0.92,980.27,65.16,19.85,5.37,2.05
2018-08-14,18.54,24.59,27.28,982.15,42.39,29.39,3.91,1.92
2018-08-15,44.06,66.66,35.34,986.64,22.81,16.94,8.65,10.61
2018-08-16,23.76,90.75,39.52,995.7,7.0,24.37,7.37,4.61
2018-08-17,41.22,32.14,9.69,1017.35,53.55,24.2,8.82,3.89
2018-08-18,32.09,67.82,13.09,1020.17,99.03,17.44,1.42,5.67
2018-08-19,37.82,73.18,25.63,988.41,73.8,24.89,7.49,3.29
2018-08-20,27.59,53.55,16.53,1007.88,32.73,11.53,5.86,0.69
2018-08-21,30.19,76.09,43.03,1021.28,82.72,8.06,8.43,1.54
2018-08-22,27.24,52.86,23.69,1000.87,76.9,15.63,5.56,3.27
2018-08-23,16.83,60.37,39.98,984.66,28.16,28.59,5.86,0.07
2018-08-24,35.29,20.59,29.03,1000.6,1.43,17.52,1.47,2.3
2018-08-25,19.83,75.34,38.65,996.91,11.82,20.88,7.02,5.64
2018-08-26,10.85,72.91,16.63,1005.99,87.73,20.6,3.46,0.72
2018-08-27,32.59,23.07,41.57,999.74,83.66,8.31,1.18,0.27
2018-08-28,16.2,49.46,13.73,980.78,29.52,14.76,1.6,7.23
2018-08-29,42.92,98.32,27.3,1024.73,28.52,22.67,9.62,3.84
2018-08-30,43.39,53.66,10.7,1004.46,79.29,29.3,4.11,0.78
2018-08-31,42.02,60.16,23.78,1001.31,93.77,9.2,8.81,6.57
2018-09-01,22.96,92.79,15.91,1022.96,77.91,15.26,9.64,4.29
2018-09-02,10.54,77.38,13.34,987.01,60.56,7.38,9.49,1.63
2018-09-03,42.49,66.57,48.35,988.52,24.27,11.06,8.94,1.89
2018-09-04,24.99,83.82,8.0,1016.36,52.57,14.42,9.05,0.68
2018-09-05,43.83,89.15,39.37,991.74,23.35,18.52,3.6,7.21
2018-09-06,43.73,56.55,49.21,1015.97,80.8,10.76,2.36,2.85
2018-09-07,39.86,58.01,1.0,992.22,38.7,10.69,6.75,3.26
2018-09-08,20.31,50.88,34.95,981.49,83.37,24.45,5.39,8.6
2018-09-09,23.48,97.34,12.65,1003.27,38.16,29.07,1.89,0.06
2018-09-10,39.79,75.77,2.02,988.85,82.41,13.09,7.1,0.28
2018-09-11,21.09,26.66,20.14,1014.1,33.33,22.2,6.07,0.7
2018-09-12,15.93,89.04,46.76,1008.85,44.01,11.45,8.77,0.12
2018-09-13,29.49,58.44,0.59,1021.56,61.55,28.2,6.48,4.29
2018-09-14,42.77,25.5,29.39,1015.23,7.03,21.82,6.17,4.02
2018-09-15,34.36,63.98,25.07,988.13,94.82,25.07,4.97,0.95
2018-09-16,29.95,53.37,43.67,1016.01,57.36,6.23,5.17,0.65
2018-09-17,13.4,90.22,4.2,1008.88,50.78,19.96,9.59,0.63
2018-09-18,31.53,36.32,34.08,1010.1,83.94,18.19,2.25,12.25
2018-09-19,44.65,86.12,34.01,1017.45,86.58,12.32,5.02,4.73
2018-09-20,14.9,64.62,33.45,1005.82,52.23,11.56,6.9,3.52
2018-09-21,28.14,24.37,47.12,1000.97,92.73,19.5,4.9,1.56
2018-09-22,40.71,97.75,41.15,1008.65,6.47,22.66,3.55,2.27
2018-09-23,35.93,61.01,2.1,993.41,11.32,5.83,3.59,0.37
2018-09-24,34.4,43.27,23.55,988.22,59.68,19.19,3.1,25.17
2018-09-25,34.59,57.55,19.9,1007.75,35.41,9.26,4.1,5.63
2018-09-26,22.58,88.63,15.51,990.52,46.42,8.51,8.85,3.89
2018-09-27,20.28,44.39,22.57,983.6,32.81,20.58,5.55,3.54
2018-09-28,38.33,35.41,19.21,980.02,40.47,12.77,3.16,2.81
2018-09-29,38.35,30.33,21.62,1007.37,82.26,16.02,4.46,1.19
2018-09-30,40.35,43.83,48.96,996.3,59.35,14.0,1.95,1.03
2018-10-01,41.96,82.4,4.43,1013.85,99.73,21.21,9.14,3.19
2018-10-02,27.9,57.73,46.11,996.88,78.69,16.75,4.67,0.29
2018-10-03,27.55,38.2,24.01,1001.87,27.37,29.09,9.82,0.31
2018-10-04,37.94,33.29,31.19,998.32,26.43,13.81,4.13,3.29
2018-10-05,32.75,46.62,41.51,1009.28,33.59,23.51,8.53,10.09
2018-10-06,34.57,95.19,18.02,996.03,84.33,11.43,3.31,9.83
2018-10-07,37.85,47.44,21.52,1023.37,2.73,17.72,1.69,0.04
2018-10-08,41.15,99.05,20.48,1022.13,23.02,18.81,1.29,0.45
2018-10-09,21.83,58.82,18.74,1018.16,90.49,13.23,6.46,3.5
2018-10-10,23.15,34.33,46.28,1021.41,63.99,16.79,3.8,7.55
2018-10-11,13.29,91.29,41.45,1000.21,22.68,11.98,4.99,12.36
2018-10-12,30.24,56.83,5.45,1004.14,21.91,5.15,8.37,7.88
2018-10-13,11.26,76.77,5.41,1013.39,86.26,10.39,3.23,4.53
2018-10-14,26.3,98.7,21.39,1011.33,89.38,22.5,3.78,0.9
2018-10-15,28.99,24.01,4.93,1020.08,25.61,24.27,8.61,0.3
2018-10-16,20.03,27.74,30.95,1012.23,42.05,12.01,5.43,0.19
2018-10-17,30.68,77.64,7.18,1024.9,83.46,15.2,8.45,3.79
2018-10-18,11.07,42.55,26.12,995.68,77.1,5.93,4.37,0.15
2018-10-19,11.31,34.74,0.36,1017.48,81.39,10.93,4.59,5.38
2018-10-20,38.79,23.15,15.83,1011.39,51.84,24.48,2.5,4.99
2018-10-21,22.61,21.75,33.86,1011.11,91.15,20.15,9.25,0.33
2018-10-22,14.45,81.96,24.2,994.66,32.6,10.14,9.07,9.48
2018-10-23,28.28,30.75,48.91,1015.35,15.67,11.44,9.86,2.95
2018-10-24,36.95,57.42,43.71,1020.52,70.87,25.42,4.62,9.39
2018-10-25,17.55,68.47,17.95,989.83,53.94,10.23,8.37,9.28
2018-10-26,31.8,54.27,2.27,1008.15,85.46,13.35,4.73,0.88
2018-10-27,12.99,22.17,42.28,997.65,8.12,21.61,5.09,1.92
2018-10-28,11.81,82.68,45.56,1024.53,84.37,19.03,8.47,0.58
2018-10-29,28.6,20.84,41.03,1001.55,29.33,16.52,2.6,5.97
2018-10-30,28.92,80.95,6.4,990.27,65.49,27.49,2.98,2.81
2018-10-31,32.31,91.46,49.9,997.18,4.01,10.49,3.83,10.57
2018-11-01,35.41,54.63,12.93,1009.42,60.96,23.54,8.09,0.93
2018-11-02,44.15,62.84,36.21,983.42,71.73,8.98,4.35,4.66
2018-11-03,28.07,58.16,45.4,1007.16,36.88,20.39,4.22,18.13
2018-11-04,21.3,51.14,11.78,1021.91,21.54,26.77,9.99,4.38
2018-11-05,37.83,90.99,45.41,1018.27,53.76,16.45,4.45,0.29
2018-11-06,19.48,91.51,15.47,983.05,83.32,23.11,3.23,3.55
2018-11-07,25.36,46.87,48.82,1024.7,32.35,25.51,6.61,0.79
2018-11-08,12.75,69.21,14.06,1011.44,25.25,8.4,8.22,0.12
2018-11-09,10.89,94.15,47.67,987.3,27.89,22.65,1.63,1.63
2018-11-10,43.69,96.96,2.68,980.56,94.91,28.0,6.57,1.24
2018-11-11,39.26,60.72,35.46,987.71,35.93,19.41,1.32,6.22
2018-11-12,34.36,56.23,26.61,1017.72,0.36,9.65,5.74,1.87
2018-11-13,24.31,42.3,23.89,980.97,78.17,8.17,3.31,5.28
2018-11-14,16.07,96.71,11.17,990.49,69.93,11.49,3.76,0.07
2018-11-15,15.48,31.43,35.28,1014.08,12.86,7.59,5.2,0.06
2018-11-16,18.76,66.39,9.54,1006.37,98.49,17.83,9.34,0.12
2018-11-17,29.22,42.6,27.64,1015.22,60.81,6.74,7.4,0.99
2018-11-18,35.01,42.32,12.66,1013.58,50.08,10.59,9.43,1.87
2018-11-19,33.11,52.4,47.78,982.28,38.22,16.0,6.94,3.74
2018-11-20,19.8,99.9,1.43,1020.16,89.87,16.85,1.06,17.05
2018-11-21,43.42,24.4,9.99,990.22,24.4,19.13,3.39,1.75
2018-11-22,35.83,66.28,12.12,1004.9,28.58,22.64,9.15,0.23
2018-11-23,29.4,26.61,20.7,1008.99,12.24,6.18,6.79,0.87
2018-11-24,31.41,32.36,11.64,987.59,75.91,7.02,9.83,9.13
2018-11-25,24.69,55.17,24.57,1023.93,59.55,6.52,2.4,4.81
2018-11-26,18.67,60.84,43.62,1001.97,60.91,15.58,3.67,6.25
2018-11-27,22.46,40.7,35.6,982.59,21.85,6.05,4.26,0.53
2018-11-28,36.52,45.32,29.0,1022.18,65.12,23.65,3.94,0.58
2018-11-29,10.5,26.96,4.45,1006.38,76.55,10.58,3.27,0.48
2018-11-30,14.06,44.26,34.7,1011.46,35.79,28.48,4.99,7.78
2018-12-01,11.61,97.32,8.32,1003.63,80.13,17.16,6.78,0.94
2018-12-02,11.43,95.58,39.32,1017.56,34.88,16.16,3.8,4.12
2018-12-03,39.94,46.79,12.5,981.49,75.81,24.51,1.72,2.9
2018-12-04,34.63,65.67,20.85,992.08,3.37,22.83,7.38,3.14
2018-12-05,26.6,92.77,17.52,1001.13,55.12,20.18,5.13,0.87
2018-12-06,13.42,20.49,42.94,983.45,96.95,28.38,6.01,4.03
2018-12-07,27.21,84.85,6.33,1011.77,98.12,15.56,5.1,0.18
2018-12-08,26.57,95.87,28.28,997.71,28.18,25.21,9.01,20.13
2018-12-09,16.06,27.31,7.1,992.27,44.14,14.5,6.03,0.11
2018-12-10,25.18,32.92,35.24,980.15,6.3,25.96,9.31,0.21
2018-12-11,23.95,96.86,45.25,1012.39,87.33,11.49,5.6,1.57
2018-12-12,31.55,63.0,21.73,1017.52,56.86,12.23,3.63,7.13
2018-12-13,32.23,21.14,24.4,997.78,38.51,21.95,4.2,1.19
2018-12-14,11.59,40.61,46.37,1005.39,11.28,10.32,5.7,2.55
2018-12-15,23.11,56.0,26.05,990.25,94.68,10.73,5.77,0.07
2018-12-16,31.91,75.43,24.38,1008.0,53.02,12.63,7.19,0.33
2018-12-17,27.61,78.65,28.92,980.55,28.29,21.97,3.02,3.75
2018-12-18,39.98,99.63,34.46,1001.99,35.02,27.23,6.93,0.86
2018-12-19,33.05,43.0,5.34,1008.99,27.07,21.86,8.01,4.74
2018-12-20,15.7,63.06,41.06,1021.32,60.18,25.7,7.09,6.16
2018-12-21,12.47,62.67,21.78,997.16,93.0,18.59,5.34,7.6
2018-12-22,32.48,52.45,3.62,1014.43,85.67,6.72,9.93,0.57
2018-12-23,10.93,33.53,39.31,1006.9,46.04,7.51,4.64,2.43
2018-12-24,30.5,98.2,18.85,1021.72,82.65,18.86,1.96,11.76
2018-12-25,42.91,88.27,5.02,997.93,42.31,13.2,8.39,5.92
2018-12-26,30.14,59.87,31.69,994.36,25.23,10.51,2.91,0.5
2018-12-27,23.59,68.26,44.01,1019.92,98.34,16.66,7.42,2.79
2018-12-28,32.52,38.18,44.39,982.22,30.39,21.66,2.61,10.22
2018-12-29,26.04,63.5,47.88,986.14,32.37,14.62,1.15,2.32
2018-12-30,29.1,75.6,43.39,983.71,98.97,25.06,2.44,7.27
2018-12-31,42.95,61.21,0.11,1017.94,13.39,23.46,4.39,2.74
2019-01-01,23.51,99.22,19.01,980.48,76.05,23.37,1.96,0.45
2019-01-02,43.64,68.91,40.93,1018.77,93.58,29.63,2.78,0.64
2019-01-03,41.69,49.68,18.31,1000.31,51.18,12.38,7.88,0.19
2019-01-04,16.85,81.77,30.08,980.18,0.25,21.12,7.93,0.87
2019-01-05,12.43,33.64,30.32,998.07,37.51,26.39,8.36,8.96
2019-01-06,13.53,50.76,18.25,988.41,11.16,19.49,8.57,4.2
2019-01-07,10.64,47.76,45.22,1008.1,41.62,24.74,4.78,5.37
2019-01-08,13.31,54.54,25.16,1010.57,79.0,15.36,8.81,3.89
2019-01-09,33.91,82.54,23.24,1001.94,43.87,19.76,5.73,1.95
2019-01-10,12.49,58.73,49.88,981.82,43.19,6.39,5.24,0.98
2019-01-11,21.16,83.52,24.68,1009.53,55.68,29.64,7.47,10.39
2019-01-12,39.57,66.12,8.92,1017.89,58.17,25.0,2.92,2.89
2019-01-13,10.81,47.37,25.65,1012.41,85.63,26.72,8.11,2.62
2019-01-14,38.51,84.8,40.7,1017.35,30.84,22.36,4.87,22.19
2019-01-15,19.86,39.06,38.84,989.02,82.17,9.65,2.15,1.94
2019-01-16,14.14,37.95,39.43,1020.0,56.59,5.78,2.07,7.7
2019-01-17,34.39,60.36,35.4,994.5,30.05,26.62,2.48,7.93
2019-01-18,32.01,40.87,12.71,980.6,29.51,14.91,9.02,1.06
2019-01-19,40.71,20.73,43.1,1017.95,36.11,11.6,9.92,0.4
2019-01-20,35.73,71.86,44.67,1022.38,62.27,19.04,4.21,14.86
2019-01-21,38.12,60.89,9.71,1009.5,23.08,15.52,3.63,2.22
2019-01-22,19.87,55.64,6.52,990.41,92.03,21.29,2.97,0.01
2019-01-23,16.21,97.36,48.78,991.33,57.49,17.09,8.41,2.76
2019-01-24,36.27,65.7,43.42,1001.0,92.0,22.43,2.88,3.86
2019-01-25,38.24,89.07,44.66,1020.4,4.64,26.34,9.32,5.99
2019-01-26,44.67,31.16,44.32,986.73,34.26,9.89,7.01,11.45
2019-01-27,24.44,65.54,27.08,1017.17,2.28,13.24,9.07,9.87
2019-01-28,23.02,89.44,32.32,993.11,27.23,15.92,5.99,11.26
2019-01-29,37.17,66.65,27.27,1016.39,86.2,29.05,7.22,0.13
2019-01-30,21.93,77.44,2.56,1021.41,3.66,14.13,6.58,4.98
2019-01-31,42.58,49.76,37.28,999.24,43.61,14.53,8.48,1.02
2019-02-01,40.04,27.4,25.27,996.43,11.76,21.34,8.52,0.83
2019-02-02,25.01,56.63,32.39,1016.1,41.68,15.48,6.31,6.44
2019-02-03,36.28,51.56,25.13,1003.83,83.89,28.78,6.69,2.16
2019-02-04,36.41,89.36,24.59,1010.8,62.31,27.36,9.3,9.94
2019-02-05,13.61,39.52,8.59,1008.03,73.68,17.84,9.37,0.17
2019-02-06,41.59,97.34,13.94,986.88,34.91,21.12,6.98,6.48
2019-02-07,27.68,96.65,7.94,1018.02,94.44,6.45,1.07,0.59
2019-02-08,38.93,39.81,9.78,988.81,70.93,22.39,1.94,0.78
2019-02-09,21.2,47.84,48.65,1021.95,42.18,22.68,8.72,2.6
2019-02-10,41.34,91.64,7.66,991.28,42.65,13.98,1.76,2.01
2019-02-11,23.62,97.33,13.46,1013.02,91.87,10.49,2.92,2.66
2019-02-12,10.38,55.48,29.53,992.81,57.64,27.88,3.07,11.26
2019-02-13,41.69,45.68,30.51,994.3,70.64,15.67,6.4,4.28
2019-02-14,13.2,62.09,7.7,993.95,41.7,21.34,6.19,1.37
2019-02-15,21.18,75.02,39.69,1013.66,22.37,5.83,3.6,0.76
2019-02-16,43.25,41.88,39.26,1005.06,72.36,15.35,2.87,2.18
2019-02-17,43.27,78.92,11.87,1019.73,60.78,25.43,7.88,2.4
2019-02-18,30.07,24.13,14.43,993.83,50.13,14.69,9.42,3.68
2019-02-19,32.11,23.94,46.9,1011.14,62.4,20.08,1.48,1.24
2019-02-20,25.7,50.9,41.28,1013.88,20.83,10.25,2.2,5.84
2019-02-21,20.26,48.28,34.89,986.82,79.39,15.41,6.78,0.41
2019-02-22,21.5,45.25,4.11,998.03,94.82,28.19,8.24,3.29
2019-02-23,33.54,59.28,20.91,1001.73,89.11,19.16,8.12,3.91
2019-02-24,36.33,45.66,27.97,996.01,32.14,27.55,7.48,0.93
2019-02-25,37.71,35.38,9.37,994.5,40.6,27.55,8.99,7.0
2019-02-26,37.64,44.76,22.41,1010.89,80.84,28.6,2.96,3.82
2019-02-27,13.19,97.99,30.05,989.71,59.51,27.38,1.97,4.15
2019-02-28,27.3,52.89,16.37,1011.92,54.79,5.08,6.54,2.75
2019-03-01,12.01,55.58,39.05,1022.08,92.66,28.35,8.4,9.61
2019-03-02,29.23,66.12,42.02,1005.43,53.6,8.44,6.24,4.74
2019-03-03,25.45,98.67,16.18,1007.51,51.49,6.0,9.67,1.92
2019-03-04,41.07,39.33,41.93,983.1,4.2,6.38,8.16,1.09
2019-03-05,22.28,74.5,5.18,1018.9,6.94,13.72,7.31,0.29
2019-03-06,14.1,77.28,41.89,992.85,0.74,20.52,1.54,0.72
2019-03-07,15.0,68.59,7.64,1007.68,91.32,15.06,1.97,19.67
2019-03-08,36.65,27.09,4.15,1024.06,40.84,5.64,8.06,2.09
2019-03-09,31.64,74.15,32.09,1006.8,46.86,16.91,2.78,9.16
2019-03-10,13.54,25.13,23.6,1012.61,84.54,16.05,1.26,0.75
2019-03-11,12.94,67.69,45.39,1000.04,60.92,23.92,9.2,2.22
2019-03-12,34.53,79.17,18.16,982.72,60.95,11.99,9.02,12.93
2019-03-13,12.55,36.88,14.36,1015.89,29.65,10.44,2.97,0.38
2019-03-14,38.77,87.33,25.04,981.57,83.39,11.4,8.02,3.61
2019-03-15,34.72,22.43,22.8,1011.53,16.58,12.59,1.43,10.06
2019-03-16,12.85,87.51,17.22,981.03,5.31,19.98,3.57,11.96
2019-03-17,12.97,56.83,34.69,1018.8,19.16,16.79,6.61,7.48
2019-03-18,44.53,37.41,37.98,987.09,26.77,13.42,7.87,7.75
2019-03-19,23.1,30.7,42.65,1003.14,28.23,14.36,1.09,4.22
2019-03-20,22.97,96.26,48.64,1006.87,67.05,14.27,3.94,1.0
2019-03-21,38.45,25.81,13.33,1000.59,21.78,29.31,2.93,5.25
2019-03-22,43.15,35.93,35.8,995.33,67.67,10.82,9.99,15.34
2019-03-23,44.51,47.83,19.71,1001.05,9.11,25.45,7.04,2.99
2019-03-24,36.37,69.62,33.85,994.01,14.72,22.71,4.65,1.21
2019-03-25,23.17,63.58,23.8,999.72,50.88,5.14,1.68,3.41
2019-03-26,12.92,30.05,49.69,996.15,92.19,29.83,6.39,4.69
2019-03-27,37.2,43.18,36.45,1005.48,85.96,23.91,6.78,0.93
2019-03-28,29.54,39.1,47.62,990.71,96.88,22.06,8.35,5.08
2019-03-29,24.85,37.08,41.75,1024.49,65.05,15.13,3.6,3.54
2019-03-30,41.72,52.89,45.15,1002.54,67.58,18.88,9.83,3.79
2019-03-31,13.89,76.32,40.72,988.74,62.5,11.33,4.96,1.46
2019-04-01,27.24,37.4,22.96,1001.47,62.28,5.89,3.66,0.67
2019-04-02,10.4,49.33,12.59,1018.99,14.71,25.9,4.14,3.91
2019-04-03,26.4,51.27,18.52,980.98,54.37,27.41,5.68,3.53
2019-04-04,11.97,98.12,1.01,1010.58,38.61,9.06,9.43,1.65
2019-04-05,14.16,96.37,26.2,1004.66,44.25,24.68,7.62,1.4
2019-04-06,14.11,84.01,25.25,987.63,52.36,23.53,6.19,1.71
2019-04-07,32.72,39.33,26.26,1016.79,12.84,9.46,2.47,2.69
2019-04-08,36.11,25.44,48.7,996.6,35.95,15.55,2.34,14.73
2019-04-09,30.42,45.35,45.57,993.22,6.34,15.57,5.52,5.77
2019-04-10,43.68,41.34,8.09,1017.27,97.97,24.0,7.56,7.64
2019-04-11,23.12,60.47,18.44,1008.73,11.85,25.94,7.76,2.82
2019-04-12,20.0,82.22,21.2,1020.42,25.85,7.37,3.03,2.99
2019-04-13,40.4,88.67,18.03,1008.34,89.13,19.07,1.9,0.91
2019-04-14,17.83,87.59,39.92,1013.34,48.27,24.04,4.46,5.11
2019-04-15,43.71,48.77,26.2,1017.64,13.56,24.65,9.26,2.19
2019-04-16,10.43,74.98,28.6,982.46,38.42,8.7,5.91,5.43
2019-04-17,43.95,45.03,42.65,1014.92,11.59,18.14,3.88,2.1
2019-04-18,11.51,24.87,40.3,1007.62,20.02,26.44,3.91,0.46
2019-04-19,41.19,76.13,6.61,983.13,5.2,12.96,2.19,0.76
2019-04-20,28.47,20.79,35.7,1002.89,43.82,15.63,5.26,6.68
2019-04-21,44.75,52.73,21.77,983.71,80.66,25.11,8.12,1.2
2019-04-22,12.58,46.35,14.73,1013.12,58.6,7.23,9.72,1.23
2019-04-23,29.38,75.47,2.5,1004.59,60.63,26.49,5.51,10.6
2019-04-24,43.93,81.3,24.36,1022.91,20.06,12.78,2.5,4.29
2019-04-25,28.31,44.33,17.77,988.24,34.39,5.04,7.15,0.49
2019-04-26,32.03,84.93,12.58,1007.27,84.52,10.85,7.81,0.62
2019-04-27,34.35,43.51,34.73,989.52,8.79,7.24,1.65,1.27
2019-04-28,25.91,55.71,38.47,1007.63,85.79,7.31,8.65,3.61
2019-04-29,31.96,78.16,12.24,1012.52,48.37,22.32,8.46,5.59
2019-04-30,30.45,75.43,2.47,1012.5,83.71,10.35,5.25,1.28
2019-05-01,41.54,98.99,42.44,1016.68,31.8,28.37,6.04,8.18
2019-05-02,11.59,38.01,0.5,1018.41,33.88,17.91,7.42,0.46
2019-05-03,19.83,72.99,46.86,983.48,75.16,16.5,7.09,0.93
2019-05-04,43.26,68.77,31.38,995.45,78.5,15.86,1.15,14.09
2019-05-05,41.16,93.21,16.09,1010.92,22.96,22.31,2.1,0.58
2019-05-06,25.95,32.51,12.32,1002.44,97.29,16.31,2.46,8.76
2019-05-07,31.7,80.14,0.45,988.58,8.45,8.22,7.8,4.87
2019-05-08,19.71,65.46,11.77,1004.87,6.85,27.0,4.96,0.3
2019-05-09,16.58,41.97,6.89,998.33,59.55,15.71,5.91,2.64
2019-05-10,26.23,57.95,30.61,997.55,72.27,6.85,7.95,2.93
2019-05-11,22.37,46.7,8.33,1016.44,96.09,18.23,4.07,10.76
2019-05-12,30.43,66.35,26.43,998.34,40.49,21.18,7.74,2.19
2019-05-13,12.72,91.12,29.51,981.19,2.53,11.89,4.98,2.37
2019-05-14,44.1,65.54,14.9,982.61,60.29,25.01,4.39,0.48
2019-05-15,44.52,70.54,1.75,1018.53,28.97,21.74,4.0,4.08
2019-05-16,34.44,61.5,1.86,1023.23,43.29,21.26,9.68,0.95
2019-05-17,28.76,24.09,1.32,1010.98,48.85,15.52,7.95,0.32
2019-05-18,20.83,38.63,36.96,996.4,6.45,29.05,1.18,23.13
2019-05-19,38.48,59.36,15.9,1022.24,48.6,11.85,9.62,1.26
2019-05-20,33.97,44.82,39.82,1009.83,42.63,19.44,7.98,0.61
2019-05-21,15.69,34.54,21.59,1018.0,71.25,12.73,2.34,4.81
2019-05-22,41.88,60.33,22.65,1014.46,64.57,23.62,1.69,6.9
2019-05-23,38.79,45.82,25.64,997.06,18.52,6.19,3.77,0.26
2019-05-24,43.24,40.65,35.65,1001.54,20.61,6.15,6.62,0.45
2019-05-25,35.4,57.12,13.68,988.38,25.1,25.27,6.55,0.38
2019-05-26,31.47,30.66,6.08,993.14,17.9,15.86,3.48,0.19
2019-05-27,24.64,94.22,27.8,1015.02,65.72,13.53,5.01,4.31
2019-05-28,42.65,89.42,16.35,1020.23,99.44,20.19,2.91,3.55
2019-05-29,40.31,76.61,22.12,1012.6,65.21,22.55,1.46,4.35
2019-05-30,11.58,28.5,32.35,1000.93,60.67,10.03,5.65,2.82
2019-05-31,10.92,82.07,24.71,983.89,40.99,9.64,4.12,6.8
2019-06-01,23.18,84.64,31.01,982.56,31.26,28.95,5.89,3.16
2019-06-02,38.37,81.42,27.21,996.84,91.11,19.74,9.52,10.04
2019-06-03,44.55,29.12,36.99,1000.87,96.9,14.75,2.29,2.66
2019-06-04,15.26,71.51,35.3,1007.41,49.68,25.04,1.02,6.26
2019-06-05,30.79,86.75,26.71,980.29,29.02,18.13,1.69,2.09
2019-06-06,23.33,66.19,33.95,1024.54,77.01,11.04,5.16,2.29
2019-06-07,43.95,71.71,43.68,996.38,13.25,10.17,7.36,7.56
2019-06-08,39.47,56.67,21.61,1018.16,76.56,14.92,6.23,0.46
2019-06-09,39.34,62.3,20.64,1004.07,81.89,26.5,5.45,3.33
2019-06-10,26.4,22.75,38.21,985.87,12.49,6.54,4.19,5.18
2019-06-11,24.52,71.12,29.13,1015.89,97.69,10.46,3.79,5.55
2019-06-12,19.57,26.52,3.55,1011.94,98.55,27.33,4.39,3.58
2019-06-13,11.97,54.8,44.61,1003.73,93.67,8.04,6.5,2.38
2019-06-14,40.27,43.41,1.54,1003.15,49.6,20.74,2.51,1.21
2019-06-15,38.45,63.63,37.42,983.94,24.61,10.34,7.94,9.61
2019-06-16,44.99,30.67,37.94,1009.51,58.2,20.15,6.18,1.85
2019-06-17,44.88,75.33,47.66,1021.01,41.99,14.58,3.42,6.42
2019-06-18,29.44,83.6,2.71,984.2,20.59,7.54,5.51,0.13
2019-06-19,36.91,33.07,29.84,991.86,42.37,19.56,9.67,1.06
2019-06-20,43.07,28.35,21.39,1020.6,66.39,22.08,1.18,1.7
2019-06-21,39.74,31.64,16.53,992.8,7.09,22.01,2.8,4.45
2019-06-22,18.66,90.17,4.52,1009.43,33.34,20.93,5.04,1.54
2019-06-23,25.77,62.26,28.13,1004.07,1.78,17.51,6.75,0.17
2019-06-24,14.52,57.38,23.95,1006.83,74.95,17.99,2.91,0.76
2019-06-25,43.39,28.54,5.23,998.71,64.07,20.89,9.38,1.2
2019-06-26,31.22,71.96,30.62,993.5,6.27,22.26,6.78,0.77
2019-06-27,18.0,89.44,36.9,982.18,96.47,21.37,8.9,0.91
2019-06-28,33.51,86.25,38.36,1013.49,2.26,19.67,3.96,5.86
2019-06-29,31.63,70.08,45.27,1013.57,59.0,8.9,8.46,2.12
2019-06-30,22.54,26.02,20.47,1010.18,77.64,10.27,4.4,2.08
2019-07-01,13.97,28.99,47.65,1008.96,78.79,11.51,3.27,13.6
2019-07-02,33.51,23.94,43.27,990.97,3.43,27.99,9.2,2.37
2019-07-03,28.21,40.6,14.83,981.01,90.64,23.98,1.83,10.51
2019-07-04,37.03,30.85,7.96,1016.39,91.85,18.82,9.49,1.42
2019-07-05,28.21,40.8,21.77,1002.1,56.14,11.3,5.13,2.05
2019-07-06,39.83,50.8,20.09,993.81,48.21,7.77,9.93,2.02
2019-07-07,29.32,95.44,28.79,984.59,4.49,27.47,5.86,3.16
2019-07-08,29.63,68.83,29.17,982.82,56.2,27.32,7.82,3.51
2019-07-09,40.68,86.8,37.5,995.7,40.94,7.77,1.06,1.14
2019-07-10,24.12,76.83,25.49,1016.21,77.28,24.93,5.47,6.31
2019-07-11,14.69,29.0,5.24,1021.34,40.39,16.17,7.64,2.74
2019-07-12,11.01,78.87,42.91,1020.35,68.36,13.1,8.05,0.03
2019-07-13,36.43,42.01,15.49,1021.4,10.14,23.48,2.42,3.58
2019-07-14,31.71,71.13,48.56,1020.85,13.3,20.36,4.77,6.4
2019-07-15,34.64,47.28,5.89,1003.73,13.97,24.5,4.77,1.15
2019-07-16,17.45,99.81,47.91,989.87,4.55,6.86,1.93,0.15
2019-07-17,14.77,41.08,4.55,1015.91,54.13,12.96,4.99,6.58
2019-07-18,10.51,42.33,11.55,989.62,79.4,12.98,8.26,14.97
2019-07-19,22.27,94.45,2.33,992.02,61.04,13.24,3.7,0.32
2019-07-20,30.65,21.97,35.26,990.5,57.5,17.56,4.89,11.12
2019-07-21,23.73,75.74,42.51,1003.17,68.06,12.08,9.65,1.78
2019-07-22,25.31,78.03,21.7,994.48,33.96,16.11,1.29,11.35
2019-07-23,41.65,86.91,46.43,986.94,36.2,14.19,6.32,4.19
2019-07-24,22.19,97.96,29.51,1000.39,31.43,23.38,7.69,8.84
2019-07-25,27.99,98.05,31.5,1019.33,71.21,20.09,7.85,6.16
2019-07-26,37.43,25.22,42.27,1005.67,16.16,21.34,7.44,0.11
2019-07-27,23.88,85.75,14.84,1019.53,1.3,10.26,7.54,0.27
2019-07-28,31.77,71.7,17.71,988.81,59.62,13.14,1.53,2.98
2019-07-29,40.18,71.79,45.3,987.51,94.24,5.53,5.81,0.56
2019-07-30,43.23,30.27,45.05,1005.9,60.94,7.71,8.05,2.47
2019-07-31,15.15,72.01,48.82,1000.85,78.29,11.63,1.85,12.37
2019-08-01,42.43,98.6,45.09,1009.71,67.28,6.64,1.11,1.4
2019-08-02,27.22,92.95,6.37,1015.76,49.74,20.07,8.33,2.68
2019-08-03,19.04,55.13,41.19,1013.81,71.84,29.95,7.41,1.94
2019-08-04,26.07,23.2,20.49,1022.4,82.41,7.52,4.71,3.98
2019-08-05,44.3,48.98,49.54,997.92,22.47,25.53,9.46,0.86
2019-08-06,27.24,86.11,23.61,989.29,33.61,7.97,7.9,1.2
2019-08-07,21.51,76.12,27.69,1004.79,22.37,21.75,9.71,7.83
2019-08-08,32.17,56.75,26.49,984.98,45.22,21.08,9.36,6.67
2019-08-09,18.41,24.41,16.09,993.0,88.51,27.57,5.33,6.23
2019-08-10,12.66,54.15,3.75,989.35,34.52,7.85,7.79,5.89
2019-08-11,14.51,57.52,44.78,997.85,37.45,12.89,7.02,2.46
2019-08-12,14.48,94.28,40.13,985.0,86.04,7.27,8.3,5.22
2019-08-13,15.32,71.29,6.98,981.43,51.54,15.18,8.09,1.96
2019-08-14,14.86,44.93,38.84,1009.56,53.54,27.79,2.38,0.42
2019-08-15,32.43,62.03,31.29,1007.46,86.08,24.54,3.1,2.0
2019-08-16,16.37,25.28,20.46,1011.88,49.05,23.07,3.39,0.69
2019-08-17,22.1,97.81,12.7,1009.72,68.16,18.33,8.37,1.98
2019-08-18,41.39,48.8,42.99,985.14,8.56,27.09,8.3,1.41
2019-08-19,26.59,58.23,35.01,993.1,17.86,16.24,5.46,3.66
2019-08-20,33.36,48.42,27.39,985.83,40.44,8.74,6.23,1.79
2019-08-21,16.03,74.6,30.48,1017.93,49.48,25.94,8.44,4.89
2019-08-22,16.73,72.98,4.55,1013.61,96.57,11.99,3.81,2.87
2019-08-23,11.43,77.23,23.7,989.07,97.07,6.34,1.45,10.08
2019-08-24,15.91,41.45,9.69,995.36,85.12,8.15,5.34,0.38
2019-08-25,19.75,45.25,10.42,1023.5,31.56,20.23,9.22,4.66
2019-08-26,16.2,30.02,33.07,1006.74,96.4,20.18,8.11,4.46
2019-08-27,13.1,72.44,45.56,1016.05,68.93,11.5,4.3,12.03
2019-08-28,14.22,23.18,20.19,991.91,39.29,23.18,1.58,1.86
2019-08-29,26.13,67.81,10.39,989.45,70.17,24.34,6.73,1.46
2019-08-30,17.22,89.58,32.44,1015.28,1.65,28.01,8.51,0.76
2019-08-31,22.75,91.27,43.56,1010.86,14.62,19.62,6.98,1.23
2019-09-01,27.62,55.92,37.42,1010.64,82.97,24.49,4.83,2.79
2019-09-02,34.16,56.74,43.44,1004.87,64.56,23.83,2.11,7.27
2019-09-03,11.38,26.16,26.83,1005.36,36.42,11.45,9.2,1.34
2019-09-04,37.98,73.66,37.59,1013.11,50.07,12.76,3.48,0.69
2019-09-05,31.98,85.7,7.0,992.15,90.51,16.96,3.02,1.27
2019-09-06,12.86,39.57,17.41,995.87,63.16,5.48,8.34,0.43
2019-09-07,40.58,53.7,19.48,1019.22,39.81,12.43,9.83,10.45
2019-09-08,42.23,87.11,25.56,993.9,12.03,16.85,6.94,8.24
2019-09-09,12.14,90.17,46.45,1004.58,29.37,7.7,6.62,1.48
2019-09-10,19.69,39.45,43.71,1011.62,97.83,8.16,3.87,1.13
2019-09-11,38.22,64.05,6.73,1025.0,43.74,16.58,1.18,9.43
2019-09-12,36.19,35.4,8.64,999.59,47.18,23.27,2.73,0.01
2019-09-13,16.46,28.15,17.88,999.26,49.86,25.84,6.26,3.67
2019-09-14,17.33,92.89,14.54,1017.92,88.41,18.66,2.36,9.91
2019-09-15,22.97,85.64,30.74,1016.25,60.39,16.87,8.95,2.84
2019-09-16,26.96,80.8,45.14,1012.9,69.37,14.61,2.69,0.01
2019-09-17,31.64,23.9,48.11,1000.85,38.94,9.82,5.7,0.99
2019-09-18,22.91,87.5,32.68,994.58,2.91,8.66,5.61,10.23
2019-09-19,26.19,55.04,41.91,1007.39,93.1,24.8,6.44,0.07
2019-09-20,36.16,47.39,26.26,1019.43,94.91,16.63,3.95,2.01
2019-09-21,11.28,63.72,10.42,1019.77,94.92,24.76,8.86,6.24
2019-09-22,18.84,27.31,26.23,984.88,94.37,22.6,5.0,7.28
2019-09-23,34.97,80.53,27.75,999.28,81.52,9.85,7.3,2.6
2019-09-24,41.33,66.59,37.12,1000.91,68.46,17.76,6.72,1.06
2019-09-25,27.91,34.93,10.99,1023.99,84.45,16.1,2.05,3.66
2019-09-26,28.62,35.06,18.42,1010.51,60.05,15.6,6.6,1.22
2019-09-27,13.75,34.74,18.2,998.33,13.44,18.56,5.96,1.18
2019-09-28,25.66,24.56,47.97,981.17,39.12,29.55,9.09,6.59
2019-09-29,28.64,67.02,22.2,1005.44,97.13,25.32,8.93,0.67
2019-09-30,18.49,87.23,37.75,984.32,35.11,27.59,2.36,0.02
2019-10-01,19.42,21.4,37.54,1017.55,86.78,5.74,1.74,1.64
2019-10-02,23.2,23.92,13.28,1013.86,9.32,8.51,3.65,2.7
2019-10-03,10.7,65.82,28.59,1000.72,33.42,7.12,9.88,4.88
2019-10-04,21.27,85.56,44.72,999.31,35.1,11.58,1.19,6.08
2019-10-05,17.4,46.14,23.76,1020.38,5.16,16.05,7.06,4.36
2019-10-06,21.46,47.97,47.26,992.98,11.91,21.05,6.48,3.94
2019-10-07,14.19,67.71,10.72,991.21,19.32,17.52,6.82,4.38
2019-10-08,41.17,41.94,3.71,1022.26,83.78,27.58,2.96,1.27
2019-10-09,30.78,22.13,44.57,1016.42,6.34,28.5,3.04,1.93
2019-10-10,33.77,78.82,42.38,1016.93,29.87,9.09,4.88,3.83
2019-10-11,37.62,70.05,49.63,988.78,1.02,26.32,1.86,0.27
2019-10-12,27.45,66.46,33.97,986.45,69.56,17.04,1.67,1.4
2019-10-13,13.04,79.33,46.83,981.17,62.03,16.33,1.8,2.09
2019-10-14,28.8,74.02,41.35,990.67,64.5,24.62,6.16,3.05
2019-10-15,30.54,36.47,42.22,1014.84,37.44,7.33,4.58,2.67
2019-10-16,36.09,48.2,28.46,990.8,20.83,27.06,3.64,5.07
2019-10-17,25.11,30.09,19.12,1012.81,72.03,21.77,3.84,2.57
2019-10-18,14.47,30.39,46.73,991.34,81.11,26.88,2.87,9.38
2019-10-19,19.93,74.1,21.61,997.79,13.86,29.86,4.7,1.91
2019-10-20,22.71,88.69,26.94,1024.24,48.68,17.95,2.83,2.98
2019-10-21,32.61,97.02,22.31,991.02,24.87,7.33,7.28,0.01
2019-10-22,29.98,70.27,28.24,996.94,16.81,9.16,2.12,1.49
2019-10-23,22.46,34.73,23.53,993.55,73.43,13.09,9.53,8.06
2019-10-24,44.53,28.45,2.4,984.93,53.81,7.59,1.81,1.62
2019-10-25,31.2,85.03,44.1,1002.05,21.62,25.38,9.49,1.17
2019-10-26,18.3,66.3,22.22,997.04,31.0,12.42,8.5,3.14
2019-10-27,13.56,69.46,29.45,1011.27,96.67,29.4,7.13,0.33
2019-10-28,15.35,82.52,6.96,1016.79,84.87,22.56,9.21,3.03
2019-10-29,18.61,76.26,0.17,1004.49,87.99,9.34,2.25,1.45
2019-10-30,15.62,86.76,12.26,981.45,46.0,16.9,2.59,1.93
2019-10-31,16.53,24.5,35.23,1007.85,62.38,16.67,3.27,6.27
2019-11-01,19.98,79.8,4.96,982.49,37.68,17.31,3.2,4.34
2019-11-02,16.07,88.07,45.44,1007.74,7.77,18.39,3.8,2.36
2019-11-03,41.39,42.89,10.75,1010.83,40.11,5.78,6.18,3.45
2019-11-04,12.81,71.24,10.23,988.9,59.4,22.16,1.25,5.82
2019-11-05,28.36,45.13,9.08,1016.87,28.71,17.18,4.44,5.48
2019-11-06,24.36,96.64,0.7,1021.0,84.8,24.77,3.22,0.82
2019-11-07,44.38,22.67,38.59,1016.59,15.11,25.38,6.46,1.43
2019-11-08,13.92,66.38,43.75,993.73,36.71,10.76,9.87,1.71
2019-11-09,23.92,33.32,30.71,1006.4,12.49,6.21,5.66,0.83
2019-11-10,43.93,76.98,9.41,1021.17,40.48,22.58,4.83,0.05
2019-11-11,40.29,34.07,14.26,994.43,3.97,29.44,4.31,0.76
2019-11-12,38.6,38.83,23.8,1016.9,27.25,16.17,8.06,6.61
2019-11-13,19.03,59.55,47.72,980.43,40.07,11.49,1.65,3.16
2019-11-14,15.98,93.19,12.37,980.16,47.82,8.92,9.64,1.67
2019-11-15,33.4,36.94,36.58,1014.19,54.37,12.19,4.76,3.75
2019-11-16,42.53,31.54,21.97,1014.27,27.5,13.2,3.82,5.39
2019-11-17,29.49,80.72,14.89,1015.5,52.3,15.6,9.77,1.75
2019-11-18,30.01,60.05,22.8,1021.85,50.9,21.39,9.42,2.51
2019-11-19,19.8,92.94,3.56,985.31,31.62,11.83,6.78,0.27
2019-11-20,36.93,31.73,39.93,990.44,83.02,6.27,1.17,3.64
2019-11-21,16.55,71.67,12.17,1020.67,54.56,14.33,7.74,1.76
2019-11-22,21.33,38.63,36.27,987.98,33.23,26.39,4.02,2.27
2019-11-23,24.89,32.54,3.42,1010.7,94.73,17.46,4.49,2.2
2019-11-24,27.77,74.67,47.75,1003.87,84.51,29.12,2.43,4.0
2019-11-25,18.48,67.49,9.65,983.74,98.26,17.59,5.71,3.4
2019-11-26,14.02,80.39,44.14,992.84,69.22,11.9,7.7,2.19
2019-11-27,31.37,44.76,40.47,1003.42,37.82,9.83,3.46,0.07
2019-11-28,20.1,55.84,48.39,1018.36,28.09,22.36,9.45,3.88
2019-11-29,30.34,52.44,23.89,1011.84,66.33,18.41,2.75,8.47
2019-11-30,15.4,98.73,36.37,1007.98,98.08,20.1,1.6,5.87
2019-12-01,26.84,43.38,18.54,1002.32,62.67,23.88,6.8,15.99
2019-12-02,28.64,43.59,9.22,993.44,88.16,23.15,8.64,0.6
2019-12-03,11.81,48.36,22.15,985.37,32.91,6.08,9.58,1.01
2019-12-04,21.78,65.17,8.29,998.41,40.7,25.06,7.9,3.1
2019-12-05,14.7,40.19,49.1,981.28,90.63,18.32,2.8,1.08
2019-12-06,12.22,93.22,4.81,989.5,75.69,14.79,9.8,0.14
2019-12-07,44.65,41.25,29.46,999.46,98.14,18.44,9.27,2.06
2019-12-08,21.28,91.67,31.32,998.84,77.48,20.31,2.47,1.36
2019-12-09,38.35,28.28,26.9,981.99,44.85,8.74,6.03,1.22
2019-12-10,18.91,72.53,33.11,1006.51,53.11,15.44,6.0,12.25
2019-12-11,33.85,92.56,5.81,1004.74,90.05,13.39,4.98,1.09
2019-12-12,36.61,33.5,27.75,983.51,55.16,13.76,9.86,0.55
2019-12-13,30.85,97.47,14.36,1022.44,25.54,7.28,1.54,0.54
2019-12-14,26.51,56.23,47.01,984.47,43.56,9.0,6.64,6.57
2019-12-15,24.41,95.66,38.1,1018.47,51.63,9.05,2.85,5.02
2019-12-16,22.21,74.15,48.63,980.01,9.67,14.33,5.75,0.55
2019-12-17,42.53,44.13,1.88,1019.7,74.38,27.36,8.02,0.99
2019-12-18,39.07,35.06,14.26,980.89,10.94,10.15,3.22,5.5
2019-12-19,43.78,44.3,9.77,1014.1,40.49,15.4,4.54,1.28
2019-12-20,14.35,27.44,0.56,996.28,80.46,12.79,9.56,15.97
2019-12-21,35.58,31.51,12.12,1013.22,46.76,24.68,7.85,3.11
2019-12-22,42.84,28.37,33.94,998.08,84.2,6.25,6.15,0.85
2019-12-23,16.34,53.84,11.55,983.19,34.19,9.91,3.0,7.83
2019-12-24,12.33,83.65,25.45,1014.54,95.76,10.27,4.83,1.54
2019-12-25,35.94,31.31,44.39,983.21,20.95,29.82,7.97,1.36
2019-12-26,30.11,30.43,34.69,1021.5,3.83,19.27,8.38,1.59
2019-12-27,39.46,71.47,19.73,982.29,87.24,8.47,3.2,5.85
2019-12-28,14.89,35.77,18.62,1001.57,75.22,11.8,6.96,0.76
2019-12-29,37.83,27.81,22.79,1012.54,23.2,9.2,1.86,1.92
2019-12-30,17.06,33.35,8.85,997.7,98.47,8.12,1.21,0.13
2019-12-31,15.73,93.9,31.7,989.78,50.23,24.93,5.94,7.01
2020-01-01,15.75,85.72,18.21,1014.16,95.11,17.39,3.02,1.67
2020-01-02,38.51,48.33,42.62,1015.29,50.5,20.78,1.71,1.14
2020-01-03,33.28,72.47,37.83,1021.52,47.19,13.28,7.57,3.47
2020-01-04,28.31,62.98,30.53,996.93,44.91,18.84,5.48,4.88
2020-01-05,22.56,74.17,18.21,1002.78,33.49,11.44,8.17,6.7
2020-01-06,40.7,74.61,10.5,996.34,53.37,12.7,6.98,1.71
2020-01-07,23.74,70.3,38.81,991.57,45.26,21.31,7.57,6.69
2020-01-08,38.58,41.29,24.32,1013.8,3.67,8.76,3.77,2.5
2020-01-09,25.37,23.12,11.24,995.28,26.04,20.43,3.37,0.43
2020-01-10,23.19,56.45,9.76,999.27,21.31,26.31,6.41,7.49
2020-01-11,26.19,91.28,8.27,998.17,86.74,8.01,2.8,3.17
2020-01-12,20.55,65.56,38.86,1012.07,59.89,27.44,8.34,3.69
2020-01-13,36.17,86.59,11.45,1021.3,76.37,6.99,5.71,11.09
2020-01-14,27.6,99.33,26.33,1010.0,95.68,13.72,3.04,3.28
2020-01-15,18.13,33.09,22.58,1001.22,64.4,20.26,6.63,0.02
2020-01-16,41.49,75.34,28.98,1015.06,98.26,18.99,9.51,8.18
2020-01-17,23.44,73.94,43.86,1008.84,31.18,7.41,1.74,1.34
2020-01-18,29.02,98.4,43.39,982.73,18.63,24.97,1.98,2.79
2020-01-19,41.73,98.85,22.55,984.3,40.33,29.33,8.59,0.92
2020-01-20,31.85,74.93,0.77,981.71,47.08,9.53,1.99,1.41
2020-01-21,14.09,39.49,21.32,1000.56,89.54,27.38,1.35,4.64
2020-01-22,42.89,83.88,30.31,1017.16,55.99,18.92,4.13,2.25
2020-01-23,31.97,28.56,27.89,994.09,29.22,28.4,5.2,3.95
2020-01-24,21.72,82.46,32.57,997.29,74.26,9.4,6.12,6.94
2020-01-25,14.87,92.82,7.7,1020.93,50.58,24.8,5.57,1.67
2020-01-26,37.79,50.63,32.33,1017.66,16.21,6.49,9.22,3.36
2020-01-27,31.7,70.45,9.13,1009.93,57.68,27.08,7.92,6.01
2020-01-28,28.67,54.41,37.53,992.01,91.14,21.85,9.85,5.02
2020-01-29,41.29,55.02,16.95,985.27,84.26,14.26,5.29,3.1
2020-01-30,37.6,44.83,35.49,980.72,58.68,9.76,1.76,1.93
2020-01-31,15.31,80.97,2.39,984.82,37.71,25.41,9.6,2.09
2020-02-01,20.91,94.89,20.39,993.17,8.7,20.08,1.04,2.27
2020-02-02,18.7,95.26,35.25,1004.83,46.96,14.01,7.98,1.72
2020-02-03,36.04,33.98,11.34,982.88,75.21,16.1,1.28,4.8
2020-02-04,11.17,89.98,39.76,986.13,36.03,25.66,7.85,0.54
2020-02-05,29.95,78.99,31.54,988.15,23.54,13.47,9.44,13.7
2020-02-06,36.69,40.23,29.38,1008.44,93.14,7.24,4.5,6.04
2020-02-07,40.69,25.38,17.68,1007.71,82.16,27.78,3.17,1.42
2020-02-08,21.97,41.44,24.12,1004.78,63.83,14.68,3.04,0.17
2020-02-09,38.74,92.98,29.87,991.27,13.68,13.71,5.43,4.97
2020-02-10,13.87,70.65,23.62,996.7,14.49,10.11,2.54,5.3
2020-02-11,39.63,77.68,34.92,984.35,10.32,27.44,7.06,13.26
2020-02-12,14.46,40.57,21.68,990.19,61.63,10.44,4.32,1.17
2020-02-13,23.91,77.55,10.11,1020.4,11.56,20.92,3.91,0.35
2020-02-14,37.91,22.25,10.7,1024.09,84.26,27.02,5.15,9.87
2020-02-15,15.25,50.03,0.29,1009.14,99.3,5.87,5.88,1.2
2020-02-16,18.02,70.14,15.05,1021.26,36.63,25.72,2.28,5.11
2020-02-17,35.28,31.69,37.45,1008.92,45.37,15.26,7.37,0.25
2020-02-18,35.2,85.84,39.71,981.49,71.17,21.45,8.95,5.72
2020-02-19,32.44,38.8,10.12,1024.85,93.72,14.31,3.5,0.54
2020-02-20,34.29,72.18,47.95,984.45,89.41,22.39,2.62,4.76
2020-02-21,29.0,52.42,25.12,1010.72,5.76,11.36,7.84,3.04
2020-02-22,18.81,67.68,45.85,991.38,16.91,5.55,2.65,12.45
2020-02-23,22.1,28.6,35.34,997.64,75.46,28.69,1.37,0.15
2020-02-24,16.36,21.35,36.12,1009.07,68.89,5.41,6.57,1.38
2020-02-25,41.8,92.77,4.25,999.64,13.32,25.6,3.16,0.29
2020-02-26,30.42,41.57,11.0,991.27,50.21,9.23,2.55,8.45
2020-02-27,24.03,85.57,0.44,995.05,78.08,14.81,9.83,3.6
2020-02-28,26.17,99.95,35.81,995.37,21.88,25.56,3.63,3.06
2020-02-29,43.15,36.91,17.22,1023.17,87.13,10.15,9.13,0.56
2020-03-01,15.37,41.21,39.33,1015.94,5.3,26.64,2.6,2.69
2020-03-02,30.52,73.03,16.95,1000.63,78.22,17.44,8.37,2.03
2020-03-03,27.71,97.24,40.97,988.99,61.58,14.15,5.52,1.52
2020-03-04,31.4,93.27,6.53,1016.5,31.52,21.56,1.71,5.92
2020-03-05,10.63,60.23,8.67,987.07,72.09,13.53,7.6,0.25
2020-03-06,40.52,83.61,17.04,989.47,78.24,13.68,9.03,4.16
2020-03-07,42.62,30.86,20.42,996.47,93.39,23.34,2.47,6.93
2020-03-08,29.78,98.2,17.44,1019.62,36.78,12.75,7.53,9.51
2020-03-09,34.38,97.15,38.18,985.93,68.6,10.02,5.01,5.48
2020-03-10,42.29,33.1,4.85,985.5,60.26,25.19,7.78,1.33
2020-03-11,34.75,43.95,17.56,1002.23,52.52,25.13,7.43,3.67
2020-03-12,15.34,28.01,41.86,992.44,89.04,17.44,1.24,0.61
2020-03-13,30.17,41.74,3.34,1005.59,0.32,18.17,2.61,0.5
2020-03-14,31.24,85.28,47.12,1000.32,28.21,22.4,5.24,4.07
2020-03-15,24.84,50.27,49.32,999.57,53.83,17.73,9.4,7.62
2020-03-16,35.78,27.07,4.43,985.04,17.83,15.43,4.08,0.28
2020-03-17,42.7,47.38,14.56,986.35,90.79,29.87,6.66,0.45
2020-03-18,42.39,98.51,18.62,1016.95,64.76,8.69,1.11,3.34
2020-03-19,25.78,70.37,38.82,1019.86,47.79,19.82,7.4,0.98
2020-03-20,13.96,53.29,29.8,990.56,81.47,27.15,6.43,3.79
2020-03-21,44.47,33.32,32.22,985.11,45.09,22.18,7.44,0.97
2020-03-22,39.36,98.89,37.88,982.4,55.87,27.02,9.14,0.5
2020-03-23,14.36,85.67,5.9,1007.37,0.28,13.41,2.32,3.15
2020-03-24,42.23,42.52,41.66,1012.19,36.57,11.8,3.35,7.93
2020-03-25,40.45,25.61,35.28,996.78,13.88,26.28,9.96,4.62
2020-03-26,28.16,24.53,28.87,1010.59,68.97,14.85,2.41,6.83
2020-03-27,30.69,29.63,44.49,1012.08,47.9,22.74,7.49,1.24
2020-03-28,23.97,66.46,35.02,1022.09,30.18,8.69,7.53,8.69
2020-03-29,11.92,94.3,10.08,982.92,46.78,23.9,7.15,1.89
2020-03-30,21.73,59.74,21.49,988.65,20.96,18.72,3.05,7.65
2020-03-31,38.1,87.44,24.7,983.08,92.51,11.72,2.94,2.55
2020-04-01,10.16,55.67,2.76,1019.06,5.4,17.36,7.0,1.25
2020-04-02,21.67,76.69,47.73,1015.67,86.54,22.42,2.68,1.21
2020-04-03,23.94,78.55,6.43,1005.86,51.14,5.3,6.95,3.35
2020-04-04,28.81,33.92,34.87,983.76,61.89,20.94,5.43,0.33
2020-04-05,42.19,48.9,25.31,992.3,30.26,18.54,4.48,10.64
2020-04-06,22.12,70.98,1.28,993.4,96.67,10.51,3.7,1.27
2020-04-07,22.14,25.66,46.24,1005.23,28.19,23.82,9.53,1.64
2020-04-08,35.81,48.92,42.59,991.61,58.89,12.59,5.57,1.06
2020-04-09,25.83,62.78,26.21,983.28,99.34,11.92,6.05,0.01
2020-04-10,17.86,99.7,11.45,1012.88,88.11,16.78,9.54,4.72
2020-04-11,25.84,57.96,6.08,993.46,53.63,21.9,6.88,3.57
2020-04-12,14.93,85.28,18.17,1000.36,99.04,28.22,9.62,6.64
2020-04-13,16.17,54.57,12.77,985.74,70.14,8.53,1.96,0.17
2020-04-14,27.44,83.71,25.33,1016.11,20.87,14.91,8.62,10.56
2020-04-15,24.66,67.63,48.32,1005.45,40.56,6.67,4.02,1.61
2020-04-16,42.02,90.93,28.75,1020.57,33.45,23.96,8.29,9.77
2020-04-17,22.68,52.88,44.5,1002.3,34.4,16.19,8.7,0.45
2020-04-18,30.32,68.34,32.54,1022.36,76.05,22.67,3.44,5.45
2020-04-19,32.13,70.4,23.76,1020.13,58.43,13.05,4.68,3.46
2020-04-20,10.46,53.39,42.73,1005.94,3.81,26.11,7.53,1.77
2020-04-21,33.22,31.54,23.57,1022.03,87.74,18.37,1.89,0.33
2020-04-22,16.23,27.48,43.43,994.54,29.68,28.59,7.8,3.71
2020-04-23,43.64,21.33,14.58,996.45,99.71,6.97,1.99,0.11
2020-04-24,15.2,89.88,6.44,982.05,95.42,17.86,9.23,2.78
2020-04-25,24.51,38.92,42.77,1006.51,94.05,24.16,3.49,3.71
2020-04-26,12.99,36.92,29.37,1012.49,81.11,20.0,6.18,5.27
2020-04-27,44.89,78.88,44.45,1014.81,22.06,5.58,2.05,18.99
2020-04-28,27.58,45.6,46.89,986.74,53.26,29.31,3.43,1.2
2020-04-29,30.84,60.48,2.68,999.99,22.43,12.46,4.64,1.56
2020-04-30,12.35,33.0,25.05,987.96,25.97,11.23,5.38,1.67
2020-05-01,36.25,96.78,18.75,1009.8,61.1,17.14,1.0,5.26
2020-05-02,17.35,88.13,31.29,987.11,4.08,18.55,9.0,10.74
2020-05-03,41.43,89.1,39.68,1020.69,96.95,24.16,1.07,14.65
2020-05-04,17.18,52.54,14.03,990.38,91.87,14.83,7.96,11.66
2020-05-05,16.67,80.99,27.84,993.11,38.08,16.0,5.24,8.46
2020-05-06,11.28,31.51,35.44,1018.29,51.54,18.37,5.71,18.83
2020-05-07,26.52,20.69,6.72,1000.63,46.61,14.86,2.87,1.89
2020-05-08,29.77,21.6,40.7,981.08,88.22,27.86,6.47,11.85
2020-05-09,12.3,66.93,30.31,1002.26,68.86,26.28,5.84,5.73
2020-05-10,37.14,56.43,47.48,983.8,27.81,16.37,2.48,0.74
2020-05-11,25.87,61.44,16.98,1024.34,44.68,5.0,3.14,0.19
2020-05-12,28.35,20.6,5.41,1006.47,42.9,27.52,1.6,0.97
2020-05-13,25.43,53.81,25.33,991.54,95.93,8.11,1.6,6.03
2020-05-14,24.03,77.45,4.29,1005.37,17.53,11.11,1.12,4.0
2020-05-15,29.59,55.42,48.48,983.46,8.96,8.81,2.98,1.02
2020-05-16,15.43,78.58,1.93,1016.0,88.06,9.5,7.12,5.42
2020-05-17,16.37,38.64,37.68,1021.64,89.67,25.07,3.85,0.61
2020-05-18,40.16,85.05,26.26,1019.35,87.17,19.49,4.08,6.9
2020-05-19,43.11,67.07,18.43,995.38,51.1,28.9,2.19,6.32
2020-05-20,23.07,36.86,3.29,994.66,65.97,10.79,6.18,14.39
2020-05-21,19.48,38.94,31.11,981.58,56.34,17.14,4.08,0.65
2020-05-22,32.54,70.24,29.26,1009.31,6.94,29.44,7.09,9.48
2020-05-23,24.31,86.4,14.04,1004.07,59.58,25.66,7.67,1.67
2020-05-24,10.89,53.25,45.51,1000.67,1.36,23.22,6.26,2.15
2020-05-25,15.47,40.66,15.21,1020.84,32.5,9.72,3.48,2.53
2020-05-26,35.06,89.36,22.49,987.55,93.23,24.24,5.58,3.94
2020-05-27,33.06,73.54,27.19,980.43,30.4,13.69,3.27,21.01
2020-05-28,10.95,55.85,5.01,983.3,93.98,18.26,9.13,3.66
2020-05-29,17.77,59.03,46.61,990.05,25.01,20.23,7.9,10.45
2020-05-30,18.09,36.34,18.73,981.5,31.46,20.23,5.44,1.18
2020-05-31,33.52,70.14,4.04,1002.63,62.84,23.16,9.69,2.03
2020-06-01,10.69,48.7,19.36,994.13,76.16,21.54,5.92,2.81
2020-06-02,13.64,99.65,30.01,988.12,50.14,6.71,3.96,1.56
2020-06-03,38.0,58.41,25.68,1013.75,88.21,16.43,1.86,15.07
2020-06-04,16.25,58.87,34.73,989.2,4.02,21.6,5.89,5.17
2020-06-05,32.85,65.27,2.77,1010.94,92.22,12.4,8.74,2.61
2020-06-06,18.34,93.34,14.23,995.72,19.63,12.83,8.8,5.57
2020-06-07,13.48,84.07,40.96,1003.03,88.42,8.11,6.44,2.52
2020-06-08,18.51,56.09,3.99,1022.02,40.09,15.47,4.54,0.07
2020-06-09,35.28,77.5,42.77,981.68,83.28,29.67,6.85,3.13
2020-06-10,39.95,66.9,4.59,1002.51,67.17,12.13,7.86,3.93
2020-06-11,39.06,59.39,41.72,1018.45,17.59,18.29,4.7,15.9
2020-06-12,23.9,35.39,18.04,1006.46,91.8,23.58,5.29,0.17
2020-06-13,33.38,57.11,30.61,992.46,24.55,5.34,7.13,2.87
2020-06-14,17.17,39.67,7.64,997.9,24.41,27.51,8.89,0.41
2020-06-15,20.26,93.19,3.31,1010.61,81.42,14.66,8.12,0.65
2020-06-16,41.37,46.83,10.8,1020.09,10.59,26.73,1.2,3.77
2020-06-17,10.46,96.18,6.39,981.85,22.2,5.97,2.12,1.05
2020-06-18,12.99,62.64,15.62,983.22,50.37,8.64,8.68,5.53
2020-06-19,17.28,70.52,25.72,994.63,83.05,13.06,8.5,2.89
2020-06-20,10.93,63.44,29.44,990.48,14.75,13.64,4.5,0.98
2020-06-21,16.35,30.35,39.49,991.92,54.77,26.19,6.26,2.72
2020-06-22,30.41,50.07,32.81,989.96,71.12,5.28,9.15,0.0
2020-06-23,24.75,27.93,30.44,988.81,86.06,21.03,9.2,7.94
2020-06-24,41.24,69.84,20.59,985.88,93.56,8.28,8.05,0.05
2020-06-25,38.61,55.75,23.69,1022.03,78.46,25.58,2.89,0.03
2020-06-26,21.96,82.24,20.73,986.49,65.28,24.46,7.57,3.78
2020-06-27,19.08,37.64,42.11,989.2,43.36,17.5,1.91,14.53
2020-06-28,23.29,33.17,11.5,991.08,11.21,10.32,9.05,7.75
2020-06-29,30.66,52.51,0.29,1021.99,70.97,20.86,2.34,1.16
2020-06-30,19.38,94.13,32.57,1014.01,99.27,8.91,6.96,0.88
2020-07-01,31.85,76.83,10.12,1015.54,73.68,9.75,6.49,3.94
2020-07-02,24.33,53.51,44.51,984.71,1.67,20.67,7.99,6.92
2020-07-03,29.32,61.38,42.95,1017.63,49.63,29.78,5.96,1.8
2020-07-04,25.26,26.74,3.84,998.37,61.46,27.28,1.54,2.27
2020-07-05,20.31,98.77,5.32,991.83,68.97,19.83,7.35,0.49
2020-07-06,43.2,73.31,24.76,1005.91,71.97,18.46,4.45,0.66
2020-07-07,36.73,42.83,30.46,1017.0,55.81,29.96,3.88,3.36
2020-07-08,14.9,66.86,13.75,1015.04,22.34,18.68,9.93,0.43
2020-07-09,40.4,28.76,35.84,1020.05,94.22,15.5,6.31,0.9
2020-07-10,27.06,97.27,29.75,1021.77,69.67,27.74,7.4,1.07
2020-07-11,41.31,33.98,16.24,990.72,23.68,10.85,5.74,2.35
2020-07-12,37.99,71.84,1.27,999.07,32.23,7.44,7.93,0.19
2020-07-13,24.88,39.64,37.51,980.66,92.19,20.85,7.77,2.77
2020-07-14,10.79,77.4,10.74,1019.57,88.75,7.4,6.91,10.56
2020-07-15,19.4,82.15,41.72,986.96,40.51,14.33,9.98,0.1
2020-07-16,28.96,73.87,21.01,1018.77,3.83,15.59,5.14,3.99
2020-07-17,32.17,69.16,28.85,994.82,4.85,18.69,7.36,7.23
2020-07-18,19.03,91.4,43.65,996.57,28.39,29.79,8.18,1.5
2020-07-19,14.88,26.29,43.18,981.76,62.91,10.52,4.38,0.56
2020-07-20,39.22,46.47,18.58,994.71,58.42,14.39,5.11,0.18
2020-07-21,44.45,39.86,10.44,1019.98,63.38,8.31,9.72,4.13
2020-07-22,28.4,99.04,38.76,981.15,71.73,20.19,1.29,3.21
2020-07-23,16.01,51.15,21.65,998.28,1.9,23.19,4.02,1.04
2020-07-24,19.53,78.61,9.6,981.41,10.51,17.05,5.38,7.13
2020-07-25,10.64,74.78,45.22,996.69,35.95,11.15,1.01,5.32
2020-07-26,42.0,36.97,9.91,987.77,15.49,20.52,9.09,1.29
2020-07-27,14.12,39.12,1.29,991.35,7.53,18.48,3.58,5.6
2020-07-28,30.18,42.5,1.01,1019.49,64.1,9.28,3.32,1.12
2020-07-29,19.59,52.89,31.12,999.62,81.53,15.14,8.38,4.5
2020-07-30,29.4,38.75,33.08,992.32,75.26,15.88,3.5,0.5
2020-07-31,32.8,21.57,15.55,1006.52,81.7,29.57,6.92,4.71
2020-08-01,39.04,90.35,16.0,986.39,66.59,26.23,8.39,1.09
2020-08-02,17.22,97.25,16.97,991.67,73.53,23.36,8.13,3.4
2020-08-03,10.38,47.33,34.01,1004.58,27.18,27.22,8.04,0.76
2020-08-04,14.79,47.08,2.91,990.69,99.3,23.39,1.8,5.18
2020-08-05,41.5,20.57,46.46,1010.56,18.32,27.59,1.72,0.25
2020-08-06,40.59,74.42,11.13,1002.12,21.45,6.36,3.76,0.72
2020-08-07,30.91,86.04,49.98,1014.74,28.89,16.4,1.32,0.81
2020-08-08,31.02,31.73,8.58,1022.67,97.53,23.67,5.5,0.17
2020-08-09,33.28,32.77,38.58,985.21,98.83,19.58,4.55,5.47
2020-08-10,16.14,83.21,11.17,995.06,79.49,9.38,6.01,15.84
2020-08-11,42.0,69.3,4.04,994.38,62.91,13.51,3.69,6.03
2020-08-12,24.66,23.59,43.75,986.8,52.01,12.94,5.37,7.88
2020-08-13,23.41,69.8,42.94,1016.46,97.06,11.53,4.01,0.02
2020-08-14,28.16,44.71,20.18,1014.19,69.56,13.58,2.76,0.5
2020-08-15,11.64,49.5,35.12,1001.8,94.47,17.87,6.84,3.28
2020-08-16,15.82,81.58,27.85,1004.2,31.66,26.37,7.06,15.24
2020-08-17,35.83,84.87,42.65,982.68,33.38,23.55,8.46,4.32
2020-08-18,12.9,52.03,15.75,1005.0,85.47,25.88,8.87,1.87
2020-08-19,31.11,95.77,26.18,1015.61,14.99,27.09,7.34,0.63
2020-08-20,18.59,52.52,24.27,1005.82,94.59,15.4,7.19,0.66
2020-08-21,23.63,81.75,17.7,991.94,50.75,13.65,1.51,1.8
2020-08-22,20.1,58.71,44.57,1010.04,92.64,6.44,1.99,5.0
2020-08-23,22.45,91.8,8.29,996.27,33.68,28.26,8.31,0.13
2020-08-24,35.17,92.62,7.48,1004.52,71.6,6.65,3.1,7.65
2020-08-25,20.4,26.99,28.85,1001.94,48.29,23.53,4.2,11.36
2020-08-26,29.82,94.92,32.87,997.15,62.68,14.45,2.31,8.79
2020-08-27,26.66,86.04,9.73,1012.35,50.44,28.72,2.76,9.77
2020-08-28,33.23,83.3,19.54,1019.77,96.71,15.49,7.98,0.06
2020-08-29,42.79,36.07,47.33,980.23,69.21,25.42,3.36,15.23
2020-08-30,35.64,84.41,12.33,1022.01,25.13,12.07,5.04,1.83
2020-08-31,17.52,88.01,33.42,1003.02,90.97,12.48,2.37,8.14
2020-09-01,11.09,43.13,37.01,1011.53,29.4,19.89,7.1,0.83
2020-09-02,19.18,96.18,22.41,1018.5,37.16,29.95,7.55,2.37
2020-09-03,30.83,23.99,46.88,1001.02,10.21,17.94,4.26,0.18
2020-09-04,11.8,31.99,36.83,1017.57,90.0,28.41,8.06,0.16
2020-09-05,27.37,63.01,22.9,987.99,28.61,24.66,3.16,11.48
2020-09-06,30.89,66.06,28.47,987.16,25.89,24.9,7.23,6.66
2020-09-07,21.7,71.61,34.63,1009.59,92.03,15.9,7.57,3.02
2020-09-08,36.98,21.36,29.61,1019.16,80.55,14.66,9.72,2.98
2020-09-09,13.73,96.83,43.93,1020.16,14.11,9.8,3.09,5.53
2020-09-10,12.63,23.57,17.84,1008.97,76.93,29.1,1.84,1.67
2020-09-11,35.49,31.44,14.99,1003.65,91.3,28.98,3.37,5.74
2020-09-12,27.34,21.12,10.69,994.91,7.85,23.68,2.11,2.65
2020-09-13,34.09,65.35,1.89,1024.1,82.52,12.41,2.53,4.06
2020-09-14,25.22,94.58,2.15,994.39,54.74,11.13,4.01,13.39
2020-09-15,18.62,73.28,43.5,1013.49,66.92,29.72,4.73,2.55
2020-09-16,38.67,85.81,33.92,1003.94,49.29,6.66,9.13,2.17
2020-09-17,37.98,21.06,33.03,1007.38,69.78,26.09,2.76,9.45
2020-09-18,34.31,63.36,30.73,997.71,3.41,13.89,9.75,9.31
2020-09-19,19.53,56.77,42.46,1023.42,76.27,15.47,8.29,19.53
2020-09-20,30.66,59.92,24.01,1005.73,3.33,25.8,8.93,3.2
2020-09-21,22.63,25.78,43.52,1022.2,45.53,7.27,9.36,1.69
2020-09-22,13.21,74.75,17.97,980.34,15.1,13.85,7.78,1.1
2020-09-23,42.11,60.26,46.34,1005.77,82.36,28.8,8.1,0.14
2020-09-24,14.79,81.21,34.93,1012.27,31.37,22.48,4.94,5.19
2020-09-25,43.26,58.82,12.86,1013.53,45.41,23.87,5.59,1.06
2020-09-26,25.61,31.95,28.2,1020.72,42.88,23.94,9.39,3.73
2020-09-27,16.48,71.86,26.65,980.2,77.25,6.51,4.4,9.94
2020-09-28,28.97,33.79,6.89,980.01,48.11,10.08,1.38,12.0
2020-09-29,40.55,89.79,29.56,1001.25,78.9,17.28,7.86,0.02
2020-09-30,35.63,69.05,15.74,981.32,7.35,14.2,6.16,1.53
2020-10-01,38.23,32.58,2.62,1023.85,19.16,15.27,8.33,7.27
2020-10-02,33.06,96.99,47.43,989.99,55.15,24.54,1.68,3.08
2020-10-03,34.23,61.47,32.07,1001.27,94.71,5.37,6.59,6.59
2020-10-04,39.72,25.83,43.85,982.75,7.48,21.51,3.23,7.68
2020-10-05,18.74,70.15,33.8,1003.49,4.31,5.0,9.13,2.34
2020-10-06,27.13,40.26,17.85,997.1,15.66,6.58,1.99,1.78
2020-10-07,17.74,84.3,25.63,982.01,64.12,15.21,8.59,2.43
2020-10-08,44.57,85.43,33.79,995.08,39.9,26.02,1.8,4.23
2020-10-09,43.04,98.32,48.01,997.61,82.56,8.62,1.23,1.83
2020-10-10,11.38,60.15,12.68,1024.55,7.19,18.87,3.12,5.97
2020-10-11,34.7,56.4,43.75,989.35,19.64,21.96,4.0,9.37
2020-10-12,42.38,80.28,46.2,1004.52,30.0,10.74,6.64,1.33
2020-10-13,16.32,30.6,33.52,1024.43,62.67,17.81,2.19,13.41
2020-10-14,29.88,63.75,46.56,1015.64,68.52,27.79,4.94,3.9
2020-10-15,42.04,63.7,19.89,1024.7,12.42,17.81,2.84,8.42
2020-10-16,11.19,27.16,47.65,1023.57,94.38,8.93,8.7,0.44
2020-10-17,34.41,53.44,35.14,1002.03,34.1,20.7,1.4,1.16
2020-10-18,20.41,88.26,2.1,1011.34,71.32,19.81,4.2,1.55
2020-10-19,42.35,88.49,45.34,984.97,52.42,5.67,6.68,1.44
2020-10-20,43.99,27.94,24.22,999.85,22.28,7.26,9.22,0.75
2020-10-21,43.05,27.26,23.02,1016.41,84.62,8.92,8.81,8.11
2020-10-22,26.6,41.02,28.32,1002.74,81.82,8.41,9.06,2.17
2020-10-23,40.17,89.98,7.47,1011.62,39.61,11.49,1.57,13.2
2020-10-24,39.56,30.31,23.46,1013.56,58.86,16.35,8.57,3.5
2020-10-25,21.17,77.6,41.56,991.41,25.78,14.29,8.02,0.6
2020-10-26,39.01,28.09,0.77,1019.41,68.99,27.27,9.12,3.16
2020-10-27,11.3,69.85,13.65,1000.69,30.9,20.3,3.8,20.17
2020-10-28,30.87,48.49,0.12,989.46,84.41,26.9,9.21,3.33
2020-10-29,18.05,83.11,20.79,1018.94,21.74,18.18,4.62,0.01
2020-10-30,14.22,38.7,36.42,998.8,1.48,7.25,6.71,10.82
2020-10-31,12.69,71.14,39.94,1013.76,26.85,16.58,4.82,1.07
2020-11-01,34.37,38.85,47.26,1004.66,19.11,25.55,4.85,4.67
2020-11-02,21.9,77.09,30.43,997.18,50.83,9.85,5.92,2.9
2020-11-03,35.37,89.89,12.73,1016.44,20.37,7.28,4.2,1.57
2020-11-04,12.29,30.14,46.21,1006.3,76.32,13.24,8.13,1.33
2020-11-05,21.04,89.33,38.77,997.58,24.14,14.72,6.7,10.57
2020-11-06,28.88,67.49,28.72,984.93,70.7,12.66,7.21,9.72
2020-11-07,37.68,30.17,34.78,1020.3,57.85,8.38,3.08,2.88
2020-11-08,21.16,54.2,46.22,981.6,98.62,11.27,9.73,1.2
2020-11-09,31.91,32.87,35.62,1018.84,99.99,22.06,6.94,0.43
2020-11-10,41.01,76.03,18.42,996.2,86.95,14.65,2.77,0.68
2020-11-11,31.56,80.71,35.65,1008.77,76.0,20.81,7.75,2.95
2020-11-12,18.15,28.46,2.01,1021.5,38.65,18.41,2.56,1.47
2020-11-13,10.85,60.49,19.32,986.83,75.33,18.73,1.57,0.17
2020-11-14,40.45,85.17,20.32,1005.51,95.67,11.21,5.75,2.43
2020-11-15,10.74,94.89,8.34,1014.4,2.34,18.04,5.98,5.48
2020-11-16,40.61,61.08,1.15,1014.09,53.79,5.59,2.7,8.89
2020-11-17,28.51,96.02,6.67,1003.65,21.8,15.79,4.14,3.52
2020-11-18,42.87,62.86,32.73,1008.11,55.79,19.32,9.51,5.14
2020-11-19,37.96,51.54,40.11,1014.09,46.64,9.55,3.57,1.81
2020-11-20,44.93,87.86,49.41,1017.85,57.58,11.41,2.4,2.74
2020-11-21,22.27,59.44,17.32,1014.28,55.1,10.49,9.93,5.23
2020-11-22,36.85,57.75,29.97,995.93,96.01,6.76,3.72,5.2
2020-11-23,24.07,59.22,46.86,1024.85,55.22,13.7,7.12,2.21
2020-11-24,26.8,87.74,8.35,999.55,84.62,29.47,3.08,3.14
2020-11-25,31.96,86.56,35.88,981.1,31.98,13.85,5.95,10.3
2020-11-26,40.58,52.28,37.75,996.32,43.81,16.51,4.48,4.0
2020-11-27,44.44,46.66,4.45,985.75,47.04,21.33,9.65,4.12
2020-11-28,36.89,59.35,43.06,985.46,27.87,21.21,4.9,6.14
2020-11-29,24.62,65.82,40.66,992.67,37.98,28.75,6.26,0.49
2020-11-30,24.75,39.07,1.67,982.4,59.85,26.44,9.5,2.96
2020-12-01,35.82,83.52,4.55,1010.98,58.02,24.85,9.9,12.82
2020-12-02,18.36,58.92,2.46,983.33,63.64,28.79,1.91,1.8
2020-12-03,13.87,46.72,16.74,989.15,35.18,10.77,8.51,1.4
2020-12-04,22.41,28.55,25.46,984.18,31.58,20.43,4.44,3.68
2020-12-05,20.05,39.11,26.62,982.84,61.16,27.18,6.35,1.0
2020-12-06,20.37,95.94,13.38,992.05,13.29,20.6,4.38,3.25
2020-12-07,18.18,44.41,45.58,1005.74,25.3,29.44,4.61,0.68
2020-12-08,11.47,33.51,18.41,1023.41,4.21,7.51,2.43,3.47
2020-12-09,10.63,56.85,2.28,1019.4,7.26,15.98,6.15,3.69
2020-12-10,44.57,44.57,15.01,1019.42,24.34,29.43,5.92,2.17
2020-12-11,24.97,22.81,26.56,987.92,1.95,14.49,2.7,1.93
2020-12-12,23.45,45.85,20.41,991.92,24.54,23.49,5.88,1.13
2020-12-13,33.79,63.53,13.69,983.44,65.5,5.76,9.76,1.61
2020-12-14,17.64,64.14,6.57,1015.03,6.11,22.37,7.43,2.76
2020-12-15,43.25,48.52,40.96,983.14,43.67,28.37,5.33,1.14
2020-12-16,37.52,55.78,49.81,1005.05,91.31,14.57,9.24,6.11
2020-12-17,13.13,97.24,16.48,991.15,79.13,5.53,6.18,4.94
2020-12-18,24.62,50.19,19.08,990.96,30.54,5.7,2.22,1.26
2020-12-19,40.77,40.66,30.9,1024.58,92.48,27.3,5.93,0.41
2020-12-20,43.07,39.48,35.92,1014.06,32.96,23.06,2.63,0.0
2020-12-21,26.36,56.62,19.6,1017.66,7.25,7.67,7.91,3.63
2020-12-22,31.47,80.76,45.25,1005.74,99.41,6.36,9.7,0.95
2020-12-23,15.85,36.48,28.0,1019.2,87.0,25.12,4.25,0.05
2020-12-24,44.69,76.74,22.52,1009.05,46.59,25.25,4.91,1.78
2020-12-25,18.11,21.69,32.33,1022.58,66.64,8.01,4.79,13.08
2020-12-26,43.0,53.51,47.64,992.66,67.12,12.54,3.57,4.68
2020-12-27,32.74,82.07,39.73,1006.79,19.45,24.5,8.15,7.8
2020-12-28,31.27,47.1,2.0,1011.06,20.0,18.14,6.56,0.63
2020-12-29,27.94,65.1,16.62,997.68,46.96,28.91,1.58,0.3
2020-12-30,18.07,36.4,23.53,1019.59,91.16,17.03,8.55,0.05
2020-12-31,16.18,79.36,15.73,1024.09,1.0,21.92,2.68,12.46
2021-01-01,17.72,24.18,35.01,1002.22,78.25,17.74,9.81,1.43
2021-01-02,16.53,88.2,41.31,997.58,5.75,28.57,4.39,2.46
2021-01-03,37.29,35.86,36.57,1001.24,47.82,14.97,6.55,2.01
2021-01-04,22.25,89.95,49.47,1018.37,63.79,10.74,1.7,5.24
2021-01-05,12.02,48.2,13.63,1009.05,68.68,13.17,4.1,1.48
2021-01-06,43.92,77.81,43.75,982.01,5.85,26.32,8.22,3.07
2021-01-07,40.93,45.54,38.33,1004.4,41.86,17.45,5.29,21.69
2021-01-08,42.47,92.47,18.11,980.78,58.38,13.86,9.14,2.35
2021-01-09,44.82,30.13,36.71,1015.03,6.6,18.61,6.18,3.21
2021-01-10,16.09,34.28,5.2,994.77,13.51,8.33,9.36,2.79
2021-01-11,23.87,59.44,39.47,1001.24,66.36,5.13,9.84,6.5
2021-01-12,36.54,26.56,26.62,1015.94,52.16,12.01,5.09,1.24
2021-01-13,34.36,35.68,14.61,982.09,16.18,20.13,6.09,0.75
2021-01-14,15.39,95.5,32.79,987.13,53.52,22.79,8.51,5.61
2021-01-15,38.55,98.12,32.08,997.91,91.27,25.67,2.99,2.15
2021-01-16,17.86,50.1,10.47,990.35,1.56,28.17,8.75,9.8
2021-01-17,17.83,93.86,1.52,995.21,64.26,15.3,6.33,4.13
2021-01-18,28.79,63.59,21.68,1024.92,7.37,23.51,7.53,3.32
2021-01-19,30.75,41.58,28.48,1017.14,0.64,6.87,1.72,0.29
2021-01-20,30.3,76.19,43.83,1019.78,15.07,6.44,7.9,5.24
2021-01-21,13.2,72.71,46.41,1022.17,42.29,8.12,3.8,4.63
2021-01-22,40.71,99.13,26.44,995.34,80.23,16.21,8.25,4.09
2021-01-23,19.3,41.2,37.69,993.37,28.18,10.28,5.58,1.25
2021-01-24,14.53,73.76,21.97,990.53,62.57,12.17,3.47,11.73
2021-01-25,41.11,24.16,37.3,1017.36,41.12,21.2,9.57,1.55
2021-01-26,43.45,29.09,10.24,1010.58,23.43,13.96,7.89,0.66
2021-01-27,40.17,20.31,18.55,990.63,51.42,18.93,9.87,17.43
2021-01-28,38.33,99.96,31.71,996.96,79.75,15.31,4.28,5.49
2021-01-29,32.93,84.18,0.91,1002.8,83.25,9.22,6.84,2.14
2021-01-30,29.28,82.94,36.12,1003.77,84.65,6.85,6.5,10.99
2021-01-31,13.04,60.78,41.78,1019.99,33.86,10.91,7.19,0.38
2021-02-01,24.3,44.01,19.96,997.13,79.35,6.44,1.34,0.37
2021-02-02,23.04,32.1,22.4,1020.88,21.22,20.47,3.63,4.59
2021-02-03,19.09,42.77,42.56,999.86,73.84,24.89,9.18,0.78
2021-02-04,35.32,50.08,38.78,1013.59,94.84,13.49,4.81,9.96
2021-02-05,27.36,80.5,14.41,1021.86,1.37,14.68,9.65,7.34
2021-02-06,12.84,63.17,16.2,1020.84,44.04,25.4,2.92,1.46
2021-02-07,17.71,26.2,33.94,982.56,64.78,10.57,9.98,8.79
2021-02-08,33.91,21.44,28.16,989.26,70.18,7.98,7.28,0.18
2021-02-09,12.66,28.19,8.11,1001.46,17.61,17.53,7.99,3.18
2021-02-10,39.79,52.84,15.5,999.42,97.22,21.15,4.57,10.97
2021-02-11,27.33,94.66,45.0,1008.84,61.53,19.99,9.16,7.73
2021-02-12,26.82,70.99,34.41,1022.51,16.43,22.85,5.91,1.76
2021-02-13,30.73,84.15,49.3,985.06,2.05,6.42,7.13,0.81
2021-02-14,38.86,57.31,38.35,1000.33,78.33,15.71,1.85,0.95
2021-02-15,22.17,48.93,47.1,988.66,7.97,10.96,6.69,2.89
2021-02-16,33.73,28.67,10.81,1020.23,14.11,23.98,8.91,3.63
2021-02-17,29.8,90.07,38.57,1023.41,57.48,26.82,2.6,0.13
2021-02-18,19.35,82.65,1.01,1001.54,60.35,12.03,7.64,2.13
2021-02-19,40.75,33.45,33.54,984.68,68.69,7.38,1.23,7.1
2021-02-20,37.91,60.98,23.46,1015.34,39.35,11.34,9.34,2.35
2021-02-21,33.05,58.99,17.34,1011.37,77.39,7.6,9.85,0.74
2021-02-22,39.77,70.01,43.12,995.96,97.44,13.06,4.19,12.39
2021-02-23,40.36,95.69,42.71,1019.93,27.11,18.45,1.96,1.24
2021-02-24,34.79,66.38,1.12,1023.91,70.3,29.34,6.93,6.41
2021-02-25,39.3,63.22,30.48,1005.1,92.85,14.98,1.27,0.86
2021-02-26,34.41,24.03,18.39,1005.46,68.63,10.5,5.34,2.2
2021-02-27,33.8,25.03,20.78,993.39,68.11,9.17,3.45,2.7
2021-02-28,31.65,34.99,41.6,1006.3,22.38,9.33,5.26,2.78
2021-03-01,36.35,22.6,15.49,999.78,53.51,9.81,1.16,2.91
2021-03-02,15.55,79.47,47.15,993.6,56.25,24.06,1.46,1.02
2021-03-03,40.83,77.87,8.98,983.02,70.01,6.53,1.14,2.9
2021-03-04,40.51,30.88,33.14,991.37,99.68,29.94,6.57,2.63
2021-03-05,11.02,86.89,33.61,988.9,3.36,18.07,6.04,0.94
2021-03-06,38.9,32.38,12.61,1004.39,6.52,18.61,3.1,17.76
2021-03-07,14.51,44.09,16.24,1007.08,7.8,13.94,6.82,8.03
2021-03-08,21.73,39.92,41.74,1007.39,74.3,22.26,8.96,8.74
2021-03-09,36.02,49.78,38.09,997.47,13.64,16.79,3.5,4.63
2021-03-10,15.63,40.37,16.45,998.96,62.25,13.23,8.49,0.7
2021-03-11,38.63,59.12,26.7,1017.54,32.47,11.63,6.96,3.36
2021-03-12,39.12,52.59,3.08,1001.43,45.73,28.14,1.3,6.89
2021-03-13,27.76,98.93,10.44,1024.45,21.57,12.27,4.38,0.16
2021-03-14,10.22,24.47,24.29,999.78,86.61,15.91,5.57,2.74
2021-03-15,20.05,31.37,4.3,1009.23,58.62,13.76,7.59,2.02
2021-03-16,31.59,24.23,42.17,982.27,94.46,7.15,3.58,0.95
2021-03-17,44.34,70.07,35.9,1009.4,57.46,9.65,9.84,1.9
2021-03-18,32.11,24.36,47.18,1018.31,12.39,9.74,7.16,16.42
2021-03-19,19.09,86.92,34.67,1022.41,17.09,22.34,4.36,5.14
2021-03-20,32.19,60.96,47.02,1024.88,98.91,15.16,1.87,1.42
2021-03-21,28.9,62.16,27.73,992.7,72.56,24.55,2.63,3.72
2021-03-22,37.29,64.93,30.01,1005.89,4.93,22.72,5.39,1.13
2021-03-23,13.74,33.67,48.85,1000.28,70.38,9.8,5.45,3.78
2021-03-24,36.64,35.82,32.11,1005.37,41.22,19.07,7.91,9.06
2021-03-25,28.94,45.51,1.54,987.09,30.72,23.57,7.54,3.26
2021-03-26,43.7,67.48,36.19,1018.53,15.41,20.83,2.81,5.29
2021-03-27,21.97,36.81,45.27,1020.93,83.99,20.0,6.35,2.42
2021-03-28,32.14,29.31,39.78,1000.23,6.38,23.49,1.19,2.97
2021-03-29,42.62,97.61,29.19,992.62,28.98,6.42,4.59,4.75
2021-03-30,13.59,21.76,33.57,986.34,30.64,23.29,7.88,6.69
2021-03-31,42.8,84.22,49.51,1010.77,16.09,11.82,4.6,4.31
2021-04-01,34.08,83.04,4.53,994.05,50.82,19.3,8.52,15.18
2021-04-02,12.37,43.78,33.36,1020.93,1.17,11.06,9.79,6.86
2021-04-03,20.53,30.85,14.17,1010.2,30.1,25.97,6.46,6.01
2021-04-04,34.79,31.65,32.0,1009.06,93.36,17.01,2.31,7.46
2021-04-05,12.36,75.79,30.38,1005.17,31.05,21.07,4.42,1.32
2021-04-06,30.38,71.42,7.67,982.06,36.05,24.85,1.09,2.26
2021-04-07,22.11,82.62,10.34,1021.94,47.32,27.38,6.42,3.32
2021-04-08,31.73,95.0,31.08,1008.26,56.17,23.3,8.39,2.48
2021-04-09,11.6,75.35,6.41,1024.73,80.87,8.72,6.67,7.52
2021-04-10,40.5,32.47,13.26,1004.18,19.03,26.36,8.07,0.11
2021-04-11,44.07,39.48,41.76,1011.95,87.17,20.46,8.2,0.94
2021-04-12,43.91,87.38,16.35,982.53,75.75,20.24,8.66,8.54
2021-04-13,36.24,36.74,24.4,1008.43,72.27,28.03,3.4,0.24
2021-04-14,14.55,25.8,47.06,1014.41,8.68,11.22,8.84,1.03
2021-04-15,36.54,76.26,11.36,1015.03,2.16,10.99,6.89,1.73
2021-04-16,10.86,52.2,19.48,1014.66,59.4,17.83,3.61,5.56
2021-04-17,10.77,93.6,30.32,990.18,86.31,23.77,9.89,3.29
2021-04-18,21.33,72.02,37.77,1023.89,58.44,16.18,9.55,12.37
2021-04-19,27.1,27.23,45.08,1024.78,21.32,20.85,6.17,1.03
2021-04-20,36.96,95.83,45.77,983.4,9.05,16.31,8.59,8.23
2021-04-21,33.92,40.68,38.83,1022.14,69.96,20.26,3.35,1.33
2021-04-22,25.61,46.98,11.42,993.03,72.18,25.56,4.74,1.13
2021-04-23,19.58,52.18,1.24,1011.02,17.25,9.51,2.66,2.76
2021-04-24,44.9,24.1,19.19,995.21,2.82,22.38,5.68,0.3
2021-04-25,24.92,59.72,7.08,1023.55,40.83,24.69,5.46,1.94
2021-04-26,25.8,29.87,35.52,984.57,58.27,16.18,2.92,1.76
2021-04-27,15.73,52.08,33.06,1002.4,70.6,13.08,7.06,0.7
2021-04-28,37.82,48.06,2.2,999.26,80.99,5.34,2.06,7.89
2021-04-29,34.28,81.83,41.83,994.67,61.05,24.93,1.56,1.95
2021-04-30,17.73,84.25,12.44,1009.05,11.09,13.2,4.46,16.05
2021-05-01,12.88,32.27,21.61,985.9,68.26,13.93,4.69,9.2
2021-05-02,33.82,49.32,33.4,1012.25,98.42,13.4,3.88,0.87
2021-05-03,32.91,49.87,21.47,1024.13,90.56,17.47,3.32,2.81
2021-05-04,19.56,32.11,22.06,1016.21,87.17,22.56,4.05,3.68
2021-05-05,43.28,83.88,3.28,1018.7,30.22,24.3,2.47,6.84
2021-05-06,15.29,76.58,20.07,996.18,75.08,14.81,4.63,8.67
2021-05-07,25.13,35.23,38.24,994.62,85.11,21.58,9.14,3.91
2021-05-08,43.03,49.34,45.76,1003.27,67.83,23.02,3.02,0.14
2021-05-09,24.69,28.46,20.67,982.06,25.06,12.42,7.16,2.63
2021-05-10,32.35,70.26,21.18,1022.54,95.38,7.42,2.28,8.64
2021-05-11,23.92,29.71,35.13,986.47,45.08,27.37,4.19,5.01
2021-05-12,19.6,98.87,47.14,1020.64,12.98,21.93,3.89,8.17
2021-05-13,44.44,82.45,13.35,983.76,10.98,21.2,9.43,4.48
2021-05-14,24.33,51.22,22.01,1017.02,64.75,6.47,4.85,0.18
2021-05-15,41.29,66.29,39.8,986.84,43.77,25.45,7.21,13.77
2021-05-16,18.05,92.91,30.48,981.72,9.45,19.15,6.42,10.01
2021-05-17,17.46,64.33,5.53,1012.38,74.04,26.2,2.27,0.54
2021-05-18,11.09,33.96,31.39,992.61,79.93,29.36,9.46,0.48
2021-05-19,32.81,50.3,9.34,1012.15,72.54,28.93,4.11,3.1
2021-05-20,22.9,87.45,25.51,1004.98,20.23,26.4,1.4,5.66
2021-05-21,40.25,71.54,26.46,984.9,68.98,5.27,3.7,1.93
2021-05-22,26.56,72.06,43.81,1021.95,1.07,27.14,4.02,0.59
2021-05-23,43.89,89.35,23.12,1000.35,30.51,6.88,1.83,2.86
2021-05-24,16.49,91.52,13.97,1013.05,39.88,26.28,6.58,1.65
2021-05-25,40.4,93.58,11.55,1002.55,83.52,12.0,4.12,1.73
2021-05-26,37.18,27.59,43.71,1007.2,39.04,20.25,6.66,4.14
2021-05-27,36.98,63.53,8.55,993.62,1.13,5.95,1.06,8.67
2021-05-28,39.57,79.24,21.29,989.02,35.23,24.28,9.84,3.27
2021-05-29,36.64,80.55,9.36,1004.42,49.89,7.79,2.53,4.65
2021-05-30,31.92,68.54,38.67,999.81,94.9,15.27,6.93,4.31
2021-05-31,14.59,33.34,23.72,997.56,94.1,25.44,7.44,3.2
2021-06-01,11.14,83.79,17.56,1010.27,18.09,22.38,2.54,1.49
2021-06-02,42.23,77.61,18.05,1011.07,18.51,5.15,2.01,1.9
2021-06-03,31.58,26.89,42.61,982.07,16.34,15.08,2.37,1.52
2021-06-04,37.88,57.1,27.69,995.24,78.89,6.05,3.22,9.98
2021-06-05,26.85,33.92,35.89,998.53,0.6,21.84,2.51,7.01
2021-06-06,14.11,47.0,44.85,984.36,12.72,29.22,7.07,3.46
2021-06-07,14.38,21.45,45.09,990.62,53.8,21.38,4.79,9.73
2021-06-08,33.99,52.03,16.43,982.32,24.76,10.61,5.84,8.7
2021-06-09,25.06,63.99,47.62,1024.83,9.24,13.88,1.43,10.51
2021-06-10,17.02,69.57,1.24,1013.15,35.99,29.42,8.75,1.0
2021-06-11,27.21,73.08,18.84,983.94,27.42,10.6,2.54,5.06
2021-06-12,12.25,86.9,44.79,980.91,51.11,19.04,4.24,3.76
2021-06-13,30.37,37.24,13.73,1012.37,97.92,15.01,1.65,5.29
2021-06-14,19.41,29.64,13.65,999.76,12.43,24.21,2.23,1.22
2021-06-15,37.91,88.12,15.13,1015.41,37.27,26.68,6.99,4.75
2021-06-16,20.86,32.53,30.62,1021.56,93.2,13.52,7.23,2.11
2021-06-17,25.93,97.98,21.92,1006.97,87.69,21.51,7.09,7.19
2021-06-18,10.41,87.4,36.34,988.42,39.43,18.73,5.97,6.35
2021-06-19,12.54,60.07,44.75,1015.2,69.9,11.96,9.57,0.95
2021-06-20,23.74,98.51,33.71,1023.01,8.79,11.8,5.56,0.81
2021-06-21,26.8,27.79,10.22,1006.11,71.25,18.47,5.04,5.06
2021-06-22,31.0,44.25,46.63,1010.69,97.29,8.85,3.23,3.2
2021-06-23,20.21,71.06,13.22,995.19,53.75,25.27,1.89,3.26
2021-06-24,34.32,48.0,7.49,997.17,49.85,6.73,5.93,5.59
2021-06-25,40.1,94.27,4.5,1013.06,18.73,7.36,3.83,7.72
2021-06-26,37.29,25.25,28.17,1021.75,63.38,13.56,5.72,1.09
2021-06-27,11.39,63.95,5.69,1008.3,59.04,7.95,2.86,3.24
2021-06-28,26.82,67.27,6.94,1015.54,65.19,16.89,8.54,7.06
2021-06-29,13.67,72.22,15.0,987.72,2.61,14.99,10.0,8.25
2021-06-30,18.47,40.45,14.08,989.54,54.87,23.05,3.9,1.36
2021-07-01,44.53,49.17,30.21,1003.94,59.49,28.83,8.58,0.44
2021-07-02,14.99,87.49,40.84,987.94,20.75,23.84,8.86,1.06
2021-07-03,27.46,35.6,38.07,1008.57,20.83,9.49,9.96,11.64
2021-07-04,31.64,86.15,13.12,993.12,27.62,28.39,4.08,2.48
2021-07-05,34.59,65.01,12.27,1015.62,71.17,14.8,7.8,2.17
2021-07-06,29.59,80.98,48.29,1016.36,60.63,16.85,3.06,0.05
2021-07-07,10.34,77.09,0.41,1000.87,84.58,15.54,6.62,0.21
2021-07-08,21.43,36.6,43.99,988.14,29.57,12.01,7.34,4.42
2021-07-09,28.12,65.51,9.99,1009.1,91.21,27.38,7.67,3.56
2021-07-10,13.08,89.42,47.36,1024.68,74.37,13.31,2.86,3.43
2021-07-11,22.27,54.57,17.12,1008.02,39.5,19.46,8.64,0.47
2021-07-12,11.16,97.33,22.02,981.61,9.53,11.0,4.79,1.74
2021-07-13,12.75,56.18,35.36,980.78,25.7,24.93,2.95,6.69
2021-07-14,23.89,31.42,29.38,994.42,95.68,24.35,5.88,0.77
2021-07-15,14.65,51.15,15.9,988.81,31.04,12.41,8.77,8.57
2021-07-16,29.86,96.14,27.69,1016.59,32.99,22.04,9.7,0.52
2021-07-17,34.13,45.58,36.54,1018.02,18.96,22.6,7.73,0.74
2021-07-18,38.02,89.45,2.12,991.64,80.69,19.06,1.05,2.6
2021-07-19,17.01,90.5,0.56,994.65,27.56,20.01,2.21,11.62
2021-07-20,15.86,48.01,22.9,990.63,33.03,19.36,1.69,1.6
2021-07-21,13.66,26.66,6.59,1020.88,41.43,7.05,1.91,4.29
2021-07-22,32.28,77.96,33.22,1002.62,43.37,21.76,4.45,3.55
2021-07-23,34.73,44.92,10.7,1009.53,41.13,16.74,4.05,0.65
2021-07-24,11.11,82.63,21.64,998.7,50.37,15.96,2.02,1.14
2021-07-25,42.77,55.41,9.88,1008.4,81.45,26.5,8.94,10.65
2021-07-26,11.82,58.82,27.42,997.36,81.93,5.58,6.54,0.82
2021-07-27,28.95,82.23,5.8,995.29,79.83,11.28,8.17,4.75
2021-07-28,34.82,50.59,1.16,1008.55,10.11,8.04,4.34,13.37
2021-07-29,40.48,55.45,2.56,1006.6,79.97,5.88,4.69,0.51
2021-07-30,34.99,50.1,47.71,993.21,12.03,11.89,3.86,2.04
2021-07-31,38.06,49.39,7.11,986.72,12.47,29.71,4.95,1.01
2021-08-01,21.88,62.08,35.42,996.59,94.79,11.76,6.49,1.0
2021-08-02,38.52,84.7,3.4,998.68,81.94,21.59,5.44,0.51
2021-08-03,12.8,48.94,5.41,1008.29,55.24,7.96,8.54,4.19
2021-08-04,41.32,61.94,25.44,1021.15,87.5,20.05,9.1,5.49
2021-08-05,29.17,73.66,23.24,981.63,98.94,29.61,5.23,4.52
2021-08-06,38.61,41.56,47.58,990.96,61.06,12.3,3.16,10.34
2021-08-07,25.83,42.2,47.24,988.72,61.29,26.2,9.51,0.63
2021-08-08,32.53,94.67,38.98,1002.6,75.44,29.94,7.62,1.54
2021-08-09,28.42,77.88,30.11,999.34,23.21,19.71,6.76,1.69
2021-08-10,35.61,66.17,22.75,1012.81,16.71,12.74,7.71,1.06
2021-08-11,12.86,71.82,17.81,990.91,75.96,21.84,1.68,0.61
2021-08-12,12.11,22.34,47.35,1006.75,34.49,26.12,1.61,2.67
2021-08-13,18.65,69.45,30.15,1019.77,13.51,9.28,2.38,7.19
2021-08-14,15.58,60.76,28.95,1020.98,31.49,16.31,2.33,12.36
2021-08-15,40.51,63.66,11.6,1023.15,35.86,12.98,4.79,0.55
2021-08-16,17.67,48.75,2.33,1014.8,96.52,12.08,2.42,6.93
2021-08-17,44.16,26.52,47.26,1020.77,69.8,26.52,8.69,6.96
2021-08-18,21.79,35.47,15.69,990.55,53.09,15.54,6.2,1.97
2021-08-19,16.37,96.06,22.13,988.89,96.89,13.48,4.31,0.47
2021-08-20,37.64,52.7,5.73,980.29,90.31,20.09,1.63,18.42
2021-08-21,33.05,57.33,41.85,1011.81,51.2,10.49,6.32,4.26
2021-08-22,27.44,24.22,1.38,1022.19,90.57,10.75,2.05,16.11
2021-08-23,29.44,23.01,41.7,988.41,40.43,18.01,7.69,2.64
2021-08-24,35.17,77.37,7.01,1008.66,23.04,15.23,8.22,2.01
2021-08-25,18.0,63.05,44.33,1013.59,23.27,12.37,5.9,1.14
2021-08-26,44.87,60.7,36.49,1021.74,66.23,6.35,2.35,16.44
2021-08-27,44.12,39.45,8.23,1009.11,50.11,18.02,8.08,1.17
2021-08-28,32.76,79.58,28.29,1023.66,65.9,25.42,3.77,0.1
2021-08-29,16.98,33.46,15.63,995.51,68.61,26.28,3.0,2.87
2021-08-30,33.81,35.19,8.91,995.75,2.23,10.89,5.24,1.89
2021-08-31,12.53,56.86,42.96,1004.44,5.4,19.99,9.3,1.21
2021-09-01,11.07,42.9,20.18,997.26,53.27,26.4,3.68,4.03
2021-09-02,19.02,39.8,19.93,980.06,19.1,15.22,9.15,1.81
2021-09-03,26.19,71.62,8.49,1012.93,63.25,28.3,1.48,2.06
2021-09-04,40.39,72.08,19.15,1013.83,55.22,27.57,1.75,0.09
2021-09-05,35.45,85.96,43.58,1013.61,58.58,10.2,7.29,3.56
2021-09-06,35.99,53.42,18.16,995.53,30.25,11.47,2.72,0.52
2021-09-07,24.89,25.85,47.58,1003.5,63.98,9.51,3.85,0.96
2021-09-08,22.11,41.89,47.32,996.2,82.95,9.9,2.23,5.05
2021-09-09,22.99,98.4,7.24,980.72,99.81,27.7,3.99,1.5
2021-09-10,44.57,67.7,8.87,1005.31,83.84,28.28,3.52,0.71
2021-09-11,11.4,76.78,43.13,985.57,55.75,6.3,7.63,3.45
2021-09-12,40.35,20.59,19.64,983.6,19.34,19.84,7.32,0.97
2021-09-13,30.25,61.46,0.22,1014.0,68.14,19.11,9.59,1.26
2021-09-14,25.35,23.0,13.69,980.43,93.77,14.76,7.52,3.88
2021-09-15,35.38,65.54,29.88,1023.16,21.19,20.79,7.25,5.39
2021-09-16,27.03,93.66,39.96,1003.19,25.6,28.68,7.25,5.38
2021-09-17,40.57,97.47,6.67,1024.24,14.9,9.26,8.95,2.63
2021-09-18,41.52,63.24,5.53,982.61,73.67,8.01,3.67,2.42
2021-09-19,24.76,56.66,46.1,1006.26,40.66,5.83,3.7,6.2
2021-09-20,19.69,95.6,37.56,995.72,6.27,14.1,7.67,0.86
2021-09-21,30.73,73.89,29.49,1017.96,87.49,13.44,3.06,0.66
2021-09-22,41.93,25.19,38.46,996.26,55.77,15.77,9.21,4.37
2021-09-23,17.37,57.26,21.44,991.72,33.11,17.58,5.81,2.11
2021-09-24,31.8,39.22,37.92,1018.59,34.4,23.95,3.7,4.95
2021-09-25,32.1,57.58,18.59,996.86,29.03,14.8,7.98,1.19
2021-09-26,35.66,56.44,12.2,980.76,45.55,13.27,3.81,1.57
2021-09-27,14.6,66.57,36.45,997.56,33.7,25.67,9.67,9.08
2021-09-28,35.05,48.54,20.98,1009.45,54.79,26.24,9.85,2.19
2021-09-29,41.82,33.14,49.07,991.45,77.35,10.82,7.0,3.58
2021-09-30,16.29,60.3,17.47,999.44,67.45,12.87,2.02,0.45
2021-10-01,18.31,86.42,46.09,982.55,29.45,25.63,3.37,0.79
2021-10-02,44.0,73.12,46.65,1006.46,52.87,6.99,5.64,0.15
2021-10-03,16.33,47.07,12.09,1014.03,84.01,13.15,8.66,2.21
2021-10-04,39.9,94.84,39.91,998.6,6.82,16.21,2.66,18.01
2021-10-05,27.23,92.98,21.65,998.91,7.83,9.68,1.94,8.28
2021-10-06,18.65,36.75,45.88,983.97,55.62,9.5,1.67,4.01
2021-10-07,40.48,23.15,22.51,989.09,63.91,15.62,5.56,7.9
2021-10-08,25.59,79.3,37.22,986.96,21.14,23.86,8.96,3.61
2021-10-09,28.02,86.21,23.35,1001.68,74.52,26.01,1.38,1.84
2021-10-10,22.57,97.43,11.39,1003.82,64.63,29.48,2.91,0.76
2021-10-11,30.75,91.19,9.97,1022.7,92.33,6.85,7.24,4.23
2021-10-12,15.72,68.04,21.27,983.3,16.9,10.42,8.43,0.86
2021-10-13,23.69,62.4,37.77,1006.99,75.14,23.92,8.27,2.16
2021-10-14,43.93,22.23,30.25,1003.69,8.36,18.51,8.07,6.99
2021-10-15,19.03,39.73,34.43,1003.23,56.53,13.19,2.17,0.55
2021-10-16,32.99,56.77,14.12,1019.29,55.19,10.14,4.58,0.55
2021-10-17,21.38,70.28,24.07,989.25,38.84,12.01,9.86,1.02
2021-10-18,37.07,64.58,2.22,981.83,84.46,15.73,9.9,3.21
2021-10-19,14.58,79.41,40.88,1010.25,0.44,9.43,6.42,1.16
2021-10-20,43.94,42.38,49.49,995.53,52.02,29.11,7.38,2.8
2021-10-21,25.88,65.2,20.34,980.79,21.72,7.69,9.56,1.44
2021-10-22,18.26,27.05,0.55,991.31,74.35,29.64,5.05,2.82
2021-10-23,12.57,53.09,8.49,993.92,4.31,26.05,2.23,1.3
2021-10-24,15.94,80.01,32.63,1007.76,83.16,15.58,7.02,15.65
2021-10-25,28.19,75.47,30.6,987.77,83.81,23.5,9.64,2.71
2021-10-26,21.8,99.25,39.39,998.59,83.29,21.79,7.27,5.44
2021-10-27,39.01,42.23,12.69,1001.71,15.26,10.33,8.23,4.82
2021-10-28,25.08,59.86,38.18,1000.67,63.04,13.48,4.8,2.7
2021-10-29,18.7,46.36,34.4,1023.83,1.44,17.83,1.87,1.09
2021-10-30,31.6,55.25,16.14,982.05,84.8,20.95,2.52,2.86
2021-10-31,34.74,88.56,27.27,1022.79,72.3,18.57,9.84,4.57
2021-11-01,15.85,74.74,7.36,1006.19,53.12,16.82,5.44,2.46
2021-11-02,15.87,90.6,22.63,1015.81,73.06,16.08,1.11,0.34
2021-11-03,11.28,36.28,44.06,999.37,9.43,17.46,9.6,0.07
2021-11-04,35.77,89.87,21.06,1000.42,52.87,15.86,5.48,1.59
2021-11-05,33.23,24.78,41.98,1019.57,29.13,18.53,8.53,0.65
2021-11-06,26.61,91.09,29.51,1020.32,97.26,27.2,5.94,9.47
2021-11-07,39.55,46.33,9.59,990.74,85.71,20.82,1.92,0.77
2021-11-08,38.2,45.17,29.06,988.97,73.33,23.07,6.54,2.01
2021-11-09,30.49,60.97,25.3,1002.33,93.37,19.94,9.98,4.98
2021-11-10,40.39,95.26,19.93,1020.51,34.68,21.08,1.31,6.76
2021-11-11,17.2,23.82,5.98,994.51,90.09,19.46,8.58,2.6
2021-11-12,13.92,48.18,20.84,1009.34,32.52,5.67,3.12,0.8
2021-11-13,19.44,88.53,3.64,1011.87,73.28,29.99,4.54,1.26
2021-11-14,12.0,51.68,4.94,1015.04,73.64,5.84,4.35,2.17
2021-11-15,28.59,35.93,20.8,1005.38,1.83,14.88,9.09,1.81
2021-11-16,42.78,53.98,15.27,998.11,36.11,7.63,5.54,1.71
2021-11-17,11.38,50.84,46.28,1023.52,1.94,7.42,5.02,0.57
2021-11-18,14.27,93.23,18.79,1007.51,99.71,24.84,8.36,9.78
2021-11-19,25.83,80.95,37.89,1012.79,12.22,15.65,1.44,0.12
2021-11-20,42.69,60.41,26.51,995.52,54.28,25.03,1.78,2.32
2021-11-21,21.07,99.07,35.2,1010.15,79.06,11.82,1.2,15.71
2021-11-22,27.75,57.22,13.01,991.6,20.13,11.41,7.19,4.31
2021-11-23,11.46,24.66,47.1,991.03,48.51,11.28,5.73,1.76
2021-11-24,15.19,40.98,26.5,1012.16,60.74,20.4,8.88,0.63
2021-11-25,44.53,54.89,41.57,1003.46,16.02,25.37,5.49,13.28
2021-11-26,43.78,32.55,18.25,1010.75,77.86,16.31,3.0,0.06
2021-11-27,10.17,95.81,5.01,992.12,29.93,14.48,8.25,4.58
2021-11-28,43.31,81.35,33.69,1006.94,21.1,29.34,3.65,8.49
2021-11-29,32.37,41.46,0.39,999.98,55.83,7.92,9.42,0.1
2021-11-30,40.38,67.26,23.76,1006.86,41.03,17.17,3.25,5.17
2021-12-01,25.92,77.72,9.64,993.09,92.03,15.21,2.51,27.03
2021-12-02,28.05,95.3,31.37,1012.2,88.01,7.45,5.44,4.08
2021-12-03,27.11,90.53,48.97,1016.27,48.34,11.71,1.45,2.14
2021-12-04,33.34,61.22,23.22,991.7,35.93,5.71,1.33,8.3
2021-12-05,14.89,81.97,40.87,993.53,32.55,26.92,5.46,3.23
2021-12-06,11.05,64.97,25.39,1009.75,26.76,20.2,2.94,5.54
2021-12-07,20.78,64.22,24.79,1011.3,54.45,25.38,1.08,3.54
2021-12-08,34.66,29.18,46.52,1011.68,80.5,18.04,3.66,0.16
2021-12-09,17.06,30.09,44.5,1010.72,31.08,19.99,5.3,0.96
2021-12-10,33.57,62.36,39.29,997.68,19.01,22.52,4.55,0.33
2021-12-11,43.95,41.51,14.81,997.77,47.55,27.7,2.22,0.45
2021-12-12,13.29,21.68,27.25,991.47,6.9,7.29,6.22,0.06
2021-12-13,33.54,77.83,11.19,987.06,70.13,13.27,7.39,2.19
2021-12-14,25.53,22.6,22.2,1011.17,51.84,22.73,7.08,0.79
2021-12-15,40.38,67.62,24.21,984.19,49.64,28.96,4.54,7.74
2021-12-16,16.2,63.14,41.58,1022.2,30.04,29.52,2.24,5.55
2021-12-17,34.24,97.51,44.8,1017.2,90.47,20.95,5.5,3.41
2021-12-18,39.33,58.74,20.73,1018.59,9.05,9.84,9.01,2.69
2021-12-19,43.06,25.09,0.89,1020.8,86.98,7.98,5.22,1.18
2021-12-20,33.91,64.14,43.09,998.39,37.67,28.65,2.76,2.58
2021-12-21,27.4,87.29,8.71,1018.1,88.06,15.85,1.84,4.1
2021-12-22,31.62,99.75,31.09,987.11,72.88,9.87,9.5,6.1
2021-12-23,40.41,54.43,1.25,980.97,10.42,28.35,7.69,0.34
2021-12-24,29.97,45.62,19.98,1015.32,83.15,7.61,3.82,4.93
2021-12-25,11.06,92.53,49.3,983.37,68.22,23.24,3.66,5.43
2021-12-26,42.58,35.3,5.03,1024.48,3.23,20.63,9.06,3.27
2021-12-27,34.13,69.23,21.18,1010.37,13.37,7.19,2.6,0.96
2021-12-28,33.68,52.46,15.36,1013.91,63.56,13.47,5.82,3.1
2021-12-29,17.55,23.29,45.25,991.06,66.26,8.75,7.42,2.79
2021-12-30,33.06,47.78,43.47,1010.32,74.67,20.11,4.57,2.58
2021-12-31,23.79,41.22,11.88,981.94,72.02,16.93,1.36,2.47
2022-01-01,32.79,74.89,4.06,1017.7,65.95,5.11,3.05,0.47
2022-01-02,13.73,95.9,31.36,987.63,76.62,29.39,9.12,0.81
2022-01-03,33.02,41.44,16.82,1011.38,57.51,13.74,5.71,0.41
2022-01-04,44.98,84.92,33.6,990.1,26.08,11.46,8.34,1.11
2022-01-05,11.69,24.43,1.61,983.08,91.24,10.56,6.0,1.22
2022-01-06,44.2,63.05,6.67,1001.67,1.82,8.97,9.49,1.12
2022-01-07,24.24,25.64,34.32,987.62,36.66,29.98,9.18,0.95
2022-01-08,40.48,94.72,10.62,1012.82,72.89,12.38,5.35,5.32
2022-01-09,37.38,81.31,42.88,990.69,42.72,15.14,3.86,6.83
2022-01-10,29.85,72.64,2.93,995.41,2.48,26.78,6.42,1.58
2022-01-11,35.85,85.91,10.77,1005.53,6.6,21.05,7.07,1.46
2022-01-12,40.75,71.8,49.93,992.82,64.86,14.22,5.49,7.43
2022-01-13,24.14,97.52,21.65,997.01,96.49,27.46,8.4,3.91
2022-01-14,21.45,77.12,35.15,1016.7,55.19,23.74,2.65,1.39
2022-01-15,33.37,93.97,9.13,988.06,50.68,10.7,4.01,5.0
2022-01-16,38.27,61.37,30.49,983.7,31.83,21.09,7.18,1.69
2022-01-17,36.68,29.37,36.31,994.78,25.67,28.06,3.22,3.53
2022-01-18,37.92,62.25,15.72,999.1,2.1,17.41,4.96,19.64
2022-01-19,25.25,30.15,41.44,1004.42,27.3,23.34,9.67,1.44
2022-01-20,38.62,67.4,30.17,996.76,44.91,29.28,6.63,10.67
2022-01-21,14.21,58.6,19.46,1015.55,19.79,22.26,9.54,1.55
2022-01-22,29.06,69.81,27.88,981.77,8.73,7.56,7.5,3.11
2022-01-23,10.2,20.8,28.84,999.43,71.77,11.11,7.52,2.46
2022-01-24,21.36,35.59,8.28,997.2,89.46,19.88,6.33,6.11
2022-01-25,22.83,59.31,20.14,1009.14,93.68,11.89,2.28,0.25
2022-01-26,23.87,96.04,17.17,1023.48,61.8,28.94,5.68,3.95
2022-01-27,34.34,50.69,20.05,1002.97,5.28,15.13,3.27,5.72
2022-01-28,23.6,53.95,38.06,1024.41,74.09,16.43,9.99,2.56
2022-01-29,25.7,77.18,24.13,993.6,11.01,22.54,3.4,0.45
2022-01-30,18.31,68.3,47.02,981.39,66.97,18.11,3.08,1.12
2022-01-31,23.06,43.91,14.68,987.45,77.94,14.55,6.61,4.55
2022-02-01,17.95,52.87,20.79,997.78,72.59,6.92,5.6,9.03
2022-02-02,12.56,37.42,39.35,994.24,95.19,19.91,1.19,2.19
2022-02-03,31.12,97.28,27.3,984.37,73.81,26.69,2.17,3.29
2022-02-04,33.39,30.45,27.35,999.47,69.32,22.14,8.3,1.04
2022-02-05,31.68,49.75,2.67,995.22,26.17,14.54,5.35,2.13
2022-02-06,26.22,22.07,19.93,985.52,92.48,8.19,2.31,1.64
2022-02-07,23.29,37.74,13.54,993.33,17.95,25.41,5.19,4.26
2022-02-08,40.22,82.44,49.97,1019.89,90.49,28.54,3.28,16.72
2022-02-09,28.17,36.09,15.42,993.59,31.27,14.71,3.01,6.71
2022-02-10,26.77,26.41,44.22,1012.13,13.02,23.22,9.62,0.85
2022-02-11,10.9,57.96,33.81,1007.54,82.67,15.27,4.26,3.45
2022-02-12,21.94,20.8,17.05,999.22,0.25,17.56,1.42,0.27
2022-02-13,23.31,26.78,27.18,990.76,83.21,25.91,9.73,1.13
2022-02-14,23.96,84.61,42.03,996.61,26.23,7.09,8.15,0.76
2022-02-15,30.31,81.72,44.17,1006.64,88.47,18.26,3.29,1.64
2022-02-16,28.68,93.21,8.02,995.78,69.15,10.37,4.68,4.54
2022-02-17,31.28,88.36,16.98,989.67,66.62,13.5,8.76,2.77
2022-02-18,36.77,74.65,16.76,985.24,36.53,21.11,4.22,10.81
2022-02-19,38.45,24.19,2.1,1019.59,5.94,5.68,6.11,0.96
2022-02-20,35.13,82.63,29.91,999.81,83.01,19.85,5.81,1.81
2022-02-21,43.44,87.64,42.74,1008.13,17.09,12.09,4.61,1.6
2022-02-22,10.64,83.93,19.08,1002.07,37.23,21.74,6.76,1.08
2022-02-23,16.85,60.68,37.0,1019.27,60.04,8.54,5.26,19.95
2022-02-24,10.26,38.63,31.39,1004.61,48.23,23.4,1.19,1.96
2022-02-25,32.66,87.63,18.78,1001.64,19.87,21.14,8.33,11.29
2022-02-26,41.43,78.17,7.05,1021.61,14.06,29.28,2.02,1.98
2022-02-27,18.52,98.46,35.47,1012.39,12.32,27.78,5.18,0.91
2022-02-28,42.45,32.46,42.73,985.02,86.3,12.08,6.22,0.51
2022-03-01,12.11,38.05,34.29,988.0,3.16,5.68,7.35,7.74
2022-03-02,42.71,36.94,0.89,1015.42,97.7,21.38,4.7,0.13
2022-03-03,22.31,83.4,10.81,1017.61,19.85,20.07,7.62,13.34
2022-03-04,13.55,34.95,3.47,1004.53,11.03,5.69,2.18,2.17
2022-03-05,27.01,25.33,28.52,1004.95,57.7,8.07,6.88,1.14
2022-03-06,18.99,99.88,37.82,1008.44,8.0,19.62,8.44,3.84
2022-03-07,19.97,21.99,5.53,999.76,60.25,27.8,9.0,0.57
2022-03-08,20.76,86.82,41.92,1010.61,85.06,27.66,6.22,0.3
2022-03-09,38.11,49.23,27.78,984.88,4.79,8.79,3.82,7.04
2022-03-10,28.87,87.33,34.5,1023.26,79.99,14.61,2.47,2.21
2022-03-11,20.9,64.37,48.57,1013.76,39.45,6.08,4.11,2.92
2022-03-12,31.36,92.13,4.18,1008.4,15.95,16.73,5.86,0.78
2022-03-13,35.07,94.1,45.06,994.23,17.61,23.83,2.77,0.25
2022-03-14,19.54,20.73,6.31,987.24,91.88,24.75,9.57,1.83
2022-03-15,24.47,26.03,19.65,998.42,11.06,17.47,9.07,2.82
2022-03-16,14.27,40.03,42.57,1009.77,86.68,7.4,1.3,5.8
2022-03-17,16.34,73.55,45.31,1008.52,54.42,14.53,6.06,2.78
2022-03-18,33.84,91.06,25.32,997.22,3.91,28.3,8.1,6.1
2022-03-19,16.35,56.8,29.71,1007.6,46.45,10.74,3.21,0.49
2022-03-20,28.38,68.56,35.41,1016.62,81.74,12.99,5.72,0.26
2022-03-21,34.82,35.08,41.64,981.18,72.62,23.67,4.65,0.69
2022-03-22,13.74,84.4,6.08,1000.28,48.88,23.34,2.77,5.91
2022-03-23,29.86,97.39,40.5,1014.13,86.0,27.81,6.53,5.7
2022-03-24,18.98,41.49,24.06,1004.58,12.04,14.7,9.94,0.61
2022-03-25,43.7,59.59,22.53,1009.32,90.99,17.86,4.29,0.13
2022-03-26,26.92,26.89,21.19,1003.25,84.64,16.68,5.97,4.62
2022-03-27,38.21,64.73,25.46,1024.63,70.83,28.19,3.95,7.73
2022-03-28,29.26,60.22,47.25,982.46,81.79,24.23,8.89,5.61
2022-03-29,11.52,31.55,27.41,1002.1,54.38,25.79,8.78,0.91
2022-03-30,32.16,55.37,47.66,984.11,67.52,8.33,2.61,3.51
2022-03-31,43.3,46.73,9.01,987.19,56.06,24.8,9.1,5.66
2022-04-01,31.06,61.75,36.21,997.24,35.54,15.82,2.36,1.18
2022-04-02,38.67,66.85,40.61,987.0,56.89,5.58,1.86,3.0
2022-04-03,40.95,20.68,33.96,1023.37,25.75,6.5,6.88,1.51
2022-04-04,17.98,80.88,30.35,1022.61,44.03,21.95,4.47,1.02
2022-04-05,17.42,77.04,28.24,995.12,28.08,14.3,5.78,13.97
2022-04-06,31.38,49.3,43.05,1008.79,12.29,26.7,6.87,9.75
2022-04-07,24.39,24.23,41.08,1004.02,32.19,23.36,1.48,2.36
2022-04-08,39.4,80.39,6.11,1016.7,85.2,5.54,3.64,0.59
2022-04-09,41.5,96.41,42.43,1008.24,38.11,22.17,5.15,5.21
2022-04-10,22.37,39.21,20.7,980.01,74.8,9.81,3.4,1.18
2022-04-11,18.29,45.88,12.68,1014.34,17.52,15.56,1.44,0.74
2022-04-12,37.32,34.71,43.49,1013.61,42.44,20.62,1.78,1.92
2022-04-13,19.62,66.15,21.6,1002.94,11.49,26.82,8.22,3.02
2022-04-14,38.79,32.39,40.42,1020.63,13.86,16.4,9.2,0.41
2022-04-15,24.83,48.5,13.17,1020.88,61.74,25.21,2.37,3.39
2022-04-16,33.36,75.76,0.2,1003.58,60.75,24.57,3.24,0.06
2022-04-17,13.34,64.81,24.77,1007.36,21.34,15.36,6.87,8.9
2022-04-18,31.84,50.92,5.01,1024.84,47.44,17.52,9.59,10.14
2022-04-19,25.81,53.62,37.72,993.45,86.33,22.51,3.7,5.28
2022-04-20,30.53,64.97,13.8,994.61,17.42,5.78,8.7,2.51
2022-04-21,15.88,20.47,22.18,988.22,1.92,27.27,5.55,1.18
2022-04-22,35.79,26.28,4.35,1020.31,65.2,24.25,9.61,5.45
2022-04-23,40.2,90.5,14.33,1013.5,5.35,11.24,2.23,10.74
2022-04-24,17.59,26.23,39.07,984.75,97.99,29.53,9.76,0.69
2022-04-25,13.35,76.54,7.58,1024.18,60.96,9.48,4.97,2.51
2022-04-26,10.83,93.6,32.36,1012.89,47.04,27.85,9.58,1.51
2022-04-27,32.47,41.65,45.87,1018.27,43.0,13.11,5.13,1.76
2022-04-28,31.25,49.64,33.99,982.17,57.31,24.08,5.77,2.08
2022-04-29,29.13,65.51,40.55,1002.72,9.06,16.41,8.24,12.13
2022-04-30,18.12,90.54,5.45,1011.44,93.0,23.41,7.5,1.2
2022-05-01,23.68,95.35,12.54,1004.43,62.56,8.89,6.58,2.71
2022-05-02,30.81,79.17,44.73,1010.0,18.4,11.74,4.75,12.1
2022-05-03,27.39,26.93,35.76,1016.8,56.26,7.5,8.13,2.59
2022-05-04,44.57,73.53,31.98,996.85,13.33,26.63,9.53,7.97
2022-05-05,14.78,52.82,33.19,1018.19,1.76,12.41,1.09,0.24
2022-05-06,34.33,57.66,20.71,987.33,63.05,22.36,6.29,12.23
2022-05-07,24.15,23.93,2.23,992.19,64.85,25.51,8.79,0.83
2022-05-08,24.99,35.28,39.22,981.95,58.37,27.54,6.88,15.64
2022-05-09,35.12,83.24,33.94,996.4,18.35,7.66,8.21,0.77
2022-05-10,34.24,56.32,23.64,997.1,60.34,27.33,9.06,2.35
2022-05-11,44.69,44.13,44.99,1016.24,5.65,9.93,7.76,1.48
2022-05-12,14.49,50.72,16.81,1009.39,60.92,23.42,7.45,2.27
2022-05-13,13.64,88.35,14.72,999.65,55.4,23.22,9.68,1.15
2022-05-14,35.35,79.92,43.64,1009.35,65.53,5.21,8.77,13.45
2022-05-15,30.24,41.79,39.85,982.38,89.55,10.52,8.34,1.46
2022-05-16,19.6,29.4,25.75,988.11,85.04,17.3,1.78,4.24
2022-05-17,12.78,40.16,6.54,1008.21,98.07,15.5,3.15,0.59
2022-05-18,13.0,93.66,10.75,1008.86,97.62,27.96,6.01,6.96
2022-05-19,41.3,66.53,32.81,1014.84,77.23,13.99,7.39,3.13
2022-05-20,16.72,62.68,19.25,998.13,95.64,28.42,3.73,15.54
2022-05-21,21.32,67.71,41.82,1012.51,86.73,16.49,1.84,2.2
2022-05-22,17.93,49.28,47.5,1010.78,72.76,29.11,3.8,0.87
2022-05-23,22.42,84.57,40.28,1023.35,7.54,23.43,7.94,1.7
2022-05-24,12.43,61.86,18.88,989.68,4.9,25.73,8.9,5.34
2022-05-25,28.17,29.34,39.43,1004.83,83.76,7.62,9.22,4.3
2022-05-26,12.37,30.33,17.57,1007.08,48.97,19.65,4.41,6.03
2022-05-27,38.01,62.95,8.36,1024.94,81.46,8.57,4.35,0.31
2022-05-28,18.18,94.93,1.67,989.05,31.29,12.44,4.66,3.47
2022-05-29,28.9,44.67,19.29,1003.54,39.76,20.59,4.38,10.76
2022-05-30,40.8,89.56,45.18,995.58,70.02,23.16,7.0,0.46
2022-05-31,32.78,81.13,11.95,1003.67,91.53,5.98,4.22,0.4
2022-06-01,28.65,39.82,10.33,990.45,8.78,18.27,1.18,5.04
2022-06-02,21.35,22.91,48.49,982.14,86.15,19.13,4.95,1.51
2022-06-03,21.66,28.15,1.25,1005.77,79.3,6.97,3.02,4.3
2022-06-04,33.43,78.28,39.29,995.11,31.55,17.52,1.26,3.15
2022-06-05,44.79,35.97,16.07,988.19,35.52,22.85,5.24,17.09
2022-06-06,33.16,49.7,1.87,994.58,4.65,6.33,2.85,8.79
2022-06-07,29.52,60.14,45.89,982.22,1.57,24.01,5.07,4.53
2022-06-08,35.57,78.04,6.98,1022.77,47.7,19.41,3.5,1.21
2022-06-09,26.28,29.06,27.59,1006.15,9.55,25.83,6.43,1.21
2022-06-10,12.1,52.51,13.7,1016.66,19.4,10.45,9.92,8.56
2022-06-11,29.68,58.81,3.26,999.04,84.68,25.83,5.93,3.52
2022-06-12,43.52,63.27,2.5,1020.65,57.1,7.36,6.82,6.23
2022-06-13,16.14,85.47,5.78,1001.75,63.36,15.1,9.27,2.39
2022-06-14,34.15,33.73,3.57,1005.83,18.75,9.99,4.37,0.44
2022-06-15,17.03,84.63,38.03,1002.13,82.87,26.9,2.5,1.62
2022-06-16,28.75,75.43,24.28,1013.0,86.8,22.62,3.55,0.7
2022-06-17,13.38,64.47,17.14,1005.5,52.33,5.63,4.63,6.09
2022-06-18,25.76,75.96,20.92,992.22,91.26,5.24,6.81,4.82
2022-06-19,36.47,52.96,46.45,986.55,84.48,12.28,1.04,0.37
2022-06-20,22.17,31.07,45.54,1007.28,73.13,8.58,8.68,3.88
2022-06-21,33.27,73.26,35.78,1002.01,73.41,20.76,1.68,8.29
2022-06-22,37.84,61.97,44.23,984.32,10.54,21.59,9.11,4.78
2022-06-23,42.45,71.15,15.98,997.8,27.08,28.55,9.54,2.86
2022-06-24,18.21,47.04,19.06,1003.16,6.68,28.8,9.91,1.5
2022-06-25,23.98,92.55,30.69,1017.21,0.87,21.47,8.29,8.72
2022-06-26,15.33,66.99,31.18,983.42,15.83,5.14,2.28,2.2
2022-06-27,44.74,26.83,24.08,995.68,88.05,13.97,7.36,7.73
2022-06-28,42.45,55.98,20.03,1017.02,23.99,17.83,2.83,6.11
2022-06-29,28.9,80.51,49.31,1009.18,97.02,17.48,9.07,6.78
2022-06-30,39.47,83.53,41.06,993.05,59.73,20.08,3.85,18.34
2022-07-01,28.23,59.57,21.75,1018.04,23.73,29.01,3.94,5.53
2022-07-02,31.83,91.58,36.36,1002.2,49.71,27.13,9.26,0.14
2022-07-03,13.12,41.41,13.48,1002.43,21.91,7.72,1.12,0.92
2022-07-04,36.43,52.85,5.01,1023.95,98.4,11.65,2.75,0.14
2022-07-05,14.47,91.89,17.62,1022.62,84.73,25.83,4.8,0.84
2022-07-06,38.91,91.7,20.15,996.13,2.62,25.61,7.31,0.25
2022-07-07,37.37,74.86,0.83,986.33,94.78,11.88,6.83,2.79
2022-07-08,34.81,88.72,40.74,994.66,72.11,23.26,7.02,0.11
2022-07-09,11.27,27.1,17.96,981.37,8.24,21.8,8.92,2.56
2022-07-10,20.61,89.2,29.02,980.93,67.06,16.84,2.09,9.16
2022-07-11,19.21,45.65,3.7,997.8,64.69,10.04,5.7,5.52
2022-07-12,22.6,34.27,8.75,1022.35,21.88,27.22,7.53,11.53
2022-07-13,13.07,39.15,44.48,1019.21,75.84,21.95,6.73,1.03
2022-07-14,42.79,53.44,30.43,1003.01,8.71,9.22,5.03,3.03
2022-07-15,29.38,40.1,47.51,1005.44,48.94,22.62,1.15,1.53
2022-07-16,20.69,45.65,49.94,980.27,0.99,23.54,1.54,2.72
2022-07-17,23.89,30.8,18.59,989.7,96.87,27.17,2.07,3.26
2022-07-18,25.65,43.69,14.94,981.11,75.16,10.57,4.09,0.15
2022-07-19,31.02,65.78,42.92,1013.95,15.89,29.72,2.06,1.06
2022-07-20,28.05,55.35,49.93,986.55,34.17,8.83,4.83,4.88
2022-07-21,42.18,47.74,31.48,1019.11,16.06,20.02,2.61,5.93
2022-07-22,27.39,79.72,39.76,1008.95,76.66,21.43,8.01,3.37
2022-07-23,44.73,91.48,39.09,990.32,5.89,15.47,8.84,1.26
2022-07-24,39.8,80.54,17.77,987.1,84.04,16.88,4.51,2.08
2022-07-25,17.3,46.56,28.71,1008.24,94.22,27.27,5.6,0.4
2022-07-26,42.57,79.56,41.65,1020.54,67.66,21.13,9.58,12.25
2022-07-27,14.07,32.16,34.41,1012.33,21.3,17.43,5.82,8.12
2022-07-28,38.61,30.43,1.06,995.68,36.01,8.21,9.96,0.27
2022-07-29,23.32,47.65,16.84,1006.43,47.72,5.18,2.28,0.73
2022-07-30,40.73,84.62,7.22,993.98,60.46,8.12,8.76,3.48
2022-07-31,40.38,39.71,11.65,1024.96,66.87,28.9,5.47,1.06
2022-08-01,38.21,25.06,45.27,1013.7,55.42,24.1,1.2,10.9
2022-08-02,37.65,30.54,1.84,1007.65,35.13,29.18,9.75,5.64
2022-08-03,20.66,88.7,10.99,999.05,89.09,5.89,9.69,1.28
2022-08-04,12.83,70.7,15.48,1007.82,8.14,22.01,4.45,0.02
2022-08-05,24.1,40.26,30.84,995.37,46.63,6.11,9.59,6.43
2022-08-06,16.07,64.42,26.71,981.3,77.56,24.55,2.27,2.21
2022-08-07,34.32,62.21,10.91,997.78,6.09,14.52,7.12,4.11
2022-08-08,22.11,72.43,8.21,1021.87,70.53,7.39,2.73,1.35
2022-08-09,44.15,38.66,11.84,1008.18,81.97,19.2,3.22,0.62
2022-08-10,32.43,89.15,25.13,983.78,66.08,12.0,8.01,4.5
2022-08-11,38.79,44.75,13.56,1019.82,1.29,21.49,4.4,2.39
2022-08-12,14.64,75.53,47.38,992.1,18.01,21.45,1.06,1.07
2022-08-13,40.17,21.29,23.19,990.97,34.21,22.63,4.73,0.59
2022-08-14,42.3,49.81,2.94,993.37,23.37,29.81,3.05,3.47
2022-08-15,27.05,48.14,36.46,1005.97,96.27,14.67,7.15,5.17
2022-08-16,31.22,63.48,16.44,1004.51,65.16,16.63,2.75,1.34
2022-08-17,36.77,25.82,32.67,1002.11,29.7,25.12,8.58,5.31
2022-08-18,16.12,83.21,13.98,1012.29,92.97,19.46,3.4,0.81
2022-08-19,27.59,37.42,28.54,994.24,74.06,5.93,4.54,1.65
2022-08-20,23.95,74.16,38.61,1015.19,28.46,26.08,3.68,5.46
2022-08-21,15.12,84.26,46.4,987.89,37.89,6.29,6.8,4.32
2022-08-22,22.86,64.95,13.06,1015.22,19.94,9.27,1.91,1.26
2022-08-23,12.39,79.27,16.74,1009.87,97.11,7.55,5.3,0.52
2022-08-24,10.9,72.95,23.21,1010.74,51.73,6.95,4.01,0.17
2022-08-25,14.73,48.44,46.36,1001.67,89.61,5.64,8.96,7.28
2022-08-26,43.71,84.71,45.07,1010.02,34.65,6.38,1.66,0.31
2022-08-27,29.23,43.58,4.49,983.59,86.08,16.06,8.47,0.49
2022-08-28,43.8,65.7,6.6,1018.32,5.39,11.32,2.51,1.09
2022-08-29,25.14,79.63,24.78,982.5,98.21,8.16,1.8,2.36
2022-08-30,20.91,50.32,5.33,986.69,91.2,21.47,2.82,6.24
2022-08-31,27.71,44.22,17.28,1005.96,36.32,10.65,1.92,1.14
2022-09-01,25.38,56.75,7.42,1013.27,77.47,5.47,5.69,3.14
2022-09-02,13.7,85.44,31.8,983.43,75.23,15.46,9.89,0.38
2022-09-03,32.43,94.39,47.47,1021.43,90.13,12.76,1.31,2.5
2022-09-04,17.56,63.61,49.84,1023.81,30.73,12.97,5.15,0.78
2022-09-05,31.69,72.92,18.76,1007.27,46.55,16.13,4.47,0.95
2022-09-06,32.76,92.26,29.95,1001.66,86.5,21.72,4.06,1.83
2022-09-07,15.32,27.88,42.81,1013.36,77.86,20.41,3.99,5.73
2022-09-08,12.15,38.57,5.87,994.78,39.35,28.43,9.06,5.45
2022-09-09,37.33,76.71,34.48,1002.2,84.57,17.94,1.17,2.14
2022-09-10,26.09,85.9,20.44,1021.23,4.7,16.81,7.97,0.51
2022-09-11,12.04,88.56,10.31,1023.0,78.2,10.34,3.28,1.32
2022-09-12,44.82,53.21,20.14,1021.72,20.68,23.88,4.45,2.82
2022-09-13,12.02,27.15,3.8,991.81,28.61,8.52,4.78,8.14
2022-09-14,34.33,55.02,34.77,990.46,49.32,17.28,3.74,13.8
2022-09-15,44.43,38.46,12.64,993.39,44.97,15.53,1.84,4.06
2022-09-16,18.37,43.3,15.57,999.86,52.06,21.46,2.03,1.73
2022-09-17,14.98,81.78,6.05,994.14,54.48,27.94,3.68,4.73
2022-09-18,14.25,26.04,43.23,996.84,33.15,28.66,8.4,1.64
2022-09-19,20.61,86.21,24.67,1007.93,17.52,9.19,2.21,3.93
2022-09-20,13.54,54.21,28.61,1014.31,76.85,11.55,7.68,1.12
2022-09-21,34.23,67.69,28.47,1013.1,40.0,25.29,3.6,1.24
2022-09-22,12.18,27.17,20.52,1016.65,50.58,17.96,8.95,0.31
2022-09-23,27.83,46.99,9.63,981.45,64.47,16.33,4.85,2.18
2022-09-24,44.88,27.18,37.26,982.15,90.96,22.77,2.55,3.85
2022-09-25,38.49,96.92,6.35,1015.52,70.76,20.05,9.87,6.22
2022-09-26,31.53,84.58,5.19,1003.99,4.55,29.27,2.59,6.65
2022-09-27,20.72,56.77,35.51,1006.02,83.86,19.6,6.11,19.54
2022-09-28,31.84,37.89,10.44,982.37,98.94,16.65,6.12,0.37
2022-09-29,28.45,94.68,15.34,991.49,47.25,18.57,4.36,2.72
2022-09-30,24.91,47.57,23.76,1008.73,96.96,25.21,9.56,2.95
2022-10-01,14.57,32.88,22.47,1018.66,54.73,20.32,8.59,6.53
2022-10-02,41.03,65.05,35.43,1021.26,45.96,21.18,8.47,1.24
2022-10-03,25.74,95.5,31.17,1002.52,33.14,29.29,9.77,0.29
2022-10-04,16.81,20.31,32.22,1004.55,65.76,20.46,5.11,1.51
2022-10-05,22.87,39.05,35.7,1017.49,22.98,14.51,1.87,16.52
2022-10-06,24.49,95.08,14.63,1004.19,10.49,22.28,7.89,9.19
2022-10-07,38.96,33.69,16.12,1003.26,2.72,21.49,4.43,2.01
2022-10-08,35.68,29.06,21.9,1020.73,29.24,5.35,2.71,8.36
2022-10-09,36.93,65.61,15.37,1015.55,39.58,16.68,5.35,0.13
2022-10-10,10.39,88.95,49.25,1020.91,55.21,23.57,9.33,1.51
2022-10-11,24.57,58.17,40.7,989.82,29.27,17.48,2.54,5.19
2022-10-12,26.85,99.57,8.23,1003.6,98.41,24.49,8.64,1.0
2022-10-13,10.67,74.33,0.28,1017.91,29.17,16.27,4.76,0.88
2022-10-14,19.09,25.93,2.14,985.0,44.1,29.58,2.23,7.92
2022-10-15,36.61,99.43,12.2,1015.76,10.33,12.32,8.64,3.83
2022-10-16,14.8,52.63,5.71,988.23,26.06,7.3,9.73,18.05
2022-10-17,28.74,42.99,26.67,1016.37,4.83,15.75,3.62,0.58
2022-10-18,17.53,64.63,42.9,1007.54,55.95,18.54,3.73,1.76
2022-10-19,10.42,44.34,36.84,988.7,75.11,13.73,4.51,1.49
2022-10-20,18.44,26.92,10.78,1001.3,19.57,11.06,8.33,8.49
2022-10-21,44.16,20.11,19.96,1010.69,36.79,21.8,1.09,1.18
2022-10-22,38.05,55.97,25.39,1008.52,1.66,14.43,3.02,1.74
2022-10-23,43.59,86.95,40.51,999.23,83.95,20.78,7.35,0.62
2022-10-24,27.07,65.79,41.96,1020.47,78.0,24.48,4.65,5.97
2022-10-25,13.84,99.94,45.49,1003.37,6.33,24.03,3.97,1.09
2022-10-26,29.18,42.95,25.46,1002.76,36.49,14.38,8.85,0.28
2022-10-27,25.9,42.44,34.71,982.8,95.53,19.2,9.26,2.28
2022-10-28,39.55,32.78,5.59,1021.5,39.2,16.24,9.53,1.99
2022-10-29,13.43,33.13,28.26,987.97,52.62,26.77,3.45,0.78
2022-10-30,27.09,42.81,12.43,1003.78,35.52,26.97,9.21,0.57
2022-10-31,15.25,83.43,21.59,1016.16,59.61,13.59,7.63,9.07
2022-11-01,21.36,92.46,31.7,989.7,97.82,7.29,2.39,0.28
2022-11-02,35.81,98.01,12.85,1003.73,99.75,9.19,6.49,0.42
2022-11-03,26.66,38.58,2.61,990.83,77.47,14.18,1.24,1.12
2022-11-04,23.16,90.5,0.51,1014.19,40.43,19.11,7.38,12.22
2022-11-05,23.81,46.26,1.11,1005.4,49.44,21.42,7.6,0.36
2022-11-06,26.08,29.03,0.42,1018.52,35.67,13.28,8.1,6.77
2022-11-07,37.48,89.6,5.52,1020.26,98.56,21.69,2.55,8.9
2022-11-08,41.22,70.89,11.97,1009.19,70.78,28.44,6.65,1.9
2022-11-09,43.44,33.18,11.06,1012.64,44.89,21.3,2.61,1.39
2022-11-10,37.54,54.39,49.34,1004.71,1.21,8.96,9.52,4.53
2022-11-11,21.04,42.98,15.3,997.3,52.05,19.49,7.08,4.85
2022-11-12,34.08,78.94,6.37,1009.17,98.39,18.55,1.86,6.06
2022-11-13,25.32,56.27,27.28,1020.87,52.31,26.77,2.68,7.1
2022-11-14,18.91,99.14,42.9,998.75,18.24,13.76,6.97,1.25
2022-11-15,39.43,24.38,33.9,994.15,2.21,15.57,5.29,4.65
2022-11-16,11.34,48.4,14.8,997.48,35.47,19.97,7.63,0.58
2022-11-17,41.56,58.55,28.08,999.59,91.82,18.11,3.53,2.86
2022-11-18,26.15,60.25,35.74,983.31,99.66,22.98,6.92,3.8
2022-11-19,32.3,45.27,36.41,1002.43,94.54,6.01,2.59,0.71
2022-11-20,33.08,78.34,33.33,1002.24,72.94,19.09,5.89,0.32
2022-11-21,41.33,89.98,43.54,1006.48,55.81,8.04,9.62,0.87
2022-11-22,32.28,95.1,43.51,996.33,59.07,12.88,6.65,2.18
2022-11-23,31.49,84.41,28.95,1007.59,53.9,21.54,1.45,8.75
2022-11-24,12.33,88.05,21.49,1019.52,70.7,8.94,9.9,3.04
2022-11-25,28.14,64.04,32.08,1023.0,41.89,12.72,2.41,5.52
2022-11-26,15.26,86.07,40.91,1006.26,66.92,22.58,7.46,0.77
2022-11-27,35.81,44.28,0.28,981.92,12.16,21.27,5.79,0.45
2022-11-28,27.93,51.88,49.6,1023.62,26.57,7.28,3.65,1.1
2022-11-29,33.81,45.35,9.14,1011.76,83.6,19.43,2.6,1.51
2022-11-30,11.46,57.39,23.51,995.12,90.37,8.68,2.6,3.18
2022-12-01,12.97,42.85,43.6,986.62,53.9,11.31,8.73,8.52
2022-12-02,35.07,96.93,11.25,986.45,3.16,16.48,8.86,2.22
2022-12-03,12.52,45.03,23.84,987.55,92.7,7.73,5.19,2.93
2022-12-04,12.49,27.84,6.63,982.05,70.21,29.84,1.93,0.02
2022-12-05,10.42,62.15,19.75,1020.6,41.4,9.13,8.96,0.14
2022-12-06,43.48,24.57,8.86,1004.33,59.84,24.53,5.38,0.35
2022-12-07,35.81,28.84,18.18,1011.5,42.98,25.75,4.95,4.8
2022-12-08,22.36,37.55,18.67,1017.26,46.53,29.86,4.67,2.66
2022-12-09,20.38,57.15,49.66,1015.62,88.68,15.72,4.29,0.86
2022-12-10,22.24,54.66,49.74,1019.72,16.11,26.85,5.73,3.59
2022-12-11,37.11,83.98,5.74,1023.53,10.37,28.94,6.44,3.15
2022-12-12,33.15,79.16,36.3,999.76,0.27,9.32,5.2,0.37
2022-12-13,16.48,54.11,2.59,1022.77,31.4,16.99,9.07,4.09
2022-12-14,16.09,46.7,1.51,1012.55,14.74,6.5,3.86,5.83
2022-12-15,13.44,45.32,5.27,983.18,22.0,20.52,6.2,1.35
2022-12-16,33.11,81.92,48.27,1010.68,1.12,19.54,3.7,4.65
2022-12-17,36.75,24.17,47.04,1010.9,22.72,10.1,7.78,0.89
2022-12-18,19.28,21.03,9.7,1020.76,33.27,24.95,1.92,5.65
2022-12-19,10.73,83.64,8.08,996.78,3.16,5.93,2.7,9.71
2022-12-20,12.88,58.17,12.03,1006.32,60.79,25.16,8.21,2.33
2022-12-21,43.88,30.47,25.78,980.55,56.88,5.67,2.65,1.12
2022-12-22,20.34,38.85,28.49,994.94,9.7,21.42,6.63,2.04
2022-12-23,36.92,94.6,11.08,982.8,59.5,6.97,9.73,1.15
2022-12-24,31.86,88.76,37.83,1003.48,99.87,11.28,5.71,0.0
2022-12-25,23.37,76.78,15.48,1016.79,94.45,23.05,2.69,4.2
2022-12-26,17.2,58.58,46.11,989.29,0.27,12.01,3.89,0.17
2022-12-27,14.25,61.63,32.84,1003.73,79.54,17.78,8.41,0.94
2022-12-28,31.53,98.02,21.82,989.18,35.36,27.88,4.16,5.13
2022-12-29,37.11,97.26,39.5,985.43,6.37,6.24,7.51,4.38
2022-12-30,32.54,37.22,40.9,1002.99,29.6,25.28,8.0,0.3
2022-12-31,28.56,84.89,14.52,983.56,32.17,6.63,5.51,4.32
2023-01-01,11.47,35.78,16.99,1006.43,52.32,8.17,8.05,10.67
2023-01-02,43.9,37.08,46.8,981.41,66.11,7.98,3.85,0.31
2023-01-03,37.95,74.09,8.24,984.8,74.91,29.85,5.65,2.15
2023-01-04,20.25,52.4,2.11,1004.75,24.59,9.5,7.18,5.23
2023-01-05,44.3,94.52,22.7,1006.61,32.18,27.42,2.51,4.41
2023-01-06,31.07,27.12,40.06,981.3,30.84,29.77,3.46,1.03
2023-01-07,30.38,60.92,38.58,1005.8,36.27,14.59,6.87,0.71
2023-01-08,36.18,93.48,45.98,1017.73,99.97,20.78,6.9,6.13
2023-01-09,38.41,92.33,26.66,1012.5,77.79,24.48,5.44,12.52
2023-01-10,32.98,32.52,5.0,985.9,97.5,14.82,8.16,5.84
2023-01-11,14.48,49.33,29.43,1006.66,69.31,9.05,5.34,13.21
2023-01-12,21.84,69.53,38.92,1010.25,40.63,15.84,8.93,3.72
2023-01-13,42.48,32.75,4.67,981.68,38.97,24.3,7.62,10.59
2023-01-14,17.86,97.44,8.63,1018.49,48.86,24.52,3.83,4.69
2023-01-15,23.03,93.18,0.61,1020.78,41.69,10.76,4.56,9.58
2023-01-16,25.12,33.36,29.68,1018.27,82.83,9.37,7.01,0.7
2023-01-17,25.38,29.69,44.34,1017.11,46.5,28.01,9.05,6.76
2023-01-18,31.45,26.83,33.53,1013.52,29.56,6.1,2.61,0.88
2023-01-19,43.01,92.76,49.1,1008.5,77.49,23.37,5.63,0.11
2023-01-20,18.42,35.49,3.15,1010.54,85.44,6.16,2.07,2.92
2023-01-21,14.25,53.3,45.15,1016.29,42.04,25.95,3.52,1.53
2023-01-22,16.91,55.91,40.7,1009.81,66.78,27.64,7.17,0.18
2023-01-23,41.04,67.92,15.71,994.75,5.88,12.44,1.7,15.71
2023-01-24,32.6,25.74,48.68,996.92,52.95,6.85,6.96,4.39
2023-01-25,20.01,38.14,14.4,1020.37,4.5,17.02,9.11,9.28
2023-01-26,38.56,94.52,44.47,980.77,2.92,12.46,9.72,27.98
2023-01-27,40.15,92.67,44.04,1011.45,61.29,15.43,2.95,1.99
2023-01-28,39.63,82.5,37.88,1022.96,30.33,21.62,7.74,1.18
2023-01-29,42.16,21.55,28.17,1011.78,74.25,10.25,9.34,0.81
2023-01-30,18.83,46.16,6.0,1024.73,89.61,13.92,1.82,2.9
2023-01-31,36.43,70.24,26.6,1010.94,13.94,24.56,4.73,3.73
2023-02-01,26.12,42.02,17.84,981.55,72.45,21.09,9.27,2.56
2023-02-02,39.47,92.77,39.61,1017.22,51.45,13.16,2.83,1.96
2023-02-03,35.5,70.71,37.91,992.81,11.21,21.61,9.4,0.74
2023-02-04,37.18,25.75,45.53,1000.07,65.16,24.13,5.74,2.33
2023-02-05,32.97,92.72,0.74,994.04,60.95,19.81,1.9,0.36
2023-02-06,16.21,96.62,40.46,992.08,51.56,10.99,5.05,8.01
2023-02-07,29.08,26.22,46.92,999.41,92.65,5.01,3.94,0.19
2023-02-08,44.46,62.59,39.47,997.04,52.11,25.07,3.54,1.92
2023-02-09,42.81,44.27,6.51,1008.5,99.05,25.57,5.87,0.42
2023-02-10,11.51,51.43,4.06,1016.59,50.92,22.44,5.35,5.97
2023-02-11,15.77,34.37,1.04,993.37,11.59,6.91,5.34,1.5
2023-02-12,14.61,66.25,31.44,989.62,47.05,19.63,1.79,0.48
2023-02-13,35.41,96.64,31.48,1010.01,18.23,25.53,8.22,3.03
2023-02-14,38.62,60.25,49.35,1010.16,59.71,14.74,5.33,9.92
2023-02-15,17.47,26.63,19.9,1020.55,69.31,9.95,8.39,9.57
2023-02-16,27.7,69.6,16.6,980.72,46.84,19.69,8.42,1.15
2023-02-17,39.42,47.22,31.22,1018.39,9.77,25.66,3.85,5.09
2023-02-18,35.65,88.47,41.28,1003.45,46.86,6.22,1.04,0.12
2023-02-19,28.98,54.77,46.84,1007.96,8.15,19.92,9.2,0.57
2023-02-20,30.66,35.43,40.16,984.11,68.21,21.08,7.85,2.77
2023-02-21,27.79,35.29,21.33,999.47,79.04,20.06,1.97,1.04
2023-02-22,20.41,81.5,31.75,990.23,96.24,21.25,7.32,6.4
2023-02-23,29.78,41.25,42.81,991.44,14.88,20.78,1.18,10.7
2023-02-24,34.11,81.38,24.53,1002.68,53.24,8.26,1.25,0.02
2023-02-25,40.57,36.47,10.83,1016.56,56.75,10.87,5.73,1.06
2023-02-26,32.27,45.73,8.49,1013.47,92.25,20.47,1.86,2.32
2023-02-27,36.64,57.24,0.01,1006.59,62.73,5.44,9.68,3.31
2023-02-28,15.6,95.46,35.91,1004.27,14.55,20.87,9.04,9.9
2023-03-01,26.15,94.54,5.55,999.23,43.64,21.63,6.85,8.9
2023-03-02,10.33,36.55,12.19,1023.77,65.48,10.98,1.57,4.06
2023-03-03,18.63,48.66,14.89,1005.21,70.03,19.95,3.92,1.19
2023-03-04,35.43,31.95,28.02,991.43,86.31,18.35,4.35,6.12
2023-03-05,44.71,60.8,19.9,990.35,18.05,11.52,5.33,0.91
2023-03-06,13.47,56.85,33.73,1007.51,95.15,16.57,2.52,13.43
2023-03-07,24.05,92.06,2.78,1003.53,5.91,27.74,6.2,0.02
2023-03-08,38.0,94.4,6.2,980.35,98.38,15.67,4.92,3.37
2023-03-09,17.14,50.69,24.96,1017.35,85.78,20.75,9.53,0.37
2023-03-10,29.43,59.34,16.85,1011.69,66.03,5.88,9.43,2.09
2023-03-11,35.66,91.7,14.79,1009.78,73.5,6.95,6.09,4.03
2023-03-12,31.56,84.54,3.35,983.1,7.27,7.03,6.8,4.68
2023-03-13,16.58,20.29,44.79,996.29,4.15,24.46,2.24,6.16
2023-03-14,22.44,45.6,34.59,1022.09,10.18,13.76,3.01,3.6
2023-03-15,37.43,53.74,6.08,1018.82,8.74,10.69,9.11,1.16
2023-03-16,29.4,38.38,3.25,992.85,54.74,23.68,7.29,8.8
2023-03-17,10.18,35.97,48.74,987.07,21.54,9.25,2.7,6.67
2023-03-18,36.63,23.02,34.06,1000.21,86.02,11.16,6.13,0.7
2023-03-19,11.24,71.47,20.87,996.01,44.57,15.77,9.41,7.01
2023-03-20,36.1,41.0,35.09,1010.7,69.55,13.29,4.11,14.4
2023-03-21,17.09,24.19,37.82,1023.49,65.29,19.63,2.67,4.06
2023-03-22,43.53,38.48,39.0,996.34,31.99,13.45,9.48,1.32
2023-03-23,22.88,84.15,23.89,982.8,24.32,14.82,5.15,3.73
2023-03-24,21.44,88.12,21.49,1020.39,34.25,26.57,4.76,1.68
2023-03-25,15.21,58.65,0.55,981.71,79.67,27.11,3.41,4.51
2023-03-26,20.7,53.29,46.33,1022.87,58.63,25.69,9.02,3.15
2023-03-27,40.68,98.23,30.17,1009.91,25.35,26.62,8.61,10.61
2023-03-28,44.87,36.05,10.16,1022.38,81.78,19.24,4.63,3.85
2023-03-29,22.89,37.23,45.98,988.98,5.48,21.16,1.28,0.96
2023-03-30,25.7,43.35,45.75,981.83,69.92,18.93,5.02,5.17
2023-03-31,35.27,33.82,49.46,1001.97,43.91,24.64,2.63,1.43
2023-04-01,41.02,50.35,43.7,1000.28,73.13,18.78,2.28,1.27
2023-04-02,30.76,92.87,49.89,994.92,92.75,7.78,4.54,1.99
2023-04-03,23.7,69.23,12.23,1023.09,75.0,25.24,1.89,0.05
2023-04-04,24.44,52.96,42.11,1017.02,44.2,24.01,9.62,13.91
2023-04-05,34.35,94.75,41.15,1009.77,15.1,25.51,1.43,3.04
2023-04-06,10.11,23.88,11.55,987.33,80.64,9.76,4.61,5.94
2023-04-07,31.69,36.82,4.92,1013.04,46.07,11.79,2.46,1.19
2023-04-08,22.44,65.27,48.97,1012.72,7.53,12.39,7.2,5.49
2023-04-09,37.8,69.24,14.8,999.13,71.91,17.7,1.71,3.35
2023-04-10,13.25,23.16,43.54,1021.62,29.19,8.35,5.92,2.21
2023-04-11,30.59,52.24,0.21,987.51,4.89,14.63,7.96,14.12
2023-04-12,26.83,71.93,1.05,992.03,90.28,9.55,9.55,2.72
2023-04-13,32.48,75.85,23.29,982.85,48.31,11.62,7.29,4.29
2023-04-14,12.27,71.05,11.94,1015.8,28.1,22.66,1.9,0.06
2023-04-15,30.3,45.65,34.49,1007.98,71.64,26.37,1.8,1.44
2023-04-16,29.65,27.48,28.28,994.17,88.59,5.57,7.58,8.78
2023-04-17,29.62,54.17,3.87,987.37,0.03,19.15,2.94,5.69
2023-04-18,31.12,30.3,8.13,981.81,68.79,5.9,5.03,3.08
2023-04-19,33.68,95.81,19.4,987.5,76.7,7.13,9.79,9.22
2023-04-20,38.17,58.01,9.28,1000.4,20.99,22.63,8.38,2.66
2023-04-21,19.44,45.38,39.61,991.12,48.96,23.39,8.62,3.34
2023-04-22,38.88,81.3,20.8,991.65,8.93,25.35,8.75,1.93
2023-04-23,27.44,59.84,4.67,1019.4,74.67,16.86,6.58,3.87
2023-04-24,12.7,44.8,24.22,1003.18,84.75,26.5,7.7,1.54
2023-04-25,12.05,84.96,4.54,1012.82,10.82,9.17,4.23,1.95
2023-04-26,21.7,89.37,6.45,981.61,81.65,11.24,9.99,13.56
2023-04-27,37.47,73.84,11.98,996.43,77.16,8.36,3.52,0.47
2023-04-28,34.77,23.76,42.98,1001.56,34.69,24.94,6.31,0.44
2023-04-29,37.6,65.31,46.23,988.39,69.03,10.72,3.54,0.18
2023-04-30,28.1,81.06,41.31,985.41,0.0,8.89,2.01,1.54
2023-05-01,25.41,30.92,16.7,1019.16,93.18,20.58,6.11,2.03
2023-05-02,15.16,38.29,13.62,1022.27,55.04,6.93,4.18,0.4
2023-05-03,21.49,90.6,27.46,983.55,62.03,6.12,6.25,3.19
2023-05-04,25.19,21.61,36.09,995.71,66.47,7.67,6.03,3.5
2023-05-05,13.1,80.22,49.67,1023.12,56.14,5.01,5.88,5.56
2023-05-06,17.72,57.9,6.58,983.74,85.68,22.42,2.11,14.91
2023-05-07,30.94,55.74,2.46,1008.96,60.97,19.06,4.96,3.86
2023-05-08,35.75,20.57,34.72,1023.75,90.78,10.25,8.31,0.47
2023-05-09,44.94,85.55,41.61,1024.02,58.23,10.83,3.84,0.37
2023-05-10,42.66,48.79,42.32,1001.21,17.11,25.27,4.99,6.01
2023-05-11,32.49,63.26,33.92,987.32,91.36,17.55,5.44,4.2
2023-05-12,24.74,74.18,47.7,989.09,68.16,22.46,8.76,0.71
2023-05-13,32.27,76.21,25.55,1020.03,69.92,16.32,6.9,1.17
2023-05-14,37.5,96.48,45.69,1021.03,98.55,10.94,1.9,5.55
2023-05-15,14.14,62.51,48.39,1007.35,7.52,29.26,8.79,3.34
2023-05-16,24.35,51.98,42.36,1014.48,42.86,19.14,8.49,3.52
2023-05-17,39.39,96.3,15.49,1013.3,23.91,8.27,7.78,0.94
2023-05-18,23.43,71.37,9.81,1009.78,63.04,15.15,5.19,3.97
2023-05-19,30.02,43.85,27.41,1017.23,80.68,13.23,7.82,5.89
2023-05-20,30.57,30.12,22.65,1010.84,96.63,10.35,5.31,8.66
2023-05-21,16.46,87.4,43.89,1004.03,45.46,28.34,7.63,5.34
2023-05-22,22.68,48.97,5.0,990.66,78.62,27.02,8.92,3.44
2023-05-23,21.71,72.84,12.89,1013.47,91.71,9.98,9.01,4.47
2023-05-24,10.92,57.67,37.59,1001.3,68.33,13.8,5.09,2.66
2023-05-25,10.85,35.91,4.75,993.27,24.27,24.06,8.73,1.03
2023-05-26,39.11,68.13,16.04,1016.09,60.79,10.21,1.91,8.56
2023-05-27,19.56,24.85,19.36,1011.35,97.0,19.79,1.92,3.04
2023-05-28,28.13,53.07,31.13,1022.18,98.76,22.49,5.93,3.61
2023-05-29,20.46,63.73,7.91,987.44,64.24,21.35,6.87,18.46
2023-05-30,42.92,54.88,43.03,1009.21,88.7,22.66,2.38,16.8
2023-05-31,19.08,79.89,22.38,990.99,20.03,22.67,5.25,3.53
2023-06-01,25.04,86.23,45.85,1020.66,24.61,29.12,1.85,0.14
2023-06-02,40.55,81.7,23.39,984.48,95.29,13.66,6.42,2.02
2023-06-03,39.47,23.11,13.75,1009.53,13.52,26.96,8.7,11.08
2023-06-04,16.51,35.53,7.09,1015.6,19.11,5.55,7.64,1.36
2023-06-05,38.09,62.93,0.19,995.97,42.05,12.21,4.4,28.88
2023-06-06,26.04,94.79,26.61,1022.94,58.96,6.22,9.94,0.35
2023-06-07,26.9,86.8,5.36,1018.28,60.38,21.28,6.97,3.36
2023-06-08,14.67,87.4,19.59,993.26,29.2,7.52,8.34,2.9
2023-06-09,12.82,44.26,29.46,980.34,92.06,26.14,7.03,1.18
2023-06-10,35.48,54.36,13.78,993.35,91.51,21.16,9.9,11.87
2023-06-11,27.38,57.66,8.76,992.66,39.21,5.72,8.39,3.86
2023-06-12,25.29,32.59,38.74,1020.05,43.43,22.87,5.67,1.05
2023-06-13,35.53,22.49,47.34,1023.52,70.25,26.55,4.3,1.94
2023-06-14,36.79,95.75,5.02,983.17,66.3,21.53,7.14,5.11
2023-06-15,15.56,39.26,7.78,1001.21,38.23,5.76,6.31,1.41
2023-06-16,31.36,39.2,48.0,1004.67,41.42,26.45,6.66,8.47
2023-06-17,14.74,26.67,1.89,984.18,34.8,23.31,4.09,0.72
2023-06-18,36.3,94.28,48.88,996.99,23.54,14.46,4.86,1.23
2023-06-19,32.99,66.38,0.23,994.27,45.81,13.22,6.02,0.63
2023-06-20,43.48,73.36,43.68,1004.12,68.64,17.0,8.55,0.44
2023-06-21,12.41,92.93,15.37,1009.75,74.2,26.68,7.87,1.43
2023-06-22,12.0,47.65,46.93,1011.66,77.89,11.3,2.07,28.42
2023-06-23,19.88,69.72,15.85,986.15,37.47,7.52,3.21,0.4
2023-06-24,19.16,23.1,32.72,1016.58,76.46,26.62,1.24,0.96
2023-06-25,18.64,34.94,4.0,1010.53,0.65,5.66,1.07,1.27
2023-06-26,41.72,86.5,12.12,1020.01,47.7,27.77,3.02,3.86
2023-06-27,18.73,81.34,38.68,1000.22,79.39,12.64,8.19,5.47
2023-06-28,19.52,48.05,26.43,1020.23,63.0,17.71,9.14,5.58
2023-06-29,36.58,50.14,46.4,1018.96,47.41,8.31,4.53,0.03
2023-06-30,25.74,62.68,21.44,999.73,64.46,27.56,6.07,4.22
2023-07-01,37.18,20.02,43.49,997.15,90.69,23.75,7.35,3.98
2023-07-02,12.29,39.3,22.45,1021.98,56.64,28.1,9.58,2.92
2023-07-03,27.06,36.66,48.96,1012.18,79.98,22.08,9.22,1.91
2023-07-04,11.18,40.04,47.99,1021.77,98.07,9.62,1.51,6.39
2023-07-05,12.19,84.47,16.46,1015.86,70.56,12.71,3.23,1.69
2023-07-06,41.73,42.37,44.3,1007.42,57.33,17.17,1.44,1.05
2023-07-07,14.87,35.32,42.38,985.21,3.75,20.18,6.55,1.48
2023-07-08,28.63,60.34,10.53,993.12,37.45,28.16,7.39,2.32
2023-07-09,24.39,89.25,31.21,1023.6,56.54,14.6,3.77,0.96
2023-07-10,22.16,39.31,3.63,994.37,79.72,22.58,8.68,3.74
2023-07-11,41.49,26.28,41.84,984.2,43.81,29.03,5.08,8.62
2023-07-12,10.76,48.51,8.73,1011.84,96.01,8.81,9.99,3.62
2023-07-13,33.23,79.81,3.54,1013.03,27.18,26.57,1.0,2.37
2023-07-14,43.72,64.06,20.01,992.85,74.46,15.52,1.99,6.38
2023-07-15,29.61,85.34,28.85,993.4,41.9,23.31,3.72,5.51
2023-07-16,42.79,96.77,42.75,1001.1,48.6,12.34,1.23,1.83
2023-07-17,11.83,83.41,48.71,980.98,80.25,13.35,8.04,3.71
2023-07-18,24.66,68.3,21.97,1015.52,29.62,5.68,1.47,5.24
2023-07-19,19.11,59.47,3.02,994.27,9.68,29.29,7.74,1.13
2023-07-20,35.58,23.21,37.46,1018.42,52.03,25.34,1.47,1.82
2023-07-21,44.35,98.75,28.26,1016.12,52.88,7.35,3.27,0.45
2023-07-22,18.98,50.68,22.39,1009.76,79.72,29.99,8.57,17.59
2023-07-23,32.9,32.18,15.46,994.62,96.83,20.13,9.56,0.36
2023-07-24,16.93,73.34,25.12,1003.23,5.53,26.34,4.73,0.74
2023-07-25,29.79,42.74,16.93,1000.02,59.17,6.67,9.73,2.61
2023-07-26,26.24,66.86,37.85,995.25,68.13,14.74,6.64,8.02
2023-07-27,44.02,66.94,27.19,1018.17,98.58,21.74,4.74,1.76
2023-07-28,31.3,55.66,43.84,1001.76,94.26,7.66,8.23,5.85
2023-07-29,22.23,86.89,27.18,1017.47,71.25,17.22,3.66,4.51
2023-07-30,13.99,41.2,11.91,984.73,52.18,16.07,3.39,4.07
2023-07-31,15.29,55.89,42.55,986.35,16.15,10.4,6.91,7.46
2023-08-01,17.89,63.02,27.86,1023.98,38.42,12.51,4.51,0.06
2023-08-02,18.78,73.09,10.34,1006.45,58.51,29.18,2.22,10.59
2023-08-03,39.77,82.72,31.18,1002.94,72.52,12.22,1.6,7.07
2023-08-04,29.64,51.58,17.89,1003.54,63.54,10.34,8.09,11.11
2023-08-05,28.32,71.68,42.22,989.69,71.41,18.41,7.08,6.31
2023-08-06,14.02,32.05,22.66,1012.34,42.92,21.77,4.71,8.43
2023-08-07,40.1,94.61,36.32,983.82,72.76,23.13,9.07,0.91
2023-08-08,35.3,50.64,4.78,1005.8,14.37,23.86,4.7,1.54
2023-08-09,12.37,78.36,19.8,1005.68,16.26,5.92,7.39,1.51
2023-08-10,34.77,21.63,49.16,1021.14,16.28,14.84,9.18,0.46
2023-08-11,29.02,36.41,40.42,1003.68,89.09,24.35,8.57,5.23
2023-08-12,12.86,58.97,8.0,986.17,7.6,27.62,5.6,0.59
2023-08-13,26.04,90.26,13.89,1005.77,80.15,20.06,7.13,0.22
2023-08-14,26.96,62.18,16.49,984.11,23.36,6.31,4.72,5.97
2023-08-15,15.8,94.39,32.52,989.17,46.84,14.92,6.82,9.4
2023-08-16,43.1,58.7,37.85,981.4,91.6,6.86,3.32,5.78
2023-08-17,39.75,59.24,37.48,1003.1,58.59,23.71,4.91,6.98
2023-08-18,33.42,29.58,25.49,983.8,21.01,6.59,2.89,3.62
2023-08-19,26.18,84.21,40.54,1001.12,28.41,9.64,1.34,8.75
2023-08-20,24.41,39.76,21.85,1021.98,92.04,15.42,6.3,2.75
2023-08-21,32.78,91.97,6.19,1012.39,42.71,16.57,8.78,17.8
2023-08-22,29.09,92.87,28.22,983.48,58.7,15.16,1.23,0.44
2023-08-23,12.18,95.46,47.62,990.09,45.99,16.58,2.76,6.63
2023-08-24,27.94,61.62,39.65,1010.31,37.84,22.83,5.14,4.1
2023-08-25,38.22,74.17,28.94,1020.26,22.33,14.23,6.99,3.48
2023-08-26,26.07,82.28,32.34,981.48,68.62,18.69,2.54,5.18
2023-08-27,11.82,30.48,46.53,1016.56,71.82,12.58,1.51,7.34
2023-08-28,37.52,68.08,21.42,1005.28,27.49,13.84,5.67,7.95
2023-08-29,17.05,22.74,16.57,1004.57,78.9,20.34,8.37,0.77
2023-08-30,19.05,59.81,48.86,1023.1,85.45,17.26,1.32,0.88
2023-08-31,15.76,32.39,43.17,1013.64,92.07,23.08,4.14,0.07
2023-09-01,21.56,34.63,16.15,1018.26,16.12,19.01,6.97,0.57
2023-09-02,36.49,49.2,23.19,995.93,30.39,25.09,2.18,1.23
2023-09-03,28.18,54.59,20.75,1004.95,86.04,16.09,3.12,5.11
2023-09-04,17.17,69.85,7.45,1007.69,19.85,17.28,5.82,2.58
2023-09-05,40.72,25.95,47.89,994.47,0.35,21.75,9.58,5.67
2023-09-06,40.79,60.3,20.22,1005.66,87.08,10.53,3.59,2.67
2023-09-07,40.47,34.61,43.77,990.65,32.64,14.65,5.39,3.24
2023-09-08,18.36,65.92,9.47,986.45,41.45,20.62,4.6,0.47
2023-09-09,25.79,70.99,27.39,996.83,44.63,5.72,9.08,5.99
2023-09-10,44.47,64.54,1.2,1013.27,84.83,15.92,1.65,5.68
2023-09-11,37.02,79.06,38.21,1021.23,33.79,19.97,6.1,1.47
2023-09-12,10.95,46.85,29.05,1000.6,89.23,29.18,8.62,1.59
2023-09-13,12.28,81.21,31.28,1008.93,61.69,26.93,9.89,0.99
2023-09-14,26.24,54.62,2.59,984.64,52.73,12.02,7.29,6.72
2023-09-15,41.82,58.73,10.55,1020.7,32.56,17.68,4.42,5.5
2023-09-16,28.85,71.85,3.72,1005.59,24.37,6.41,4.71,3.76
2023-09-17,27.42,21.47,14.45,1015.12,62.41,11.02,4.17,1.09
2023-09-18,13.69,72.32,31.37,1015.75,44.69,24.37,6.43,0.75
2023-09-19,32.99,69.49,28.31,991.54,91.05,8.08,7.65,0.21
2023-09-20,38.77,44.79,30.61,1003.81,49.16,11.44,8.38,0.19
2023-09-21,23.31,26.86,27.46,1023.22,51.18,28.6,4.75,0.83
2023-09-22,37.15,27.27,13.65,984.03,41.67,25.6,7.45,0.42
2023-09-23,43.76,93.86,12.23,1010.74,78.93,24.55,9.25,3.25
2023-09-24,17.13,75.14,6.85,1023.3,42.48,26.61,9.29,1.77
2023-09-25,28.32,30.17,42.45,993.53,26.93,23.74,7.34,2.35
2023-09-26,20.05,48.54,30.82,1018.77,86.2,8.01,6.73,3.61
2023-09-27,37.75,67.4,9.33,1022.01,59.68,17.91,5.78,4.3
2023-09-28,30.22,86.85,8.86,1013.62,59.15,16.11,2.65,4.18
2023-09-29,32.21,23.49,43.65,990.41,61.08,12.78,2.11,1.21
2023-09-30,37.93,38.93,37.14,995.03,71.88,25.85,5.37,6.64
2023-10-01,23.86,91.18,32.97,981.61,31.31,16.6,2.43,9.99
2023-10-02,42.03,20.73,20.34,1017.42,3.38,6.51,6.19,1.52
2023-10-03,28.66,36.11,13.1,1018.23,81.06,11.87,6.81,0.07
2023-10-04,15.53,96.72,48.97,1008.47,12.89,10.72,5.73,9.18
2023-10-05,34.36,69.07,39.86,995.86,72.18,27.19,1.33,10.28
2023-10-06,37.76,40.93,15.09,983.46,8.23,21.19,1.52,0.21
2023-10-07,21.09,25.36,42.38,1013.89,37.53,19.01,2.02,0.02
2023-10-08,40.0,22.26,37.95,1012.69,6.3,17.67,2.38,6.78
2023-10-09,41.72,39.58,14.85,1021.07,52.22,21.25,9.91,1.44
2023-10-10,19.69,90.52,21.33,1012.87,65.31,23.87,4.1,9.84
2023-10-11,44.42,53.27,9.3,1017.29,17.14,18.86,3.63,0.98
2023-10-12,14.92,77.63,5.55,1013.57,37.16,28.46,1.47,7.9
2023-10-13,17.07,93.46,36.14,1008.38,93.02,29.42,6.72,0.28
2023-10-14,16.45,52.64,13.38,999.21,44.24,29.88,6.87,1.21
2023-10-15,41.29,35.3,41.0,1020.6,80.25,21.73,2.58,14.47
2023-10-16,32.9,61.37,49.78,1009.29,92.72,28.32,9.27,1.05
2023-10-17,15.32,92.65,3.83,997.93,97.43,15.11,8.2,0.57
2023-10-18,25.41,84.35,23.65,983.76,89.83,26.49,3.07,7.78
2023-10-19,31.54,25.27,40.1,993.08,31.74,27.73,5.37,0.5
2023-10-20,12.92,75.41,39.45,1004.47,96.26,27.6,5.13,0.41
2023-10-21,40.88,65.75,38.0,992.4,81.24,25.77,4.14,1.56
2023-10-22,38.13,92.6,17.45,989.96,83.72,15.16,8.36,4.04
2023-10-23,27.68,29.8,22.69,1003.73,1.52,8.97,1.98,4.96
2023-10-24,43.85,62.72,29.75,987.64,95.42,13.35,4.74,8.52
2023-10-25,24.62,90.36,48.7,1016.02,77.81,24.18,4.85,3.11
2023-10-26,44.44,52.8,16.38,1001.8,76.8,10.82,5.22,2.0
2023-10-27,33.38,58.56,46.16,1005.82,8.15,16.96,8.75,1.78
2023-10-28,32.21,25.64,13.47,986.63,23.26,19.13,2.96,7.51
2023-10-29,15.81,42.25,49.45,994.61,96.23,20.1,1.93,5.15
2023-10-30,40.87,45.96,33.51,998.45,50.07,28.39,6.56,9.43
2023-10-31,24.96,95.61,23.18,1016.37,39.79,21.54,2.56,13.3
2023-11-01,15.68,42.61,30.67,1014.66,83.99,24.66,1.67,1.43
2023-11-02,10.44,56.87,13.63,990.03,8.73,19.55,4.84,3.02
2023-11-03,29.59,73.7,13.71,1007.73,41.69,25.84,2.98,4.0
2023-11-04,28.46,32.97,5.68,990.96,37.57,11.59,4.25,0.72
2023-11-05,35.18,58.92,5.7,1024.47,34.99,10.25,3.34,0.22
2023-11-06,41.16,79.08,17.38,1022.85,30.77,28.16,1.83,8.09
2023-11-07,12.78,89.35,38.14,1005.35,21.01,22.34,6.04,3.07
2023-11-08,35.6,70.1,30.4,1011.45,17.29,21.79,1.24,3.38
2023-11-09,16.56,73.52,5.13,1016.06,64.04,16.68,9.7,3.24
2023-11-10,40.04,30.1,42.61,1012.44,91.94,14.42,4.07,5.63
2023-11-11,38.67,95.66,30.07,1011.49,50.89,18.89,7.26,0.63
2023-11-12,28.93,30.61,48.04,1023.13,29.8,8.01,8.29,3.81
2023-11-13,34.86,81.97,33.51,1006.84,15.92,16.37,3.51,2.54
2023-11-14,21.0,41.19,8.76,1008.63,83.01,16.38,7.74,9.09
2023-11-15,26.49,94.69,23.69,1018.22,97.15,18.46,8.49,2.93
2023-11-16,38.76,77.6,32.42,1010.15,34.92,20.87,3.17,11.45
2023-11-17,26.07,80.31,1.41,1012.98,29.1,28.93,9.93,1.74
2023-11-18,22.52,37.52,0.75,990.54,60.15,21.3,1.19,13.63
2023-11-19,27.3,55.44,6.47,996.71,77.53,27.09,2.95,8.32
2023-11-20,38.99,69.43,12.58,986.63,45.54,18.91,8.02,3.51
2023-11-21,21.73,81.6,21.48,1002.76,63.01,20.67,2.75,1.75
2023-11-22,16.08,28.32,24.37,1000.51,71.65,6.75,7.28,1.89
2023-11-23,34.92,96.99,6.9,1024.87,96.06,8.33,8.7,5.93
2023-11-24,38.91,91.22,33.67,1007.5,16.5,19.49,9.63,3.48
2023-11-25,13.52,41.63,29.81,1015.39,99.74,14.89,5.27,2.05
2023-11-26,18.4,85.82,14.72,995.03,39.22,24.97,9.74,4.04
2023-11-27,14.97,61.47,0.68,1017.42,72.32,18.58,4.7,5.29
2023-11-28,22.18,56.94,3.88,1007.68,57.24,27.06,2.96,0.09
2023-11-29,25.76,45.15,19.58,1011.36,48.67,29.31,5.63,0.38
2023-11-30,36.21,66.48,7.7,993.25,69.81,8.69,6.85,0.4
2023-12-01,32.79,78.39,18.84,1004.69,39.58,14.87,5.12,1.06
2023-12-02,31.73,52.87,31.41,1008.53,12.61,21.62,6.1,2.23
2023-12-03,22.33,70.34,27.36,1006.51,48.89,12.64,4.75,6.51
2023-12-04,39.45,75.95,11.56,1021.18,52.19,11.68,5.72,1.73
2023-12-05,26.5,76.89,17.19,1020.42,20.19,25.34,9.57,0.07
2023-12-06,44.27,24.16,30.7,1023.69,93.56,29.51,5.5,2.64
2023-12-07,32.19,88.78,43.04,1010.03,22.75,24.35,3.28,22.77
2023-12-08,14.42,56.66,37.66,1023.74,40.92,18.09,7.83,1.72
2023-12-09,33.67,40.99,27.67,1017.46,15.49,16.06,4.04,13.0
2023-12-10,21.38,39.34,18.11,992.19,53.58,18.49,8.35,0.43
2023-12-11,34.02,58.64,18.25,999.23,30.76,16.57,1.51,0.76
2023-12-12,12.44,90.95,43.97,990.73,48.93,17.57,3.99,5.15
2023-12-13,16.12,50.27,1.96,980.19,22.46,10.09,1.85,2.78
2023-12-14,39.95,79.98,49.4,988.46,5.38,27.59,1.77,5.79
2023-12-15,17.95,27.75,33.22,980.18,77.92,23.86,6.93,7.97
2023-12-16,39.3,58.08,34.06,1012.39,64.11,22.02,4.47,1.16
2023-12-17,19.77,99.33,1.9,999.15,34.07,28.75,8.84,4.59
2023-12-18,32.5,81.64,30.28,994.07,4.75,12.11,5.65,3.74
2023-12-19,34.3,36.84,24.24,1014.28,86.56,7.03,3.66,7.91
2023-12-20,27.94,60.12,5.29,1017.46,16.98,25.65,7.49,2.25
2023-12-21,20.69,38.69,13.9,1023.89,93.07,29.96,6.62,0.21
2023-12-22,17.44,52.76,44.52,1008.89,47.86,19.46,8.2,3.42
2023-12-23,11.16,82.41,27.5,1000.77,34.04,6.47,6.79,12.76
2023-12-24,20.64,81.7,20.67,993.74,74.18,24.51,2.5,0.06
2023-12-25,32.86,38.25,3.63,990.0,87.68,6.84,7.03,1.1
2023-12-26,42.84,93.78,35.71,989.58,37.07,18.5,4.52,1.52
2023-12-27,40.49,67.41,35.14,998.41,40.73,11.94,5.17,5.81
2023-12-28,36.81,50.39,30.7,1024.63,43.32,27.88,9.29,1.56
2023-12-29,37.6,60.15,25.51,980.04,92.23,16.28,4.24,1.09
2023-12-30,33.27,68.41,21.69,988.87,69.26,27.46,6.51,4.18
2023-12-31,19.11,64.79,29.66,988.48,24.76,12.48,4.27,0.19
2024-01-01,41.75,58.91,11.67,1012.27,18.5,14.68,1.85,0.75
2024-01-02,33.48,60.39,47.06,995.86,23.04,28.68,5.08,2.1
2024-01-03,29.62,34.11,29.44,1000.58,26.36,10.03,6.37,1.76
2024-01-04,13.88,85.02,15.56,986.69,23.02,19.46,4.67,1.71
2024-01-05,25.65,63.34,22.48,998.22,65.85,14.71,4.52,0.46
2024-01-06,26.11,30.49,40.28,984.64,11.59,24.35,8.38,1.79
2024-01-07,40.26,81.29,8.08,1003.99,38.74,8.23,1.27,6.4
2024-01-08,29.13,94.6,14.64,984.41,62.51,15.93,3.66,2.14
2024-01-09,23.31,95.78,33.98,1015.57,29.09,22.47,8.31,3.53
2024-01-10,44.19,49.52,15.77,1005.5,6.53,15.18,9.28,0.71
2024-01-11,13.88,30.84,39.63,1012.58,8.18,6.46,4.71,0.29
2024-01-12,24.79,61.47,6.52,998.83,12.6,22.63,9.0,8.48
2024-01-13,11.47,29.01,38.13,997.17,83.58,17.58,2.79,1.61
2024-01-14,35.9,94.72,3.42,984.42,65.79,5.28,2.99,1.73
2024-01-15,42.13,34.69,0.63,1003.57,6.45,20.32,8.62,8.4
2024-01-16,19.8,40.22,44.91,1003.15,39.11,28.0,9.13,4.92
2024-01-17,40.04,52.53,29.07,1001.06,27.86,7.78,3.01,5.65
2024-01-18,20.23,50.65,17.59,1013.32,57.8,19.77,1.53,4.58
2024-01-19,41.88,83.57,11.63,1017.46,52.28,23.22,1.81,0.45
2024-01-20,36.39,56.51,30.84,1013.79,48.11,6.77,3.35,12.68
2024-01-21,38.17,33.66,25.45,986.47,31.45,5.57,7.85,9.59
2024-01-22,10.63,41.38,49.58,1007.99,13.78,16.6,5.59,1.08
2024-01-23,43.7,60.73,49.16,983.61,74.24,24.78,5.1,6.52
2024-01-24,35.43,31.8,31.75,1011.26,87.99,9.02,6.26,2.11
2024-01-25,20.67,68.93,22.14,997.18,94.42,25.92,9.01,4.61
2024-01-26,39.03,65.26,24.56,985.96,5.86,21.41,1.81,0.72
2024-01-27,19.85,77.18,34.12,1018.79,73.99,13.3,7.25,3.09
2024-01-28,40.55,95.02,5.08,1007.63,72.65,17.9,9.34,0.54
2024-01-29,13.94,92.98,16.42,995.96,94.71,29.14,2.92,3.07
2024-01-30,34.63,95.69,3.76,981.38,25.29,10.41,8.54,1.12
2024-01-31,28.92,39.58,3.67,1004.18,74.22,17.49,7.28,2.41
2024-02-01,13.38,30.53,9.79,1021.55,5.46,20.61,1.13,4.41
2024-02-02,18.47,44.18,24.26,1006.84,63.12,8.45,3.08,8.38
2024-02-03,10.43,91.61,39.24,1023.72,35.08,6.09,6.45,0.72
2024-02-04,26.41,97.76,24.27,986.14,76.89,5.34,5.52,8.95
2024-02-05,20.54,88.75,16.77,1005.57,86.33,13.12,5.75,1.98
2024-02-06,30.94,28.8,4.12,1015.92,36.48,6.85,3.09,7.43
2024-02-07,20.4,95.79,27.51,1003.65,52.56,25.09,7.08,2.87
2024-02-08,20.5,53.87,13.56,984.1,11.74,29.93,3.4,7.93
2024-02-09,36.01,20.74,30.75,1006.23,41.69,6.53,4.5,4.35
2024-02-10,11.68,55.39,48.86,1007.53,36.08,15.82,4.32,2.84
2024-02-11,41.6,23.69,5.57,1012.79,18.31,5.64,7.05,1.5
2024-02-12,39.83,63.51,10.61,1014.25,89.45,8.35,1.81,13.88
2024-02-13,33.37,47.08,23.65,1014.68,14.81,13.07,2.85,6.46
2024-02-14,30.76,57.87,48.43,1009.85,63.57,14.84,2.8,1.92
2024-02-15,41.23,69.05,38.59,989.71,89.01,28.49,1.98,0.73
2024-02-16,16.49,89.5,44.91,998.19,91.2,14.9,2.87,6.05
2024-02-17,12.76,72.95,16.69,1014.93,79.32,17.41,6.46,18.4
2024-02-18,18.38,54.72,49.6,1022.9,17.61,11.14,7.59,1.31
2024-02-19,37.81,85.55,5.14,983.55,81.74,5.0,6.94,9.9
2024-02-20,11.21,92.45,2.65,1004.1,27.66,27.48,5.28,0.54
2024-02-21,30.4,29.58,42.78,994.06,92.24,7.04,1.47,12.16
2024-02-22,44.84,62.55,46.36,990.14,70.91,29.11,9.63,5.47
2024-02-23,39.95,42.76,4.53,1002.76,78.53,8.27,2.51,1.7
2024-02-24,28.25,23.76,5.67,1007.27,8.5,20.12,7.02,1.45
2024-02-25,12.23,73.48,1.66,980.44,58.28,29.99,9.22,4.12
2024-02-26,39.1,89.02,5.23,1015.11,82.11,8.46,7.28,3.6
2024-02-27,30.96,33.03,10.47,1016.89,86.16,15.6,2.96,10.05
2024-02-28,14.02,84.99,48.5,1023.45,2.86,24.51,3.84,5.81
2024-02-29,13.29,88.27,33.39,988.13,93.92,5.8,1.27,3.11
2024-03-01,41.84,93.15,38.93,1006.75,4.33,22.24,6.51,10.5
2024-03-02,33.42,41.22,38.81,999.2,61.45,7.01,6.52,3.59
2024-03-03,39.03,92.32,26.75,995.07,69.34,10.91,7.53,7.58
2024-03-04,40.76,45.65,39.87,1005.45,10.73,9.0,1.1,7.35
2024-03-05,30.01,64.19,29.79,1015.21,4.8,27.68,8.36,10.06
2024-03-06,28.11,24.04,15.73,981.04,78.49,9.51,7.65,0.28
2024-03-07,25.06,23.51,28.06,1023.62,38.47,6.01,2.27,3.51
2024-03-08,21.09,77.63,26.68,1016.44,10.71,19.69,4.13,2.53
2024-03-09,25.21,55.56,41.17,1013.8,76.27,13.65,6.75,2.7
2024-03-10,37.09,40.5,49.09,1014.22,84.92,15.14,5.46,2.46
2024-03-11,31.07,35.23,20.55,997.51,58.74,7.98,2.04,7.27
2024-03-12,41.24,73.6,38.17,1013.82,16.12,23.71,1.79,1.53
2024-03-13,25.52,20.03,4.99,997.4,1.52,20.04,8.03,2.49
2024-03-14,31.25,84.47,38.84,1020.44,70.08,14.11,2.4,0.9
2024-03-15,32.1,26.34,18.57,987.98,55.01,9.29,2.55,1.16
2024-03-16,30.71,35.32,1.97,993.16,65.08,19.84,8.48,4.32
2024-03-17,34.59,50.9,18.16,1004.81,81.32,24.46,6.51,0.5
2024-03-18,18.31,58.79,30.53,994.36,43.42,12.81,6.44,0.83
2024-03-19,27.93,48.4,5.96,999.09,12.45,5.65,5.31,3.0
2024-03-20,13.65,45.66,46.2,1002.16,94.0,10.36,6.12,0.18
2024-03-21,23.46,97.11,3.88,1018.54,54.53,22.06,6.42,0.54
2024-03-22,27.07,71.33,46.5,1003.54,61.53,29.73,9.71,7.96
2024-03-23,32.83,21.87,35.36,996.31,93.34,5.33,3.01,7.49
2024-03-24,43.27,54.41,16.49,991.15,93.16,12.65,2.93,1.71
2024-03-25,31.02,90.0,19.54,998.39,57.21,6.55,1.51,1.71
2024-03-26,36.03,44.12,37.04,1003.21,29.76,12.91,6.92,11.03
2024-03-27,27.72,27.56,30.07,1013.58,99.71,15.15,5.94,0.1
2024-03-28,32.19,80.67,33.58,985.45,68.08,28.02,2.0,3.47
2024-03-29,12.48,68.48,19.46,989.97,40.84,7.01,4.28,3.64
2024-03-30,18.9,65.63,24.39,997.08,55.98,24.43,2.61,6.2
2024-03-31,22.66,24.29,49.49,996.22,41.58,14.89,3.98,12.13
2024-04-01,26.54,31.24,10.7,997.63,88.83,25.28,9.56,1.76
2024-04-02,11.6,69.8,20.89,1015.71,48.25,17.84,7.15,2.3
2024-04-03,14.9,36.63,14.59,994.59,82.35,5.98,1.07,4.45
2024-04-04,19.69,60.33,38.26,1002.59,84.02,28.66,3.27,13.68
2024-04-05,44.0,63.59,38.2,1008.08,82.43,7.07,1.09,8.86
2024-04-06,21.6,42.68,14.62,990.45,72.22,19.94,7.43,4.4
2024-04-07,26.87,95.87,4.07,1012.34,85.49,26.94,5.22,7.77
2024-04-08,16.86,87.4,0.57,1004.62,38.72,6.99,9.95,0.36
2024-04-09,31.38,77.79,21.37,1000.11,11.47,18.85,7.6,1.89
2024-04-10,19.82,26.24,20.52,1016.44,84.25,25.61,5.66,0.05
2024-04-11,17.24,28.49,49.42,990.96,49.82,29.66,8.24,0.78
2024-04-12,28.08,59.42,23.49,1019.74,12.74,23.11,7.34,3.98
2024-04-13,10.19,32.86,12.82,1005.25,11.53,11.96,3.19,8.67
2024-04-14,10.27,98.26,44.56,1007.41,15.92,22.49,5.77,4.01
2024-04-15,17.67,32.68,24.55,1019.38,75.1,22.64,6.0,4.36
2024-04-16,11.29,59.0,29.96,1016.79,71.09,22.5,5.06,0.44
2024-04-17,13.78,49.13,4.78,1007.07,20.38,26.36,2.61,4.37
2024-04-18,21.86,71.15,19.15,1013.89,84.69,7.18,3.01,2.42
2024-04-19,38.09,30.32,47.21,999.5,28.13,7.71,3.53,4.22
2024-04-20,30.02,54.43,29.48,1004.63,79.3,21.02,1.09,1.58
2024-04-21,27.94,41.98,17.23,982.79,48.88,28.85,9.25,3.48
2024-04-22,20.27,91.02,31.28,984.04,73.15,16.65,7.17,2.21
2024-04-23,42.61,23.25,45.52,1017.32,38.14,29.01,7.21,3.27
2024-04-24,23.9,93.1,13.7,982.69,34.71,28.45,6.15,0.64
2024-04-25,13.05,86.64,25.26,987.62,84.14,27.57,7.2,2.02
2024-04-26,31.6,43.81,47.93,1015.81,3.53,27.75,9.84,1.88
2024-04-27,13.98,83.14,8.62,980.05,97.47,27.46,4.47,5.33
2024-04-28,22.08,22.5,35.98,992.71,64.82,25.5,7.41,4.9
2024-04-29,27.76,97.35,30.72,1006.28,43.25,22.37,4.24,9.58
2024-04-30,40.6,62.13,33.98,1006.8,62.81,5.61,8.69,4.0
2024-05-01,27.27,44.26,17.56,1014.97,12.27,8.31,8.72,1.51
2024-05-02,34.58,49.01,15.69,1002.77,51.41,8.36,9.12,6.12
2024-05-03,44.75,25.31,34.21,1002.92,98.51,5.59,1.05,2.75
2024-05-04,14.6,99.15,10.78,1012.64,23.53,7.92,3.68,0.86
2024-05-05,19.62,23.14,20.98,1002.44,72.23,27.99,2.21,5.5
2024-05-06,23.81,72.39,9.41,1007.38,43.5,21.6,5.09,0.57
2024-05-07,24.76,55.42,0.42,1020.4,65.25,12.8,5.46,0.78
2024-05-08,24.39,95.91,48.5,998.07,20.49,24.83,3.3,5.69
2024-05-09,41.77,39.68,21.59,997.33,47.05,17.21,7.51,5.88
2024-05-10,34.99,62.57,48.47,980.16,98.01,8.55,3.43,6.26
2024-05-11,31.28,58.59,7.02,1007.6,19.53,27.11,8.69,1.39
2024-05-12,20.83,76.23,29.37,981.34,63.64,13.47,2.6,8.06
2024-05-13,38.83,25.44,10.05,1002.69,57.56,22.47,4.31,5.13
2024-05-14,43.43,35.5,39.5,1016.19,56.51,12.26,6.6,7.18
2024-05-15,38.74,37.17,39.19,1004.75,61.51,17.5,6.45,4.93
2024-05-16,10.05,79.05,5.63,992.13,50.22,25.41,1.7,3.47
2024-05-17,32.27,35.13,45.6,1015.38,1.69,8.92,8.62,0.46
2024-05-18,11.79,65.88,9.73,992.14,90.01,29.43,6.38,4.96
2024-05-19,19.02,37.22,30.65,1012.99,82.7,6.76,8.83,4.69
2024-05-20,12.08,88.93,49.28,1007.46,17.42,18.35,8.81,1.5
2024-05-21,31.13,95.37,44.12,987.65,41.33,27.9,5.91,5.32
2024-05-22,34.03,61.48,47.83,1020.73,77.05,28.64,9.2,3.2
2024-05-23,14.01,48.18,17.13,989.03,98.01,10.8,8.64,3.28
2024-05-24,23.43,38.72,5.28,1024.53,95.11,8.6,9.62,1.83
2024-05-25,25.97,23.98,9.42,980.33,89.94,23.11,8.65,0.5
2024-05-26,22.92,41.48,25.02,991.86,15.84,6.05,8.39,0.98
2024-05-27,14.24,72.34,39.66,988.99,91.45,17.13,5.22,5.86
2024-05-28,24.66,62.69,7.51,980.63,87.84,24.91,2.91,1.27
2024-05-29,36.29,95.52,32.99,1012.96,37.69,19.01,9.2,0.01
2024-05-30,12.49,51.7,16.18,1011.2,39.45,9.7,7.5,23.26
2024-05-31,12.81,75.51,17.06,1015.66,45.99,17.18,3.54,0.95
2024-06-01,22.42,59.15,33.1,991.55,65.62,28.03,4.07,4.26
2024-06-02,42.96,61.01,23.35,1000.0,26.08,20.43,7.17,10.46
2024-06-03,33.4,41.42,40.6,1009.66,2.29,23.04,5.3,3.66
2024-06-04,33.75,56.4,7.8,999.79,14.12,13.41,1.73,6.42
2024-06-05,22.67,57.66,39.5,1011.38,44.01,9.71,2.27,14.98
2024-06-06,30.78,76.53,3.21,1008.53,28.2,11.39,7.71,7.87
2024-06-07,10.35,95.25,9.7,985.16,76.45,18.33,3.96,3.26
2024-06-08,32.26,46.35,32.81,1015.15,10.67,12.01,5.57,1.81
2024-06-09,41.97,23.38,42.75,1012.43,91.75,18.55,7.9,2.63
2024-06-10,31.44,59.7,12.63,1009.51,89.53,22.69,7.76,7.38
2024-06-11,40.58,63.56,16.36,986.98,90.88,23.36,2.5,7.68
2024-06-12,35.34,33.48,26.86,992.06,73.96,9.12,1.89,7.48
2024-06-13,14.22,80.84,10.58,997.69,10.7,23.76,6.32,3.64
2024-06-14,41.59,98.79,40.56,992.6,43.81,21.82,7.67,2.59
2024-06-15,12.33,95.66,38.68,990.25,13.14,5.3,2.34,1.49
2024-06-16,28.69,35.77,7.26,1016.24,98.77,6.47,4.35,0.01
2024-06-17,14.97,90.03,23.19,1008.72,33.3,21.16,8.83,5.78
2024-06-18,10.41,76.36,38.74,1005.45,58.53,14.59,9.5,1.3
2024-06-19,24.77,56.31,16.87,990.17,77.94,8.65,5.09,1.6
2024-06-20,20.33,63.25,31.66,1021.31,92.06,6.11,1.72,7.42
2024-06-21,27.01,87.97,2.51,988.6,75.55,8.98,3.32,0.21
2024-06-22,30.2,58.41,30.43,1015.77,67.45,28.94,3.1,10.5
2024-06-23,11.53,49.86,7.63,1023.5,46.6,23.19,3.15,0.01
2024-06-24,14.31,59.46,41.53,1012.72,60.54,18.19,5.44,11.2
2024-06-25,29.55,66.33,17.77,1024.68,9.42,28.54,6.25,2.43
2024-06-26,22.01,35.13,14.08,1009.3,88.39,20.48,2.1,0.43
2024-06-27,35.52,92.07,42.04,989.79,54.38,23.14,9.0,4.49
2024-06-28,32.83,73.93,2.51,989.17,4.01,12.07,6.58,9.05
2024-06-29,39.6,70.66,19.83,994.61,91.99,19.72,6.38,2.31
2024-06-30,34.24,27.96,18.5,980.32,48.93,8.59,9.89,4.7
2024-07-01,25.05,68.33,14.24,1010.68,86.86,15.11,6.65,15.52
2024-07-02,33.55,29.68,45.59,992.09,85.69,5.83,9.36,1.1
2024-07-03,19.64,26.3,37.55,1016.68,81.58,10.42,3.58,6.87
2024-07-04,20.72,62.18,3.2,996.16,6.14,6.87,3.16,1.4
2024-07-05,37.61,52.22,35.73,1001.6,24.71,14.69,5.65,2.22
2024-07-06,25.62,67.1,26.36,1023.46,87.55,26.08,5.58,1.32
2024-07-07,37.94,27.14,45.04,990.9,89.9,14.45,3.04,2.36
2024-07-08,38.78,54.48,15.65,1012.46,45.81,25.79,7.3,0.02
2024-07-09,40.01,33.98,28.71,1013.98,44.0,21.41,1.27,1.45
2024-07-10,42.08,98.97,25.04,989.94,17.51,17.74,7.22,2.36
2024-07-11,25.08,64.89,24.48,1002.54,96.84,10.92,5.11,4.0
2024-07-12,21.16,74.99,22.81,995.76,21.31,28.05,7.2,4.06
2024-07-13,30.38,46.03,10.28,1014.74,19.09,6.36,5.29,3.51
2024-07-14,22.99,27.58,37.79,1008.01,66.07,22.22,9.8,1.39
2024-07-15,31.04,98.07,22.57,1001.42,24.28,20.53,4.01,11.78
2024-07-16,34.7,42.9,47.93,1015.07,93.88,16.03,9.84,1.99
2024-07-17,34.09,53.9,13.04,990.58,1.09,11.01,1.58,0.98
2024-07-18,23.11,71.99,34.14,1013.91,0.58,15.77,7.15,3.23
2024-07-19,15.84,21.98,47.04,1018.94,50.49,26.82,5.09,5.53
2024-07-20,25.07,84.82,33.17,1019.54,48.81,25.92,8.4,0.05
2024-07-21,14.99,62.93,43.56,1015.27,16.34,28.53,8.11,1.29
2024-07-22,41.15,42.26,41.37,998.36,49.45,12.69,8.2,6.97
2024-07-23,22.11,24.93,18.01,1024.18,41.17,14.68,1.85,2.83
2024-07-24,15.41,33.0,30.01,997.08,89.03,5.47,8.4,2.1
2024-07-25,10.89,91.6,7.81,1008.74,0.93,28.57,2.93,10.69
2024-07-26,32.6,74.88,26.78,987.25,97.63,13.23,1.23,0.38
2024-07-27,32.29,39.99,11.52,1024.12,62.44,15.1,2.96,3.82
2024-07-28,21.92,25.25,37.19,1011.68,15.18,27.7,5.31,1.68
2024-07-29,12.51,75.25,26.4,1013.9,4.68,18.16,7.68,0.29
2024-07-30,24.34,65.79,20.56,982.96,53.81,19.15,2.97,0.96
2024-07-31,20.89,52.36,13.44,1014.35,23.49,9.41,2.02,3.95
2024-08-01,33.7,49.09,49.93,1014.86,30.12,17.47,6.81,0.11
2024-08-02,31.2,37.35,3.59,1010.23,24.51,27.96,9.86,3.59
2024-08-03,22.76,73.57,2.18,993.14,65.02,18.97,6.41,12.57
2024-08-04,17.63,97.65,10.86,1002.04,55.35,11.38,7.22,6.34
2024-08-05,44.58,34.06,48.55,984.97,7.8,5.78,6.05,1.7
2024-08-06,25.89,67.77,48.96,1001.22,52.65,13.41,8.04,0.59
2024-08-07,34.09,53.93,32.75,990.97,79.12,19.31,9.78,2.5
2024-08-08,14.92,55.74,44.01,995.71,8.12,6.07,5.9,2.0
2024-08-09,27.0,40.33,10.7,987.32,88.97,20.24,4.75,14.26
2024-08-10,10.96,86.01,48.6,990.35,57.83,18.09,8.74,18.37
2024-08-11,27.69,58.82,7.14,983.45,95.06,24.59,9.73,2.11
2024-08-12,43.74,63.47,5.06,1021.4,14.81,5.72,2.16,0.64
2024-08-13,23.45,44.38,5.61,1003.87,99.36,24.52,6.2,9.66
2024-08-14,11.36,34.54,28.66,997.85,64.43,18.02,8.13,6.31
2024-08-15,11.08,26.87,39.05,1004.08,56.75,14.26,5.8,2.86
2024-08-16,23.58,77.13,18.33,1008.27,51.53,29.13,4.68,1.82
2024-08-17,15.6,35.7,48.89,1021.48,2.37,9.0,6.9,2.38
2024-08-18,10.82,75.21,21.72,988.04,93.96,18.53,3.43,9.29
2024-08-19,36.47,51.23,7.52,993.3,64.4,13.02,4.14,0.82
2024-08-20,26.05,53.26,23.3,1023.91,9.16,18.19,9.93,6.58
2024-08-21,20.12,57.53,33.95,996.7,2.1,18.81,6.73,0.07
2024-08-22,41.5,49.42,41.61,981.02,5.08,7.24,8.86,10.13
2024-08-23,14.06,28.05,22.94,986.64,60.94,21.53,8.27,2.77
2024-08-24,43.46,44.77,29.68,981.19,61.4,20.86,6.87,1.03
2024-08-25,20.99,73.1,13.37,1024.55,49.97,24.24,8.57,0.01
2024-08-26,41.09,73.26,32.3,992.55,30.68,7.27,3.58,3.28
2024-08-27,31.1,42.9,49.3,1021.56,53.17,12.43,6.73,1.12
2024-08-28,38.93,56.81,2.45,1024.81,51.63,21.25,6.32,3.99
2024-08-29,44.44,35.48,44.33,1006.99,1.94,8.42,6.6,1.32
2024-08-30,20.09,36.83,28.11,981.49,28.25,21.94,2.52,0.37
2024-08-31,43.64,21.84,12.6,983.67,5.32,6.48,3.5,2.81
2024-09-01,23.63,91.74,47.74,1001.67,90.02,13.37,3.58,3.32
2024-09-02,23.49,36.86,24.17,998.28,72.52,26.17,6.42,2.41
2024-09-03,21.91,38.2,16.58,1007.28,99.61,24.36,9.75,2.45
2024-09-04,28.95,42.37,9.07,999.75,30.22,21.12,9.59,3.56
2024-09-05,15.4,30.19,12.22,1022.03,87.85,26.76,3.04,2.99
2024-09-06,29.38,71.14,41.64,1004.06,60.31,22.73,3.74,0.57
2024-09-07,28.96,26.01,30.72,1011.22,45.31,17.98,1.32,0.88
2024-09-08,36.67,30.74,45.66,1020.34,22.26,29.49,4.59,0.61
2024-09-09,39.18,71.58,11.6,986.61,73.84,22.37,8.51,4.73
2024-09-10,25.42,47.17,6.06,990.34,90.41,20.03,9.24,3.01
2024-09-11,20.58,76.64,0.3,984.83,23.53,15.22,3.13,2.25
2024-09-12,19.08,64.59,25.39,986.28,17.54,27.56,3.39,6.4
2024-09-13,16.81,40.48,49.92,1003.07,69.62,12.39,2.99,1.58
2024-09-14,12.02,72.07,34.75,994.45,97.7,5.23,4.15,3.36
2024-09-15,21.99,29.3,15.42,999.04,75.0,9.92,8.24,0.31
2024-09-16,19.46,62.91,43.84,1024.21,28.46,7.74,6.82,5.46
2024-09-17,43.82,54.97,39.09,987.05,42.0,12.97,8.07,4.75
2024-09-18,29.52,41.43,0.77,1004.34,38.43,25.65,6.25,6.49
2024-09-19,22.15,68.32,40.84,984.45,85.21,21.29,3.32,8.63
2024-09-20,30.32,89.71,15.03,994.33,77.14,9.22,3.05,5.68
2024-09-21,14.87,99.91,7.48,1003.74,58.9,24.72,1.08,7.44
2024-09-22,25.54,68.62,11.32,1022.6,27.5,17.61,8.03,1.7
2024-09-23,31.92,52.38,23.43,997.61,93.8,17.82,8.62,1.68
2024-09-24,27.11,38.02,21.24,982.92,65.33,14.05,7.91,11.55
2024-09-25,24.06,40.57,14.44,997.47,97.05,26.62,1.67,9.84
2024-09-26,44.78,58.36,8.61,986.56,58.01,12.96,7.86,3.18
2024-09-27,40.81,49.38,38.11,990.35,82.12,7.35,1.41,1.83
2024-09-28,31.82,93.11,49.51,1007.81,81.31,12.57,1.95,8.04
2024-09-29,29.93,49.46,38.89,983.03,33.73,22.88,4.96,1.56
2024-09-30,31.72,49.88,14.8,1000.91,96.4,21.44,5.29,0.67
2024-10-01,17.05,50.68,12.24,1007.43,2.19,9.7,8.35,4.08
2024-10-02,23.83,86.93,10.88,998.98,76.87,7.79,7.12,0.17
2024-10-03,11.38,72.06,6.83,980.86,96.56,21.52,2.38,1.91
2024-10-04,26.64,69.13,27.57,1024.35,33.89,21.91,3.04,6.59
2024-10-05,29.01,46.73,30.27,996.52,64.81,14.15,3.57,1.4
2024-10-06,17.97,85.43,35.28,1015.04,56.22,26.07,2.11,10.71
2024-10-07,43.74,23.07,34.01,994.65,76.15,29.46,3.59,12.48
2024-10-08,41.83,89.66,14.62,1001.38,86.62,10.14,7.56,6.77
2024-10-09,35.28,61.02,16.52,997.48,60.3,19.43,3.17,17.57
2024-10-10,28.67,51.86,34.08,995.41,81.59,5.13,8.52,3.03
2024-10-11,40.45,59.77,17.47,980.98,31.23,22.83,5.23,3.37
2024-10-12,14.57,73.39,10.63,996.2,22.86,15.36,3.91,7.24
2024-10-13,37.67,21.02,18.72,1020.03,43.07,9.83,4.71,2.72
2024-10-14,14.37,89.72,13.6,1011.07,67.77,23.81,7.39,2.09
2024-10-15,37.8,55.74,4.42,986.54,18.72,25.27,5.65,3.82
2024-10-16,19.65,47.44,41.51,1006.6,68.04,7.78,1.07,4.29
2024-10-17,40.7,31.06,42.66,1020.15,39.41,6.02,9.3,5.56
2024-10-18,43.04,55.16,10.99,1011.5,79.56,13.35,1.59,4.41
2024-10-19,15.21,59.71,3.24,986.69,3.68,20.65,9.45,5.48
2024-10-20,26.19,52.29,36.94,1019.05,66.8,24.84,1.25,4.49
2024-10-21,44.33,74.29,10.58,993.57,64.98,18.65,7.94,2.62
2024-10-22,26.92,53.67,19.67,1000.43,94.09,19.52,5.81,0.58
2024-10-23,40.22,96.91,3.21,1003.68,71.34,25.0,5.55,6.16
2024-10-24,30.61,67.94,11.31,1018.27,79.63,18.22,1.66,0.13
2024-10-25,23.14,84.6,39.65,1021.92,90.46,20.28,3.15,19.57
2024-10-26,20.0,28.75,40.22,1021.83,67.51,17.91,8.0,7.05
2024-10-27,17.11,51.78,10.35,980.36,29.02,27.01,9.02,4.45
2024-10-28,36.66,46.95,16.8,1021.48,86.98,10.89,5.76,13.6
2024-10-29,23.53,65.56,6.71,982.45,74.76,11.6,4.18,3.79
2024-10-30,27.89,88.89,3.71,991.96,42.44,8.2,1.54,0.23
2024-10-31,27.23,26.27,49.61,1003.17,71.05,25.49,7.14,3.28
2024-11-01,30.2,25.81,32.78,1001.6,86.77,15.29,3.51,1.3
2024-11-02,40.3,88.03,27.1,1007.21,97.57,13.7,1.5,1.84
2024-11-03,44.33,37.03,38.27,1001.58,95.24,29.53,6.99,2.46
2024-11-04,24.27,73.5,42.0,1022.05,32.53,28.17,5.37,5.96
2024-11-05,38.96,63.43,40.34,990.82,42.17,29.3,1.11,2.8
2024-11-06,36.76,86.63,0.83,992.33,10.95,8.56,2.0,2.57
2024-11-07,30.07,30.01,9.34,1021.43,24.75,27.28,7.29,1.44
2024-11-08,43.46,30.38,32.75,983.45,88.24,13.22,1.57,3.11
2024-11-09,17.02,64.55,18.79,1007.43,36.08,5.32,8.79,1.14
2024-11-10,13.82,95.71,49.12,1010.68,62.06,14.78,3.8,1.21
2024-11-11,39.89,53.2,33.27,1002.75,66.6,17.73,1.8,5.66
2024-11-12,25.37,46.16,47.83,1011.24,78.18,7.71,7.84,1.68
2024-11-13,39.64,68.54,10.07,987.77,18.28,18.44,5.72,0.21
2024-11-14,41.26,94.44,43.2,1018.37,30.48,25.49,3.76,1.68
2024-11-15,12.19,86.95,16.07,986.3,44.83,14.44,4.65,4.07
2024-11-16,40.92,99.64,49.48,998.04,36.48,13.82,1.19,6.73
2024-11-17,25.69,21.81,7.88,983.39,98.29,13.47,6.96,13.07
2024-11-18,27.87,29.03,25.82,1004.53,83.49,28.08,4.29,5.49
2024-11-19,31.93,68.76,39.64,1010.14,47.97,6.22,7.43,2.24
2024-11-20,42.42,85.65,21.63,1022.35,87.93,16.13,6.65,1.42
2024-11-21,10.67,42.82,23.4,1013.27,34.77,11.61,6.86,0.56
2024-11-22,26.69,39.14,49.32,1004.35,78.58,27.35,8.14,3.95
2024-11-23,34.07,82.96,21.27,1021.97,22.37,7.4,6.68,2.85
2024-11-24,35.29,24.51,30.2,1001.53,77.23,15.29,4.77,4.53
2024-11-25,34.24,49.55,2.73,1005.25,45.65,15.17,4.51,1.08
2024-11-26,14.71,60.46,42.11,1006.82,10.75,27.21,2.08,1.56
2024-11-27,20.48,64.83,32.41,998.45,27.33,10.39,8.01,1.38
2024-11-28,22.56,78.29,20.2,1017.73,40.23,21.12,7.85,6.39
2024-11-29,38.16,48.39,0.81,988.33,74.93,8.36,3.22,0.75
2024-11-30,19.76,69.01,29.58,1004.97,7.3,28.85,8.76,3.75
2024-12-01,17.37,66.83,0.63,1012.5,65.95,19.83,6.3,0.21
2024-12-02,43.51,63.81,0.06,1020.68,71.6,20.66,5.31,3.19
2024-12-03,10.31,71.24,30.8,1019.78,65.39,15.84,1.16,0.26
2024-12-04,44.92,40.76,9.45,1002.89,76.07,13.56,4.44,0.77
2024-12-05,33.69,26.77,9.59,1008.94,17.82,10.32,6.77,0.48
2024-12-06,39.0,29.54,32.66,997.74,58.71,20.1,1.81,1.7
2024-12-07,20.31,37.97,2.68,1001.07,94.11,28.86,5.14,1.68
2024-12-08,10.5,60.02,15.67,1020.78,61.08,13.99,9.94,7.0
2024-12-09,35.83,87.24,7.47,1021.88,61.13,27.08,7.45,1.02
2024-12-10,39.2,76.1,29.01,1020.29,73.64,8.72,5.92,0.36
2024-12-11,35.92,83.12,33.09,986.23,33.32,28.4,5.8,3.7
2024-12-12,15.0,48.08,36.06,1018.25,70.05,13.76,1.39,4.65
2024-12-13,36.37,52.37,12.76,1022.68,91.62,14.49,9.62,1.4
2024-12-14,36.91,51.49,4.46,996.26,1.09,16.57,9.35,3.69
2024-12-15,33.05,35.35,3.93,1003.34,87.01,22.96,7.14,5.99
2024-12-16,36.81,24.9,21.31,1015.06,21.86,22.99,1.89,1.71
2024-12-17,39.61,67.27,47.29,1005.29,45.59,16.99,2.87,2.98
2024-12-18,31.48,99.14,10.89,1024.71,85.23,18.08,2.66,0.63
2024-12-19,13.1,33.35,12.84,1000.51,82.39,5.75,5.68,0.1
2024-12-20,27.07,23.73,5.04,1012.13,89.19,12.61,2.87,15.93
2024-12-21,12.72,82.36,30.28,1015.67,94.04,13.65,7.26,1.43
2024-12-22,24.26,40.21,33.99,1002.23,44.72,18.97,5.91,1.31
2024-12-23,24.25,86.37,32.15,1018.56,65.64,18.96,1.16,14.48
2024-12-24,12.31,76.31,43.06,1004.58,39.05,22.75,7.7,5.21
2024-12-25,22.21,95.65,24.32,998.52,35.07,22.93,2.7,3.52
2024-12-26,13.88,52.71,6.72,984.85,43.16,10.88,8.42,4.81
2024-12-27,38.29,72.96,14.47,997.7,74.31,24.25,4.2,4.95
2024-12-28,43.17,57.19,33.12,1013.03,50.14,5.49,4.05,5.76
2024-12-29,12.53,70.45,30.66,1021.46,81.41,22.9,1.11,0.28
2024-12-30,43.43,55.97,26.55,991.33,74.52,7.55,9.89,2.13
2024-12-31,28.29,35.09,34.15,995.99,2.05,23.24,6.51,1.4
2025-01-01,20.48,60.63,31.87,986.93,63.02,18.18,4.8,0.29
2025-01-02,12.69,62.29,44.07,1011.08,43.66,15.93,1.87,2.13
2025-01-03,27.52,84.85,29.3,1023.21,45.66,22.27,7.29,3.83
2025-01-04,37.81,78.84,38.93,1008.84,81.84,5.91,3.54,0.79
2025-01-05,34.75,73.1,12.44,1007.77,54.76,10.59,9.89,1.46
2025-01-06,11.76,29.07,33.91,1004.91,88.56,20.41,9.55,4.08
2025-01-07,12.55,77.65,45.11,983.98,71.28,26.18,7.62,3.46
2025-01-08,24.1,60.02,19.29,1012.83,55.28,14.53,9.74,8.12
2025-01-09,20.34,91.53,38.96,1007.09,75.45,11.47,1.95,6.27
2025-01-10,18.13,93.59,36.24,1009.77,3.83,17.97,3.52,13.48
2025-01-11,19.84,24.41,2.98,1020.45,2.71,20.56,3.28,3.64
2025-01-12,38.12,85.65,29.08,1015.28,8.33,15.5,1.65,4.8
2025-01-13,42.52,23.02,6.51,1015.14,43.76,26.92,9.75,7.88
2025-01-14,24.18,49.37,48.37,1021.72,23.55,18.09,1.54,7.33
2025-01-15,41.71,63.38,40.57,1024.55,98.43,5.9,8.71,5.07
2025-01-16,21.25,31.85,5.49,1006.16,54.23,10.58,7.91,2.77
2025-01-17,26.68,79.71,6.09,984.9,66.24,16.27,4.38,1.28
2025-01-18,17.91,20.67,29.72,1000.66,27.88,22.44,1.17,8.39
2025-01-19,32.42,33.49,17.24,1015.44,32.18,10.49,1.05,6.0
2025-01-20,44.26,66.46,1.75,981.25,33.55,29.41,2.84,7.28
2025-01-21,31.12,77.15,27.08,982.56,69.87,12.96,5.44,0.61
2025-01-22,22.52,93.33,19.39,983.02,47.37,18.31,5.12,1.51
2025-01-23,32.67,76.44,5.05,1012.9,51.77,5.47,6.27,2.21
2025-01-24,14.3,73.74,40.1,1002.55,59.2,27.12,7.95,7.29
2025-01-25,41.1,51.55,45.75,996.6,76.88,24.72,4.4,8.94
2025-01-26,27.61,20.1,37.83,984.75,9.04,9.89,2.44,1.34
2025-01-27,25.73,29.61,41.12,1012.95,77.69,28.33,8.2,4.64
2025-01-28,30.51,62.76,10.82,994.45,56.32,12.9,3.99,0.32
2025-01-29,31.87,74.01,13.18,991.94,66.91,22.3,3.58,2.11
2025-01-30,12.51,53.4,10.43,1009.35,32.76,25.47,7.88,2.67
2025-01-31,33.89,78.45,38.25,1005.16,40.94,23.52,9.41,5.8
2025-02-01,18.47,61.75,47.4,996.31,23.12,27.94,9.23,8.9
2025-02-02,34.99,25.93,35.84,1008.87,97.93,26.61,2.24,1.65
2025-02-03,38.79,35.36,44.07,992.2,49.7,29.87,5.53,3.0
2025-02-04,38.14,87.2,31.93,1015.77,99.61,9.57,1.84,4.17
2025-02-05,29.34,77.99,19.38,990.32,48.98,12.62,9.65,1.59
2025-02-06,28.21,91.58,21.29,987.15,21.98,20.91,2.94,16.94
2025-02-07,15.0,29.4,3.77,1015.21,50.75,23.33,2.78,8.34
2025-02-08,37.14,99.22,1.57,1011.86,3.96,18.37,9.0,1.41
2025-02-09,19.5,36.75,34.77,988.22,90.48,6.85,9.71,2.84
2025-02-10,27.38,20.94,21.92,985.23,81.86,26.04,7.28,1.05
2025-02-11,19.95,99.79,27.61,1017.73,72.58,29.02,2.09,2.89
2025-02-12,14.68,42.49,27.88,1014.95,60.98,15.14,5.37,4.6
2025-02-13,32.03,73.44,13.87,994.73,57.98,10.62,8.35,0.36
2025-02-14,11.9,34.13,23.79,1009.62,99.67,5.48,6.15,8.16
2025-02-15,36.2,66.42,23.54,985.59,27.8,10.93,2.19,3.6
2025-02-16,21.12,92.32,19.42,1002.82,77.97,22.5,2.55,18.26
2025-02-17,10.0,45.61,41.03,980.84,58.14,27.79,8.78,0.1
2025-02-18,27.89,73.62,22.56,997.62,97.59,7.34,5.74,7.12
2025-02-19,11.64,35.03,30.18,983.37,82.78,18.83,7.35,6.28
2025-02-20,19.67,69.98,44.78,1001.38,99.85,22.39,4.36,0.57
2025-02-21,34.74,46.92,43.31,998.98,58.83,11.91,5.79,1.63
2025-02-22,12.19,36.9,44.52,1000.0,20.45,19.25,9.79,8.64
2025-02-23,39.38,45.05,13.5,982.04,50.37,22.88,3.97,2.92
2025-02-24,10.13,34.31,1.75,996.27,71.11,25.94,7.07,2.05
2025-02-25,18.64,92.15,13.05,1014.04,77.44,16.31,2.55,9.44
2025-02-26,35.93,51.77,13.94,996.6,0.05,23.7,2.1,0.39
2025-02-27,21.07,39.62,45.47,1012.18,50.5,12.54,8.05,2.56
2025-02-28,13.57,55.87,32.46,996.63,23.52,10.33,8.6,4.23
2025-03-01,22.61,45.64,4.09,999.05,87.49,9.68,7.01,3.75
2025-03-02,19.46,79.55,6.77,1005.38,15.29,13.97,2.42,1.23
2025-03-03,39.49,97.7,7.78,1022.78,66.65,5.9,3.17,3.31
2025-03-04,20.97,55.04,31.52,984.9,26.61,12.07,9.2,4.93
2025-03-05,37.61,88.88,36.77,981.48,35.65,21.31,3.6,3.52
2025-03-06,41.22,65.27,42.98,1007.36,94.06,21.2,8.37,4.61
2025-03-07,25.18,32.58,47.03,1022.71,24.04,6.84,3.57,1.18
2025-03-08,41.85,75.25,10.09,1024.54,9.5,12.19,9.46,7.16
2025-03-09,23.21,61.07,15.49,1001.79,6.93,19.24,9.23,2.39
2025-03-10,43.74,72.05,12.02,1001.06,50.46,12.96,1.39,17.44
2025-03-11,13.13,91.17,17.94,1009.02,64.17,15.45,7.93,0.09
2025-03-12,34.05,55.23,45.73,1005.0,32.73,22.82,2.53,1.91
2025-03-13,27.28,92.09,28.76,1008.53,69.03,5.23,2.94,0.8
2025-03-14,23.57,80.05,36.91,1019.33,6.1,11.91,5.14,3.24
2025-03-15,32.14,59.09,24.51,1013.58,85.73,8.56,6.19,1.11
2025-03-16,34.63,68.26,1.44,1002.36,81.66,8.19,3.93,5.35
2025-03-17,10.15,46.05,3.21,1000.78,98.55,28.98,6.18,8.54
2025-03-18,15.84,98.69,26.9,1008.78,93.65,14.41,2.54,0.95
2025-03-19,34.96,73.39,35.94,1000.51,35.62,18.18,1.2,0.7
2025-03-20,33.32,23.51,10.77,1000.6,39.93,23.35,6.14,8.33
2025-03-21,43.81,46.13,36.1,980.73,74.6,6.19,5.66,1.79
2025-03-22,36.64,69.87,40.53,987.83,13.41,11.03,7.21,2.28
2025-03-23,43.28,24.51,20.59,1001.98,31.4,25.8,6.85,1.0
2025-03-24,34.59,21.91,37.32,1017.02,11.85,26.55,9.08,2.22
2025-03-25,20.43,56.0,20.2,992.54,45.49,14.32,5.14,1.05
2025-03-26,13.69,46.62,33.92,1003.52,55.2,14.37,1.08,4.39
2025-03-27,37.36,55.06,38.2,995.52,21.12,23.92,6.68,2.76
2025-03-28,32.55,41.02,49.6,984.72,2.66,12.38,7.08,6.21
2025-03-29,11.69,33.18,17.27,1023.12,71.94,7.93,5.69,1.5
2025-03-30,22.6,75.13,20.55,1018.46,2.0,11.44,7.2,2.82
2025-03-31,43.49,61.17,8.28,983.53,97.34,14.68,3.91,1.2
2025-04-01,27.51,36.01,10.2,1012.39,22.16,6.31,2.34,10.9
2025-04-02,25.15,45.57,34.67,995.64,66.39,16.97,6.98,2.95
2025-04-03,26.02,67.34,45.85,1024.77,43.48,23.5,3.21,0.76
2025-04-04,17.31,25.78,19.73,993.61,5.97,17.84,5.11,1.27
2025-04-05,22.9,31.8,8.99,990.74,47.22,6.8,5.42,0.35
2025-04-06,22.94,25.86,14.25,1005.56,51.68,16.0,5.29,0.11
2025-04-07,11.83,84.99,22.75,1017.58,85.47,22.72,6.39,2.99
2025-04-08,36.86,80.19,14.53,988.66,73.23,6.45,1.27,1.64
2025-04-09,24.58,80.27,11.68,1011.92,7.93,6.5,9.91,13.27
2025-04-10,38.78,77.31,36.8,982.76,20.92,14.27,7.45,0.75
2025-04-11,39.76,73.55,0.39,1021.35,31.19,9.87,4.83,6.32
2025-04-12,17.42,58.16,26.96,983.65,11.64,28.37,2.72,1.52
2025-04-13,33.01,71.38,39.69,1021.14,45.69,19.53,1.72,1.01
2025-04-14,26.53,23.07,13.31,1002.09,98.43,12.18,7.05,13.98
2025-04-15,40.81,69.72,30.16,1000.16,51.46,22.62,3.85,6.49
2025-04-16,17.55,82.23,33.45,1023.8,74.19,14.37,3.07,3.98
2025-04-17,33.72,60.03,32.75,1024.57,68.29,8.3,4.42,4.78
2025-04-18,31.27,48.6,22.29,1009.26,84.99,10.93,6.34,19.02
2025-04-19,20.34,42.19,17.33,985.72,21.57,21.07,7.05,3.6
2025-04-20,14.78,71.42,41.8,1002.78,75.38,6.3,6.81,0.43
2025-04-21,32.81,75.42,37.92,1003.81,88.14,11.82,8.77,0.27
2025-04-22,35.85,89.68,16.06,1003.15,17.15,10.21,2.97,4.39
2025-04-23,21.05,47.39,5.15,1005.63,34.68,10.03,6.73,4.29
2025-04-24,32.57,81.58,3.59,980.84,97.01,22.07,1.91,5.52
2025-04-25,23.83,64.91,4.71,1012.01,78.08,25.65,5.93,0.46
2025-04-26,34.96,90.63,29.14,1012.06,28.26,22.9,6.26,11.59
2025-04-27,16.97,62.22,2.58,985.2,56.39,21.14,2.95,3.2
2025-04-28,41.16,61.41,16.85,1005.66,40.43,27.91,4.53,4.19
2025-04-29,20.06,66.23,37.66,1005.58,49.0,6.46,8.44,0.14
2025-04-30,22.87,79.95,14.72,1010.71,35.52,9.19,2.34,12.97
2025-05-01,12.03,97.18,38.17,983.84,27.93,15.36,4.91,3.31
2025-05-02,13.9,25.89,37.27,1008.19,67.48,14.31,9.39,3.31
2025-05-03,28.06,24.27,12.29,992.63,77.85,15.45,5.54,11.5
2025-05-04,19.37,95.0,36.44,1002.82,87.4,10.16,7.53,10.6
2025-05-05,39.24,62.39,37.39,1014.8,15.53,8.74,8.44,1.0
2025-05-06,10.51,69.19,19.87,1011.75,82.29,17.73,2.83,10.7
2025-05-07,23.27,58.59,10.52,985.35,25.48,28.2,2.96,5.34
2025-05-08,21.81,27.49,26.06,1006.6,42.73,14.8,7.83,0.08
2025-05-09,10.68,81.45,46.07,1023.61,90.14,6.08,7.78,1.1
2025-05-10,14.35,79.78,31.98,987.05,45.45,22.65,1.54,2.13
2025-05-11,24.48,44.94,8.65,1018.38,19.71,12.28,3.9,3.5
2025-05-12,27.25,44.5,34.14,1011.61,15.99,11.13,4.59,4.83
2025-05-13,24.15,87.03,21.36,1014.83,47.3,13.11,8.46,0.94
2025-05-14,28.58,25.79,29.58,992.69,76.27,23.1,4.8,7.25
2025-05-15,30.83,90.49,36.7,992.96,99.72,25.47,9.33,7.48
2025-05-16,10.35,40.53,25.75,1020.77,78.74,19.7,9.97,4.03
2025-05-17,26.24,67.44,40.7,996.19,87.7,13.06,8.03,10.16
2025-05-18,43.72,94.88,36.11,982.84,74.78,12.76,7.0,6.71
2025-05-19,28.17,74.25,30.75,1007.03,89.54,8.11,4.53,1.0
2025-05-20,33.71,53.15,7.54,985.62,7.63,28.33,1.6,6.41
2025-05-21,20.92,75.16,41.8,1015.85,92.99,20.95,6.16,12.25
2025-05-22,37.09,47.52,46.8,1008.88,39.64,5.67,4.26,0.59
2025-05-23,37.05,42.18,6.85,1019.36,92.16,21.56,4.16,15.4
2025-05-24,28.25,99.73,24.41,1015.32,7.57,16.18,7.19,0.1
2025-05-25,44.16,80.06,12.94,985.05,71.52,29.31,5.17,2.95
2025-05-26,14.39,71.58,37.73,997.15,73.57,25.48,7.77,5.95
2025-05-27,10.59,48.42,36.08,1014.86,99.69,9.28,4.58,6.25
2025-05-28,36.96,23.93,7.04,998.78,76.89,23.0,2.36,5.31
2025-05-29,38.25,22.48,43.85,1023.76,38.26,17.14,5.15,3.01
2025-05-30,14.21,64.33,9.05,1013.11,55.72,9.68,9.56,4.21
2025-05-31,19.3,80.96,39.86,980.7,36.66,22.47,8.21,4.81
2025-06-01,10.61,62.99,22.85,1019.6,19.6,18.68,2.85,2.73
2025-06-02,20.27,87.26,16.41,984.54,24.85,5.76,4.52,3.62
2025-06-03,37.06,22.67,7.91,986.32,22.2,21.16,9.35,7.49
2025-06-04,28.13,49.34,8.38,1013.05,54.88,20.87,2.11,1.5
2025-06-05,22.18,38.97,33.09,1018.92,90.62,8.6,3.29,2.96
2025-06-06,23.01,55.78,27.52,1004.14,91.27,13.72,3.36,0.03
2025-06-07,10.05,25.79,6.1,993.01,5.48,19.65,6.14,4.65
2025-06-08,20.49,96.33,5.63,995.81,7.99,8.47,4.7,0.87
2025-06-09,32.63,37.86,3.62,995.43,24.51,26.32,1.72,2.62
2025-06-10,44.1,93.78,37.19,994.7,25.51,5.69,6.66,0.94
2025-06-11,39.65,54.07,35.59,990.93,9.49,7.57,1.89,0.1
2025-06-12,10.83,98.84,2.92,1007.4,38.85,7.9,6.46,2.64
2025-06-13,41.45,64.32,28.01,1020.52,58.77,18.2,5.56,2.21
2025-06-14,37.41,94.47,4.23,993.82,57.82,20.5,5.44,2.21
2025-06-15,37.31,20.43,45.19,988.4,54.34,15.09,1.61,0.94
2025-06-16,26.03,79.86,45.36,1017.74,33.87,12.22,6.75,11.77
2025-06-17,23.93,92.24,34.91,1013.38,70.65,25.23,4.88,0.01
2025-06-18,20.6,31.18,46.31,1021.89,82.65,6.71,4.7,8.89
2025-06-19,12.3,27.69,40.57,987.45,34.63,12.01,6.37,5.34
2025-06-20,17.99,53.97,41.43,986.49,8.55,5.98,6.46,0.76
2025-06-21,18.63,94.69,28.49,1004.36,29.63,5.35,1.14,2.56
2025-06-22,26.94,63.39,15.3,1007.65,13.74,13.83,2.13,17.99
2025-06-23,36.16,62.2,10.89,1001.61,46.74,9.87,3.13,4.13
2025-06-24,26.58,31.29,16.36,1006.95,15.59,11.71,7.1,0.55
2025-06-25,12.02,20.06,31.42,988.12,46.28,25.52,6.19,2.45
2025-06-26,43.52,84.81,8.63,1001.58,22.1,9.07,7.82,2.53
2025-06-27,43.0,27.01,12.93,1009.61,73.87,24.51,7.67,6.48
2025-06-28,37.48,70.71,23.4,999.47,2.76,21.88,8.68,9.92
2025-06-29,44.7,93.17,11.65,1010.58,55.47,13.16,4.39,0.34
2025-06-30,29.06,36.69,29.43,1000.3,16.95,18.66,4.11,1.51
2025-07-01,43.7,73.22,46.16,995.01,0.1,16.11,8.48,1.42
2025-07-02,12.65,26.3,37.4,993.66,86.92,8.21,3.14,22.13
2025-07-03,22.8,68.3,33.32,998.49,67.15,27.68,5.15,3.28
2025-07-04,17.89,33.11,29.14,981.04,9.89,19.24,2.75,8.48
2025-07-05,16.85,78.88,24.4,1010.08,66.41,27.01,9.22,2.22
2025-07-06,14.93,44.1,9.33,1018.03,61.16,25.6,4.67,5.13
2025-07-07,31.78,57.07,44.74,995.96,47.34,6.99,2.91,1.35
2025-07-08,37.35,67.95,12.43,982.07,41.93,10.18,7.23,9.71
2025-07-09,30.24,33.7,4.57,1024.4,88.71,8.63,3.2,2.43
2025-07-10,15.14,79.33,37.5,991.87,24.51,25.77,9.49,6.51
2025-07-11,38.39,44.21,8.78,985.7,39.83,26.56,4.31,1.18
2025-07-12,32.26,72.99,18.59,996.64,32.91,18.2,6.98,4.73
2025-07-13,23.59,32.66,1.41,1013.24,77.12,7.6,4.11,2.08
2025-07-14,33.59,75.05,6.85,993.23,91.65,8.39,8.27,0.13
2025-07-15,19.1,30.26,8.66,1005.86,84.98,25.34,9.07,2.13
2025-07-16,22.08,54.03,2.72,998.7,79.77,28.23,8.09,3.19
2025-07-17,42.11,39.78,32.83,985.3,98.68,9.99,8.64,0.66
2025-07-18,20.17,79.87,41.85,994.86,69.71,5.28,1.92,0.81
2025-07-19,26.45,40.96,18.67,1012.62,75.11,13.27,9.32,2.5
2025-07-20,41.15,90.54,43.73,1007.54,98.28,5.76,6.62,1.68
2025-07-21,34.77,91.35,10.67,985.39,0.7,25.7,8.82,2.32
2025-07-22,12.18,35.72,16.27,987.35,63.4,17.29,7.16,2.47
2025-07-23,15.16,69.11,7.54,1008.83,73.9,21.05,2.82,0.6
2025-07-24,10.27,27.02,31.03,1016.6,91.78,15.29,6.49,0.8
2025-07-25,32.08,51.32,20.99,995.73,88.38,13.64,1.82,7.54
2025-07-26,25.67,77.07,30.66,1006.79,84.2,10.56,7.26,0.71
2025-07-27,14.7,72.75,38.08,987.68,94.58,24.26,4.68,4.39
2025-07-28,43.53,69.98,27.29,994.01,53.74,22.39,2.37,2.17
2025-07-29,28.54,42.6,31.38,980.91,0.69,14.02,9.81,13.8
2025-07-30,18.47,50.24,46.76,1014.57,1.11,13.03,9.11,0.27
2025-07-31,27.52,28.24,14.95,998.05,54.46,5.03,9.04,7.1
2025-08-01,33.79,77.52,17.96,1016.73,43.53,6.59,8.1,2.7
2025-08-02,12.67,60.31,35.89,1011.88,45.12,20.58,7.23,0.02
2025-08-03,19.61,76.7,30.57,1017.29,40.04,17.87,6.9,1.22
2025-08-04,38.24,39.92,8.93,992.85,91.77,15.87,1.95,2.09
2025-08-05,26.09,45.96,18.81,988.33,35.92,25.69,9.11,1.51
2025-08-06,29.13,46.74,23.39,1023.74,85.62,17.6,8.93,1.8
2025-08-07,25.15,22.06,20.97,1012.28,90.29,14.61,7.73,9.94
2025-08-08,11.54,47.28,8.91,1017.53,49.95,9.03,9.35,1.79
2025-08-09,15.8,84.26,46.22,980.59,44.69,25.52,5.98,2.17
2025-08-10,25.59,91.78,38.12,995.95,76.1,19.41,5.03,5.73
2025-08-11,17.32,61.46,24.07,1013.43,70.8,7.31,9.71,6.32
2025-08-12,11.75,56.44,34.0,983.51,32.85,21.22,5.18,0.35
2025-08-13,39.53,22.47,44.86,1005.53,10.25,15.63,6.77,4.87
2025-08-14,44.34,90.34,6.81,999.31,26.49,25.28,4.36,2.64
2025-08-15,37.76,21.04,12.52,980.79,13.1,27.97,6.73,0.57
2025-08-16,39.88,95.58,27.14,990.62,29.47,20.01,7.48,1.23
2025-08-17,18.47,59.14,39.95,992.82,26.18,23.29,6.62,0.18
2025-08-18,43.62,47.35,1.81,985.03,63.77,6.41,5.63,1.79
2025-08-19,16.89,93.94,49.2,1008.42,95.45,19.01,3.7,1.18
2025-08-20,43.3,21.95,22.75,990.91,68.57,23.88,6.79,1.93
2025-08-21,44.82,66.51,17.96,992.49,92.66,17.42,9.18,3.47
2025-08-22,34.91,63.91,14.64,1020.42,78.41,19.84,1.06,5.27
2025-08-23,44.34,37.55,8.72,1001.02,72.79,27.47,2.21,3.72
2025-08-24,29.93,54.31,39.58,997.65,41.41,9.95,2.08,4.54
2025-08-25,19.08,72.18,47.77,1012.57,32.48,7.46,9.31,8.03
2025-08-26,25.29,78.17,20.68,1020.93,84.63,22.27,6.96,8.28
2025-08-27,30.77,20.06,47.62,981.13,90.54,25.57,9.57,7.89
2025-08-28,12.56,94.95,41.19,1000.17,45.19,26.26,6.25,0.67
2025-08-29,31.78,33.16,24.05,1007.49,0.91,21.04,5.16,1.16
2025-08-30,44.34,38.69,33.7,994.34,79.25,25.83,8.13,2.79
2025-08-31,16.65,41.08,21.75,1014.76,28.51,22.52,2.45,1.78
2025-09-01,37.74,23.03,27.94,1023.72,0.99,7.18,4.43,0.56
2025-09-02,41.78,29.84,2.9,1022.45,80.5,24.05,5.2,1.36
2025-09-03,43.03,98.91,34.81,991.97,51.74,9.48,3.69,14.82
2025-09-04,43.6,45.22,2.64,990.19,68.52,10.92,4.34,1.7
2025-09-05,28.25,29.22,40.85,1023.09,91.47,14.87,1.7,2.17
2025-09-06,44.21,28.56,41.25,1000.64,54.12,12.86,2.78,0.03
2025-09-07,36.51,77.56,11.85,989.37,50.32,13.04,4.02,5.08
2025-09-08,15.66,88.37,16.18,1011.81,29.07,9.23,8.16,2.13
2025-09-09,26.69,40.56,24.07,992.8,30.52,12.35,2.64,0.44
2025-09-10,35.14,21.67,29.83,992.03,79.65,5.49,4.12,13.84
2025-09-11,18.66,37.85,14.37,1019.57,44.9,16.82,1.58,6.01
2025-09-12,32.42,24.52,29.62,987.31,16.35,24.21,6.01,5.18
2025-09-13,33.33,28.27,14.89,982.9,9.45,26.56,6.5,12.67
2025-09-14,15.69,54.52,2.77,992.11,47.29,25.51,8.79,2.09
2025-09-15,29.78,38.39,0.13,1007.31,46.5,15.41,8.37,5.07
2025-09-16,37.01,61.28,5.06,985.54,65.35,23.26,3.57,0.92
2025-09-17,27.46,40.28,39.61,1001.22,47.11,12.2,2.23,4.78
2025-09-18,10.42,95.24,48.07,1008.23,14.35,6.39,2.4,0.06
2025-09-19,10.32,92.48,21.35,1018.19,50.78,21.9,9.72,0.54
2025-09-20,22.5,65.34,25.63,990.34,90.68,21.22,7.06,2.22
2025-09-21,42.42,48.35,7.34,1016.78,15.94,25.04,1.38,0.05
2025-09-22,18.0,50.49,27.55,990.57,68.98,20.4,2.23,2.48
2025-09-23,32.2,52.95,7.23,1010.45,59.39,8.92,5.37,2.96
2025-09-24,17.77,78.21,30.56,999.38,74.86,26.33,2.87,3.89
2025-09-25,21.26,56.13,46.66,985.16,15.06,20.68,8.23,0.42
2025-09-26,39.68,88.54,9.78,1012.14,94.16,25.19,6.16,0.8
2025-09-27,35.51,95.53,38.23,989.8,62.1,24.35,6.51,3.8
2025-09-28,13.34,46.88,1.18,987.95,84.71,12.45,5.17,4.29
2025-09-29,25.0,64.86,18.77,996.12,24.66,6.86,3.3,0.1
2025-09-30,11.02,27.6,5.54,1009.4,73.94,9.41,6.3,3.11
2025-10-01,26.83,36.04,17.62,990.53,78.1,7.32,7.45,6.15
2025-10-02,33.19,53.08,8.68,988.26,39.74,11.09,4.34,0.29
2025-10-03,14.15,36.5,18.67,980.45,38.4,16.49,5.54,2.13
2025-10-04,20.11,90.12,20.88,1001.22,65.78,27.67,8.56,1.58
2025-10-05,23.92,32.66,15.03,999.29,9.34,26.8,2.34,9.8
2025-10-06,42.18,56.45,32.83,990.52,73.56,22.96,5.91,0.82
2025-10-07,44.76,68.46,45.94,982.41,4.29,5.6,4.14,1.53
2025-10-08,11.57,75.35,20.03,999.32,19.06,13.53,7.33,9.15
2025-10-09,36.64,50.65,9.62,1015.47,66.41,22.06,1.17,1.61
2025-10-10,23.01,89.53,13.54,1012.19,9.83,8.23,7.03,3.03
2025-10-11,23.74,65.47,42.7,1018.74,97.18,25.03,1.93,0.13
2025-10-12,36.4,55.16,28.58,980.43,86.84,27.86,1.58,16.77
2025-10-13,42.14,25.38,22.75,1023.49,62.63,13.85,7.52,6.97
2025-10-14,43.28,57.18,7.48,995.36,81.91,22.65,6.76,4.02
2025-10-15,30.2,85.66,22.49,1024.57,88.76,8.71,9.05,0.25
2025-10-16,22.5,69.16,13.92,991.37,25.95,22.27,5.68,0.31
2025-10-17,37.56,86.57,47.16,1001.22,84.94,5.54,5.77,3.15
2025-10-18,18.79,59.52,44.2,995.93,19.48,8.77,7.36,1.34
2025-10-19,29.74,29.48,4.2,996.01,41.33,22.75,3.91,3.9
2025-10-20,22.55,21.09,25.83,1017.9,55.83,22.8,1.33,3.65
2025-10-21,32.98,44.26,11.25,1013.59,71.39,21.03,3.07,7.3
2025-10-22,18.41,75.84,20.54,1024.65,3.01,16.93,3.14,1.32
2025-10-23,16.71,83.22,43.84,1007.61,29.05,21.87,4.02,3.45
2025-10-24,42.14,43.66,26.38,1000.85,60.85,24.35,9.49,6.01
2025-10-25,13.56,59.65,16.71,984.05,35.74,29.16,8.24,2.7
2025-10-26,27.71,53.69,10.39,1024.85,77.5,27.22,9.42,7.1
2025-10-27,17.73,52.84,40.02,1004.82,65.17,24.86,9.99,0.56
2025-10-28,11.36,38.51,31.23,1011.52,23.44,22.37,4.9,5.3
2025-10-29,11.26,30.91,23.4,998.3,14.59,19.35,3.04,11.46
2025-10-30,16.13,35.74,10.87,1004.65,62.9,8.02,6.04,1.61
2025-10-31,40.34,24.43,16.71,1022.42,45.05,9.14,8.93,1.82
2025-11-01,19.89,35.85,47.99,987.49,16.9,25.51,5.19,0.35
2025-11-02,43.27,20.74,26.0,993.16,32.64,25.08,5.55,4.1
2025-11-03,30.36,70.18,20.03,986.84,30.3,20.36,2.21,3.22
2025-11-04,25.28,45.31,26.07,1015.65,10.81,15.97,4.78,0.16
2025-11-05,30.3,97.85,38.95,982.79,54.69,5.65,4.48,5.58
2025-11-06,28.08,35.5,17.01,983.67,76.36,13.18,4.17,7.07
2025-11-07,36.56,47.67,8.94,993.43,57.55,15.52,8.99,9.51
2025-11-08,19.89,48.63,29.25,1003.14,82.63,17.15,1.53,3.16
2025-11-09,22.36,20.68,33.26,998.28,12.76,28.23,9.75,2.41
2025-11-10,41.29,87.14,35.64,982.02,43.56,7.72,1.07,8.35
2025-11-11,43.13,22.56,44.1,1023.09,60.94,17.97,9.51,2.03
2025-11-12,41.24,95.21,18.56,1022.88,67.6,14.2,5.93,4.26
2025-11-13,24.68,91.37,3.77,992.57,69.58,29.75,7.32,3.82
2025-11-14,37.31,62.84,47.92,1012.92,72.9,26.55,2.68,1.86
2025-11-15,26.67,63.49,21.75,1006.04,65.14,15.97,6.89,0.36
2025-11-16,27.41,72.3,31.16,990.69,9.42,29.99,8.94,0.09
2025-11-17,17.16,50.96,33.32,991.8,69.53,17.85,2.26,2.24
2025-11-18,30.69,71.78,27.33,1002.1,72.48,9.18,2.14,2.62
2025-11-19,16.51,23.58,10.26,998.87,99.35,18.9,3.74,6.92
2025-11-20,21.6,24.32,37.76,993.11,69.34,10.66,2.46,2.14
2025-11-21,39.93,56.58,40.19,1016.34,68.68,20.91,2.0,1.32
2025-11-22,17.25,63.97,27.65,1001.67,51.48,28.44,7.1,2.48
2025-11-23,12.49,91.03,24.43,1009.47,86.79,24.65,2.92,1.09
2025-11-24,12.42,28.37,5.7,988.52,99.68,11.83,7.0,0.38
2025-11-25,42.93,85.81,4.2,1004.01,77.9,12.42,8.76,0.48
2025-11-26,27.74,36.8,16.98,994.31,61.25,6.73,6.87,1.54
2025-11-27,24.33,51.53,15.54,1003.69,7.9,12.15,2.07,0.05
2025-11-28,38.38,45.33,47.68,1015.14,72.67,7.32,6.16,0.99
2025-11-29,39.25,52.01,39.18,1014.6,70.86,17.49,4.54,6.2
2025-11-30,21.63,32.04,33.0,995.94,77.56,22.71,4.09,1.07
2025-12-01,34.28,60.29,25.88,1011.24,12.46,23.78,3.87,0.47
2025-12-02,36.99,84.13,8.37,1022.36,65.37,6.49,9.36,11.91
2025-12-03,32.91,55.32,48.92,1008.16,29.57,13.5,7.68,3.9
2025-12-04,15.31,59.25,18.75,986.68,76.03,12.2,2.2,0.25
2025-12-05,40.66,87.9,5.35,1010.59,24.04,7.61,5.28,0.26
2025-12-06,28.87,76.48,24.69,984.72,68.4,14.06,3.86,3.79
2025-12-07,19.89,59.24,43.7,1019.24,29.5,12.48,9.8,3.11
2025-12-08,24.88,40.62,44.36,1003.25,0.9,20.86,9.8,0.28
2025-12-09,11.31,90.79,0.55,997.33,63.34,27.08,3.88,1.02
2025-12-10,14.48,66.16,44.31,982.57,11.33,16.37,4.17,10.58
2025-12-11,36.79,37.69,13.57,997.14,65.93,23.67,6.39,3.39
2025-12-12,10.0,41.53,1.95,1020.64,92.56,8.65,5.31,2.32
2025-12-13,24.58,84.25,42.39,980.94,96.92,27.37,2.92,1.15
2025-12-14,28.29,23.53,43.19,1001.36,23.59,8.81,6.94,0.57
2025-12-15,11.91,99.37,29.81,1021.9,80.93,9.8,4.01,2.06
2025-12-16,44.06,30.43,28.72,997.77,35.36,7.66,6.88,10.22
2025-12-17,17.91,83.69,40.66,999.27,90.05,12.74,4.45,0.2
2025-12-18,20.65,51.58,39.32,1006.04,78.75,18.81,7.3,18.83
2025-12-19,20.64,59.38,44.51,1000.83,7.39,29.7,7.01,0.93
2025-12-20,18.06,90.45,27.64,987.59,40.71,24.83,5.58,2.1
2025-12-21,10.05,53.03,48.38,980.83,33.73,14.51,7.34,0.18
2025-12-22,35.53,63.0,49.81,1007.44,78.52,19.4,5.15,3.52
2025-12-23,43.84,23.94,5.83,1021.44,41.03,20.58,2.05,2.64
2025-12-24,17.85,20.19,42.48,984.79,68.46,25.57,2.64,4.39
2025-12-25,33.21,39.58,24.99,989.49,60.24,23.41,3.21,3.13
2025-12-26,35.97,74.45,19.38,996.66,97.56,19.23,1.57,2.03
2025-12-27,39.69,29.7,30.65,1016.39,93.78,21.73,7.4,5.35
2025-12-28,24.79,29.1,2.8,992.12,42.77,23.65,4.31,0.1
2025-12-29,20.6,52.88,25.32,1019.69,72.36,8.33,1.84,3.12
2025-12-30,21.39,71.83,43.54,982.47,82.95,10.01,8.38,0.48
2025-12-31,34.94,76.97,10.67,1022.34,89.89,22.21,7.15,2.29
2026-01-01,38.59,34.28,21.32,1005.23,6.81,26.26,5.07,6.26
2026-01-02,16.36,26.37,46.97,1009.64,30.21,15.23,3.23,0.61
2026-01-03,22.98,95.23,21.43,996.55,32.02,29.5,2.37,10.98
2026-01-04,41.57,40.85,17.92,1015.19,43.44,10.4,5.13,8.78
2026-01-05,38.23,88.27,22.03,987.5,16.93,15.42,8.97,2.14
2026-01-06,44.47,89.08,25.97,982.2,49.62,14.46,2.7,0.02
2026-01-07,36.4,81.8,31.6,997.8,66.32,28.26,6.12,6.24
2026-01-08,23.76,33.51,40.03,1018.42,49.74,12.13,9.66,8.51
2026-01-09,30.67,85.74,22.61,1013.97,66.58,16.77,6.73,0.77
2026-01-10,33.14,81.54,40.87,1003.27,6.64,9.68,4.96,9.92
2026-01-11,12.75,67.74,26.69,1005.75,87.6,18.03,7.45,9.82
2026-01-12,29.06,46.98,16.92,985.85,93.91,26.44,8.42,2.55
2026-01-13,34.83,41.0,32.9,1017.83,61.79,12.6,6.31,6.4
2026-01-14,15.86,29.75,35.89,1015.41,88.14,25.27,8.85,2.35
2026-01-15,37.32,60.78,27.9,1009.54,13.14,27.78,5.63,3.32
2026-01-16,30.43,66.82,2.83,1000.98,79.74,6.82,8.47,1.54
2026-01-17,43.33,48.75,8.49,1023.4,11.91,23.91,9.57,0.69
2026-01-18,11.48,58.03,14.26,1019.56,40.8,11.38,5.51,5.49
2026-01-19,19.29,49.08,14.13,1009.0,32.38,9.38,6.45,0.01
2026-01-20,31.05,71.28,33.67,996.73,58.56,20.03,6.49,3.47
2026-01-21,20.38,92.1,0.92,1007.81,30.15,22.64,8.03,8.0
2026-01-22,35.0,33.11,37.78,1005.89,63.73,14.87,8.41,1.0
2026-01-23,36.57,50.51,13.27,997.74,36.74,5.98,1.25,1.62
2026-01-24,13.59,31.27,15.5,993.8,86.08,27.72,7.6,3.54
2026-01-25,27.98,70.0,26.4,998.32,63.39,23.27,8.05,1.13
2026-01-26,27.81,78.31,10.8,1005.83,21.53,11.79,7.3,7.52
2026-01-27,22.92,94.55,44.22,999.27,33.61,17.42,7.42,1.83
2026-01-28,42.65,42.31,4.27,991.86,84.74,5.69,1.37,3.49
2026-01-29,38.96,96.02,22.22,1014.24,38.65,13.48,4.98,1.03
2026-01-30,34.4,25.06,42.47,1003.92,53.58,18.06,8.36,0.17
2026-01-31,35.0,68.24,30.79,983.05,64.89,17.93,9.41,0.76
2026-02-01,26.16,24.57,14.62,996.57,34.78,10.2,3.07,0.19
2026-02-02,42.23,91.5,21.04,1019.82,29.4,24.42,6.21,2.53
2026-02-03,34.31,62.38,35.33,1013.99,47.53,12.47,8.24,3.53
2026-02-04,35.51,73.55,48.66,994.55,21.49,19.51,7.77,0.18
2026-02-05,40.16,86.53,44.66,1022.22,28.42,11.79,6.57,0.38
2026-02-06,19.59,32.02,17.12,983.45,6.21,15.63,1.17,2.66
2026-02-07,38.25,23.09,49.91,1023.26,30.4,10.19,7.51,6.42
2026-02-08,16.83,90.31,0.18,991.06,32.07,20.83,7.96,3.96
2026-02-09,22.09,45.19,1.38,980.41,96.18,15.64,7.51,0.44
2026-02-10,21.75,30.32,41.19,999.52,58.97,5.4,7.89,8.74
2026-02-11,44.25,57.48,9.97,996.15,78.74,5.7,4.88,9.98
2026-02-12,39.98,67.86,3.04,1004.26,4.54,16.78,9.94,1.57
2026-02-13,34.54,22.48,11.86,1015.85,10.65,9.58,7.94,3.83
2026-02-14,35.45,41.99,21.31,1017.91,81.45,19.63,6.21,2.71
2026-02-15,29.67,22.62,36.53,998.06,62.35,15.2,9.41,11.39
2026-02-16,43.15,53.63,31.22,999.34,19.1,21.36,9.17,2.84
2026-02-17,27.37,91.61,11.88,986.67,40.48,28.81,8.33,12.87
2026-02-18,23.32,98.61,25.16,982.14,53.87,18.22,6.07,0.89
2026-02-19,15.71,70.96,46.31,1008.85,84.36,24.68,5.74,1.7
2026-02-20,37.52,32.93,40.75,982.9,6.04,23.83,3.96,6.08
2026-02-21,35.71,92.47,16.16,1013.02,59.67,28.04,3.26,6.12
2026-02-22,23.45,61.3,49.11,1004.26,71.7,10.35,5.61,5.27
2026-02-23,10.88,32.3,35.43,988.94,97.79,25.68,6.2,7.85
2026-02-24,39.36,93.74,3.12,1004.28,80.72,27.64,3.2,4.85
2026-02-25,10.4,80.6,1.76,988.23,27.62,14.82,9.3,4.04
2026-02-26,34.63,78.54,8.42,999.74,70.96,12.85,6.02,2.46
2026-02-27,43.96,76.73,36.39,1015.98,76.33,28.8,5.74,2.52
2026-02-28,25.32,36.03,9.19,1000.79,72.97,20.69,4.92,2.08
2026-03-01,18.22,36.88,25.57,986.69,82.01,14.52,1.52,3.87
2026-03-02,34.67,75.06,4.66,1012.57,90.37,24.8,8.94,2.09
2026-03-03,38.6,37.58,46.04,988.4,9.84,12.61,3.85,0.64
2026-03-04,29.13,55.09,17.2,1013.23,10.48,9.41,6.78,0.45
2026-03-05,43.85,82.56,45.41,1001.57,79.64,18.6,6.47,10.33
2026-03-06,11.81,82.72,47.24,1000.42,25.24,19.16,6.26,0.1
2026-03-07,27.67,56.26,0.31,1018.31,5.85,25.64,5.73,0.45
2026-03-08,35.15,83.38,23.21,1011.89,40.12,16.43,2.63,2.36
2026-03-09,40.19,87.09,1.23,981.48,81.99,25.36,3.53,1.22
2026-03-10,16.27,72.38,45.43,993.33,12.66,12.78,5.72,2.08
2026-03-11,38.0,38.27,25.92,1019.19,67.18,19.38,8.1,0.5
2026-03-12,29.34,41.92,3.75,980.82,0.36,10.21,4.89,0.56
2026-03-13,23.88,45.19,5.51,1004.54,10.97,14.64,2.84,6.45
2026-03-14,14.61,29.34,19.18,1012.75,35.09,26.44,1.79,5.69
2026-03-15,40.29,41.85,47.01,1007.98,8.36,10.4,6.97,0.44
2026-03-16,15.5,36.76,34.65,1014.22,84.59,25.26,4.81,4.41
2026-03-17,20.84,56.43,43.38,1012.66,86.41,12.07,2.13,3.76
2026-03-18,20.15,92.68,18.32,1011.14,75.56,5.86,7.07,5.0
2026-03-19,40.5,28.36,2.16,1016.97,24.25,7.75,2.87,2.57
2026-03-20,33.54,77.62,48.72,1009.06,52.32,23.65,5.58,1.26
2026-03-21,37.88,74.98,0.86,998.11,18.42,11.55,3.76,4.36
2026-03-22,18.77,27.66,47.38,1001.24,28.13,21.35,9.39,1.86
2026-03-23,31.87,93.81,18.43,1012.25,51.6,22.48,3.05,0.99
2026-03-24,30.01,65.48,0.5,1019.43,73.5,13.63,4.78,2.1
2026-03-25,39.15,49.1,34.46,992.25,9.47,16.87,9.64,5.76
2026-03-26,41.71,80.52,49.03,995.39,29.67,15.09,3.87,2.58
2026-03-27,10.43,40.59,48.28,1021.88,92.66,28.68,6.8,1.43
2026-03-28,33.59,75.48,8.05,1006.03,42.91,13.0,3.85,7.13
2026-03-29,11.81,23.18,9.06,988.05,93.89,9.58,2.0,8.54
2026-03-30,29.21,87.15,28.28,1009.87,99.14,14.14,6.65,2.27
2026-03-31,20.07,55.85,31.87,1024.58,52.67,21.74,9.24,1.88
2026-04-01,20.74,70.94,36.97,1017.06,28.8,22.43,5.07,3.79
2026-04-02,22.35,37.7,9.05,1013.56,79.08,28.1,6.64,0.24
2026-04-03,31.75,74.17,47.95,989.36,15.93,27.04,6.48,4.7
2026-04-04,21.69,81.78,31.94,1019.43,25.2,12.21,4.74,6.1
2026-04-05,35.64,57.86,42.35,1003.66,78.49,16.38,6.53,2.03
2026-04-06,24.16,69.42,27.0,1020.02,43.36,23.68,3.33,0.77
2026-04-07,12.39,56.51,20.71,994.84,20.15,27.91,4.4,0.12
2026-04-08,37.43,91.53,48.86,982.79,65.11,13.43,4.98,4.06
2026-04-09,20.0,59.83,29.11,1001.42,73.28,16.11,8.78,1.25
2026-04-10,25.15,87.34,43.34,992.14,12.51,27.49,4.13,2.49
2026-04-11,33.99,84.11,47.66,1012.19,27.7,13.96,6.72,1.95
2026-04-12,21.64,52.84,33.77,1023.07,22.13,17.01,2.92,0.77
2026-04-13,11.98,38.41,27.45,1011.09,37.99,27.61,3.27,2.84
2026-04-14,23.09,52.49,0.18,1019.91,76.34,25.06,6.84,2.46
2026-04-15,43.06,86.1,2.0,1000.39,71.37,11.09,7.86,3.91
2026-04-16,32.46,38.21,10.04,1014.72,66.25,13.12,5.16,1.16
2026-04-17,33.5,61.95,9.3,1017.94,0.63,13.82,4.02,0.97
2026-04-18,32.13,84.49,12.74,1011.99,14.21,27.82,9.19,6.74
2026-04-19,16.96,48.28,15.25,1002.85,22.33,29.97,2.22,4.85
2026-04-20,24.64,71.38,18.0,1008.16,27.2,24.35,7.49,5.92
2026-04-21,36.28,39.65,21.03,1011.52,14.64,17.11,7.21,0.53
2026-04-22,13.55,28.74,4.94,991.39,41.03,5.25,7.21,1.01
2026-04-23,19.72,83.55,2.12,1016.43,7.52,22.44,9.42,3.43
2026-04-24,19.67,27.92,33.7,1022.76,75.0,14.73,7.55,7.79
2026-04-25,25.12,41.71,26.87,1000.94,78.77,20.82,3.71,8.91
2026-04-26,44.31,88.41,22.21,1011.55,57.43,20.17,4.18,7.13
2026-04-27,12.36,47.72,31.72,1013.17,8.97,17.02,4.52,0.18
2026-04-28,28.15,97.84,41.38,1009.8,89.01,28.61,1.28,6.88
2026-04-29,16.28,98.38,21.38,1004.62,96.56,5.58,9.22,9.17
2026-04-30,43.97,41.46,32.06,1019.67,20.24,22.8,1.66,0.23
2026-05-01,13.97,23.28,47.68,1000.2,70.46,15.25,7.3,2.15
2026-05-02,24.13,76.41,41.98,982.75,84.19,22.84,7.57,3.08
2026-05-03,35.83,56.08,21.3,1018.01,53.98,21.88,8.59,1.06
2026-05-04,34.66,28.06,32.24,1010.33,32.33,5.26,5.98,2.91
2026-05-05,24.8,76.6,8.85,1018.22,47.86,12.13,7.53,8.68
2026-05-06,22.13,22.49,28.03,986.23,51.23,9.73,3.72,8.07
2026-05-07,23.92,89.62,49.07,981.38,40.06,9.17,7.71,11.24
2026-05-08,19.25,31.09,25.92,1022.05,92.98,23.21,4.09,2.65
2026-05-09,17.19,30.18,46.38,986.65,74.39,10.99,9.13,2.11
2026-05-10,26.91,34.05,20.37,1016.43,24.13,16.87,2.47,4.38
2026-05-11,19.4,96.82,49.94,1017.04,58.56,11.17,3.84,2.16
2026-05-12,20.06,75.45,28.96,1011.89,68.87,19.51,5.49,0.17
2026-05-13,32.99,84.11,2.11,985.91,14.02,23.01,7.98,5.09
2026-05-14,43.9,51.81,29.34,1010.03,35.84,13.28,7.74,1.32
2026-05-15,31.13,46.91,13.73,1020.01,90.55,20.08,2.9,0.2
2026-05-16,12.69,38.76,1.62,999.15,56.72,25.62,2.3,0.08
2026-05-17,12.65,58.45,41.04,998.61,21.7,7.36,3.74,10.72
2026-05-18,43.3,64.15,13.79,999.93,12.28,22.77,5.35,1.16
2026-05-19,20.41,70.54,39.83,983.7,51.82,13.08,5.85,2.38
2026-05-20,13.22,40.57,14.41,1020.14,54.77,8.07,4.86,12.03
2026-05-21,30.97,95.89,9.72,1019.11,33.44,18.64,6.97,2.52
2026-05-22,31.83,33.58,48.7,1024.91,63.04,10.66,4.85,0.33
2026-05-23,32.7,97.25,18.08,1006.33,6.87,25.53,9.52,3.21
2026-05-24,19.36,21.19,30.07,1013.8,14.51,6.07,3.35,0.37
2026-05-25,10.53,58.49,30.5,989.12,54.63,7.47,6.65,0.4
2026-05-26,43.78,46.67,28.02,1010.04,6.18,18.02,6.5,7.63
2026-05-27,18.78,55.93,45.73,1009.24,88.09,19.72,3.53,1.37
2026-05-28,33.66,65.65,33.72,1020.55,14.21,23.25,4.71,4.54
2026-05-29,34.73,54.85,20.19,1017.39,67.39,11.48,4.29,2.84
2026-05-30,31.35,53.19,43.12,1022.23,39.12,26.04,2.55,1.01
2026-05-31,20.95,78.62,9.05,1019.1,39.98,28.83,5.3,2.92
2026-06-01,19.49,74.87,27.21,1019.09,76.49,17.48,4.48,0.29
2026-06-02,30.92,86.66,47.53,982.87,49.95,24.01,2.6,1.71
2026-06-03,40.31,40.0,31.27,1018.07,72.57,18.12,5.05,2.96
2026-06-04,43.14,68.76,40.85,1007.34,50.52,6.74,4.8,1.04
2026-06-05,13.71,66.82,32.68,997.12,59.29,13.15,2.18,4.32
2026-06-06,15.42,49.58,41.97,982.54,76.07,7.19,2.18,0.21
2026-06-07,43.07,58.88,47.22,1010.5,60.73,29.72,6.83,2.65
2026-06-08,35.78,45.1,13.65,994.77,61.56,10.73,7.36,5.02
2026-06-09,40.9,31.35,8.48,1001.05,78.92,20.9,9.47,2.25
2026-06-10,17.09,37.1,24.2,1010.68,94.91,12.11,1.78,8.3
2026-06-11,30.57,28.44,35.09,1021.03,37.67,21.33,2.06,4.0
2026-06-12,34.54,74.65,11.36,1017.14,57.71,10.26,1.47,12.73
2026-06-13,33.8,72.86,0.21,1000.28,8.63,24.63,5.79,1.34
2026-06-14,24.29,96.05,17.15,997.45,35.88,7.77,6.6,11.17
2026-06-15,10.54,78.37,48.44,990.79,41.2,27.38,4.63,3.73
2026-06-16,30.4,24.16,34.75,996.76,83.52,26.01,8.18,5.47
2026-06-17,18.86,90.74,20.07,985.0,51.34,21.97,7.18,9.3
2026-06-18,25.76,89.01,9.63,1023.7,73.11,6.69,9.87,3.2
2026-06-19,43.52,55.47,17.8,1005.83,1.9,10.21,2.24,7.93
2026-06-20,23.97,66.87,8.49,985.75,46.45,26.48,1.52,3.12
2026-06-21,39.39,98.09,5.32,995.88,90.13,8.05,3.47,3.66
2026-06-22,16.6,62.58,45.34,1004.62,22.43,8.9,1.17,2.36
2026-06-23,33.54,92.43,49.88,1003.98,3.15,18.6,9.39,0.63
2026-06-24,44.2,26.64,8.21,981.6,43.34,11.85,3.74,3.23
2026-06-25,13.57,35.28,2.73,1022.79,70.44,10.55,5.97,15.17
2026-06-26,10.29,55.26,16.49,992.39,45.45,19.4,3.86,6.19
2026-06-27,25.18,66.78,23.08,980.73,46.0,14.31,3.21,5.51
2026-06-28,13.24,85.3,10.24,983.44,66.98,8.51,2.37,4.12
2026-06-29,36.19,99.06,15.07,1006.11,25.44,18.37,3.88,1.71
2026-06-30,42.01,51.11,10.04,986.2,75.19,14.68,6.54,0.74
2026-07-01,25.19,23.79,38.71,981.88,15.31,23.36,9.74,1.02
2026-07-02,19.05,84.09,35.63,997.08,39.58,7.57,6.02,0.03
2026-07-03,25.2,68.35,31.75,1008.02,65.6,20.52,5.79,4.48
2026-07-04,35.32,35.88,19.36,985.03,82.84,15.91,1.32,6.68
2026-07-05,10.32,59.59,45.45,994.1,79.15,15.15,8.56,1.25
2026-07-06,30.63,79.38,48.48,998.8,72.17,10.81,1.4,0.39
2026-07-07,31.47,81.63,8.68,987.18,35.91,5.76,9.16,1.64
2026-07-08,32.32,59.97,11.15,1002.77,12.23,26.19,5.85,1.38
2026-07-09,18.47,44.42,26.28,983.83,21.68,13.16,2.52,2.4
2026-07-10,34.99,97.9,4.56,982.09,86.48,22.03,5.07,1.23
2026-07-11,13.2,73.07,21.82,1003.39,85.73,28.69,9.95,1.66
2026-07-12,16.97,52.66,29.09,991.16,95.16,19.12,3.75,9.52
2026-07-13,40.71,42.44,26.1,984.29,7.6,14.93,3.43,1.63
2026-07-14,35.86,78.49,16.55,999.08,53.68,11.71,2.06,6.16
2026-07-15,10.48,39.37,27.12,1021.18,64.87,28.35,6.37,3.93
2026-07-16,18.69,33.74,47.94,1012.59,71.07,22.05,1.8,1.65
2026-07-17,17.5,62.39,10.3,1016.7,64.39,21.63,7.89,6.81
2026-07-18,19.48,43.2,32.74,1019.24,77.0,15.65,9.27,3.62
2026-07-19,18.66,70.31,2.17,1023.77,35.95,26.13,9.39,0.03
2026-07-20,12.19,29.44,3.32,1014.35,17.94,22.84,1.97,0.28
2026-07-21,26.06,72.4,27.59,1007.38,20.46,12.08,6.02,5.59
2026-07-22,35.65,42.66,5.25,996.44,1.2,19.99,1.87,2.37
2026-07-23,31.24,20.02,1.12,988.17,35.03,15.75,6.15,2.08
2026-07-24,33.55,30.15,8.58,1010.9,9.17,5.16,8.33,0.63
2026-07-25,12.84,94.69,28.24,1024.77,32.15,25.19,5.84,0.68
2026-07-26,43.3,89.39,35.17,1001.03,62.82,8.07,8.85,6.39
2026-07-27,39.35,38.69,10.12,1012.57,89.45,17.75,8.22,7.06
2026-07-28,38.18,82.27,33.41,1002.28,83.96,13.41,3.49,3.28
2026-07-29,38.8,68.69,9.12,999.44,25.27,13.55,6.67,1.4
2026-07-30,42.64,97.67,30.67,998.46,13.41,16.93,1.07,10.79
2026-07-31,29.05,49.89,20.6,1002.71,19.31,29.93,4.56,3.91
2026-08-01,17.01,74.52,32.69,996.51,97.1,15.21,3.14,6.37
2026-08-02,31.59,25.08,49.75,1013.69,54.95,9.56,9.43,0.01
2026-08-03,36.0,51.7,46.89,1019.34,18.25,20.34,4.65,2.39
2026-08-04,35.83,97.11,0.21,1019.73,84.07,10.91,6.89,8.19
2026-08-05,28.25,63.12,44.27,990.25,39.52,7.64,7.59,1.65
2026-08-06,12.4,43.03,3.32,1020.32,89.92,6.25,7.96,5.19
2026-08-07,22.99,29.62,47.65,995.37,26.07,5.57,7.62,4.29
2026-08-08,42.23,76.28,14.09,993.92,39.32,15.78,3.6,0.66
2026-08-09,30.46,71.59,19.1,1012.7,50.49,15.67,7.17,5.96
2026-08-10,28.84,49.92,4.58,993.71,89.26,9.64,5.94,0.48
2026-08-11,19.41,96.08,5.61,982.38,86.88,24.6,6.38,5.21
2026-08-12,22.9,21.78,36.34,996.81,57.44,8.23,1.01,18.83
2026-08-13,41.34,44.3,47.22,1012.47,22.18,27.88,3.32,12.68
2026-08-14,33.33,93.69,30.54,994.71,40.34,19.69,9.38,6.44
2026-08-15,37.56,45.67,35.79,1008.33,97.56,5.69,3.61,3.06
2026-08-16,25.9,40.18,38.1,1009.71,60.78,29.07,4.94,4.49
2026-08-17,32.06,62.74,13.14,1013.02,78.11,12.7,2.68,5.21
2026-08-18,18.69,85.9,2.26,1020.37,44.99,16.25,2.25,0.03
2026-08-19,34.69,28.25,0.09,999.47,53.2,12.11,2.88,0.43
2026-08-20,24.97,95.44,17.53,987.49,42.9,23.21,5.98,3.64
2026-08-21,25.49,83.61,12.07,994.35,70.29,17.14,9.27,0.03
2026-08-22,32.73,34.5,3.12,999.45,85.15,8.31,3.94,9.58
2026-08-23,42.77,76.96,8.98,1012.13,50.74,7.61,3.91,2.69
2026-08-24,12.24,50.8,6.22,980.59,48.09,23.13,6.08,1.19
2026-08-25,38.87,52.18,45.74,994.21,34.03,10.93,4.21,2.0
2026-08-26,20.23,82.66,7.01,1015.09,17.71,8.44,9.19,7.61
2026-08-27,25.54,97.02,26.88,1010.19,93.92,17.49,4.4,10.48
2026-08-28,10.77,30.13,29.66,1012.93,31.61,25.07,5.41,0.49
2026-08-29,20.54,53.65,27.17,1016.53,80.07,11.97,5.8,6.02
2026-08-30,27.59,58.48,4.95,1015.25,71.53,11.91,8.04,3.45
2026-08-31,11.97,50.1,15.94,1010.7,79.09,25.85,6.08,3.52
2026-09-01,27.19,49.06,2.56,999.78,93.68,8.7,3.15,6.05
2026-09-02,42.45,24.18,19.78,1024.26,62.34,20.42,2.12,1.01
2026-09-03,13.69,74.84,9.43,1005.61,89.8,28.88,9.44,3.03
2026-09-04,36.76,54.9,28.08,989.12,16.77,26.03,8.21,1.54
2026-09-05,24.34,35.58,34.64,993.18,62.67,6.55,1.21,0.4
2026-09-06,32.93,85.28,26.61,1011.21,77.23,13.0,8.39,0.44
2026-09-07,19.11,84.2,21.71,1021.61,27.16,8.56,6.32,0.59
2026-09-08,15.58,58.91,19.37,988.04,74.08,28.73,5.67,3.82
2026-09-09,15.62,43.88,42.08,983.71,77.85,29.65,1.11,0.45
2026-09-10,12.47,71.05,10.97,1019.67,83.12,10.87,8.03,3.38
2026-09-11,16.5,43.05,36.71,1021.19,31.29,21.74,2.78,3.55
2026-09-12,33.25,38.88,37.87,992.44,68.16,26.04,7.55,9.37
2026-09-13,40.86,78.44,20.96,996.98,30.43,10.84,1.14,3.94
2026-09-14,38.49,23.23,14.87,1009.71,73.9,9.69,8.17,16.96
2026-09-15,33.98,27.58,23.53,994.85,46.3,5.28,1.21,0.13
2026-09-16,13.87,20.54,4.66,1019.47,59.75,15.3,3.12,4.87
2026-09-17,20.12,32.24,2.3,984.84,41.58,27.49,3.41,0.11
2026-09-18,20.84,25.52,5.58,981.71,16.2,27.57,2.42,5.23
2026-09-19,18.75,99.66,9.36,989.38,17.8,8.19,5.33,1.95
2026-09-20,28.03,43.1,25.21,992.87,7.76,10.11,3.55,3.78
2026-09-21,28.74,31.94,42.46,985.08,61.81,15.2,9.94,1.48
2026-09-22,22.49,39.28,11.78,982.96,84.86,24.52,6.22,0.69
2026-09-23,22.38,94.89,46.76,1014.0,2.08,20.3,6.1,5.14
2026-09-24,39.0,61.61,47.75,987.39,6.62,17.85,2.99,9.4
2026-09-25,37.63,49.19,47.95,1021.13,45.75,19.8,4.68,0.81
2026-09-26,20.77,89.87,41.88,996.56,73.77,7.4,2.12,10.14
2026-09-27,41.98,51.6,18.19,1010.18,15.77,16.94,7.86,0.6
2026-09-28,43.35,46.8,3.63,990.14,27.17,29.8,3.98,5.32
2026-09-29,21.44,36.58,28.44,990.81,23.2,7.21,7.77,12.82
2026-09-30,22.4,50.22,27.93,1005.86,39.91,17.98,4.35,0.64
2026-10-01,27.7,45.33,42.5,1005.23,22.5,12.39,9.9,2.28
2026-10-02,42.94,74.18,49.8,1014.59,35.26,18.5,2.54,1.65
2026-10-03,40.67,43.17,25.41,1014.1,72.85,19.35,1.01,1.97
2026-10-04,13.59,66.18,17.26,1010.18,61.1,19.44,6.35,5.6
2026-10-05,23.75,25.27,9.3,1000.21,8.12,26.31,9.58,4.33
2026-10-06,29.37,35.3,0.24,1020.08,63.77,14.74,6.82,13.85
2026-10-07,27.61,52.59,25.46,1008.02,47.71,17.91,1.77,0.82
2026-10-08,16.79,94.96,27.78,1024.56,93.46,5.27,5.86,3.13
2026-10-09,40.06,50.18,41.25,1016.87,28.93,24.74,9.19,2.38
2026-10-10,33.69,73.13,25.23,981.99,72.62,11.49,1.06,10.05
2026-10-11,39.33,40.41,45.82,994.43,73.09,25.41,2.5,0.04
2026-10-12,40.06,30.16,31.4,1005.73,22.15,11.64,8.33,18.1
2026-10-13,36.19,24.68,42.02,1012.47,90.32,5.27,9.05,2.61
2026-10-14,25.37,44.43,7.42,1004.77,49.12,8.87,7.36,3.93
2026-10-15,31.37,32.61,42.77,1015.38,67.89,29.64,9.92,1.79
2026-10-16,15.61,33.92,33.76,992.72,14.59,13.0,1.81,7.66
2026-10-17,33.58,80.86,8.51,988.28,25.78,7.72,5.91,3.3
2026-10-18,16.27,21.27,9.49,982.43,58.61,7.97,7.16,4.35
2026-10-19,34.29,64.62,46.33,1005.8,31.9,12.76,7.32,4.19
2026-10-20,18.04,50.36,1.61,1010.99,49.97,5.94,8.14,1.81
2026-10-21,14.11,60.52,23.13,994.68,37.4,17.79,9.26,0.32
2026-10-22,15.78,65.03,15.67,1007.61,64.06,10.34,4.25,6.59
2026-10-23,10.07,45.07,33.25,982.35,48.71,17.98,1.39,1.37
2026-10-24,35.16,43.61,41.98,984.47,0.46,8.52,4.26,7.56
2026-10-25,35.63,78.67,18.02,1011.58,64.97,15.75,7.04,3.75
2026-10-26,28.02,89.7,21.35,996.56,42.21,19.95,2.92,1.75
2026-10-27,15.65,35.41,49.1,1010.21,34.17,6.55,8.29,3.61
2026-10-28,12.92,27.81,39.2,1017.43,9.41,14.97,2.98,4.15
2026-10-29,10.67,91.82,44.86,1018.37,22.04,12.56,1.09,4.91
2026-10-30,15.8,47.99,21.94,987.75,22.38,11.01,5.57,6.91
2026-10-31,41.18,64.11,11.7,1001.88,93.54,20.11,7.54,0.7
2026-11-01,18.45,48.76,20.59,1013.03,43.25,19.71,4.15,11.54
2026-11-02,22.4,30.06,35.8,1014.83,4.21,20.77,7.74,2.12
2026-11-03,13.69,67.15,5.47,1015.31,13.88,8.97,4.95,7.88
2026-11-04,17.78,62.01,13.52,990.27,7.9,12.14,2.55,1.0
2026-11-05,28.17,36.24,2.33,988.66,58.89,10.24,1.82,0.12
2026-11-06,31.27,56.15,21.62,1006.55,18.66,18.51,7.4,3.41
2026-11-07,18.59,83.76,41.37,1013.35,49.86,16.53,4.47,1.57
2026-11-08,12.02,67.23,1.23,994.36,37.01,13.26,9.21,16.66
2026-11-09,23.69,27.75,33.77,984.71,80.39,24.65,5.86,0.44
2026-11-10,18.2,63.84,46.62,1012.25,32.05,7.35,4.14,0.19
2026-11-11,17.68,76.22,11.85,993.49,45.83,29.37,4.14,0.18
2026-11-12,43.6,83.42,34.68,987.49,72.13,7.91,2.18,0.98
2026-11-13,31.57,70.33,48.76,986.65,43.34,24.33,6.34,3.46
2026-11-14,29.49,32.21,48.11,994.17,79.32,14.21,6.24,2.82
2026-11-15,24.55,76.81,11.75,1006.67,66.17,26.63,8.2,1.72
2026-11-16,25.01,74.19,5.02,996.13,41.05,6.85,2.81,0.37
2026-11-17,28.93,21.95,7.41,980.93,50.4,14.37,3.62,1.06
2026-11-18,34.38,52.94,35.1,984.36,96.72,13.39,1.88,0.81
2026-11-19,34.58,46.64,36.29,993.07,66.16,29.83,3.66,5.48
2026-11-20,16.01,73.55,33.71,1009.69,90.5,29.64,4.85,6.06
2026-11-21,27.5,37.29,16.8,984.43,17.88,9.75,9.68,6.0
2026-11-22,24.42,67.27,8.49,1005.23,48.32,20.75,6.88,13.9
2026-11-23,40.47,93.06,29.04,985.39,90.87,18.39,8.05,8.62
2026-11-24,32.1,83.82,24.18,989.52,32.26,8.86,3.93,2.76
2026-11-25,28.64,93.72,36.44,987.75,96.77,9.19,2.3,2.14
2026-11-26,14.04,98.28,22.07,983.03,9.71,29.73,3.31,9.9
2026-11-27,31.2,20.85,16.93,1010.21,90.27,16.32,3.31,3.78
2026-11-28,14.1,69.82,14.67,1000.85,44.52,8.15,6.25,1.39
2026-11-29,21.8,53.03,10.57,1017.4,7.37,10.37,4.07,3.32
2026-11-30,15.0,88.79,13.29,984.45,87.95,11.71,8.72,19.39
2026-12-01,34.22,40.15,4.74,986.51,25.19,17.77,9.9,7.57
2026-12-02,17.22,98.48,17.34,993.79,2.23,13.39,4.09,1.32
2026-12-03,23.72,69.1,1.83,1014.46,13.58,16.38,7.35,12.23
2026-12-04,41.35,83.48,9.32,993.76,65.91,9.16,6.92,15.95
2026-12-05,17.15,26.85,37.34,998.38,97.78,13.17,2.75,1.05
2026-12-06,27.77,34.68,16.27,993.57,11.15,6.76,9.26,9.04
2026-12-07,24.67,80.67,33.41,983.61,46.19,27.24,2.79,8.59
2026-12-08,10.63,21.76,35.84,1022.27,18.06,9.97,7.63,0.16
2026-12-09,37.75,85.35,29.06,1004.68,74.5,23.92,4.13,4.43
2026-12-10,12.42,21.12,47.93,1015.45,11.81,13.74,4.3,1.46
2026-12-11,26.6,72.57,1.07,1009.63,23.98,16.86,5.1,4.49
2026-12-12,29.62,49.21,36.93,1003.14,19.64,12.28,8.78,9.79
2026-12-13,31.99,68.92,47.94,984.04,55.25,22.41,2.26,2.76
2026-12-14,34.1,75.68,43.11,1008.92,87.32,26.11,1.49,2.14
2026-12-15,18.86,47.4,8.39,986.99,51.11,12.16,4.62,10.18
2026-12-16,10.35,28.64,16.34,998.65,5.82,11.06,1.5,14.62
2026-12-17,35.32,25.57,8.62,1008.31,56.34,22.04,7.19,0.26
2026-12-18,28.75,67.11,30.07,1015.2,79.75,9.88,7.84,10.25
2026-12-19,39.26,61.65,35.61,1010.83,13.22,21.0,8.69,0.35
2026-12-20,38.75,79.38,15.85,1010.22,7.27,7.36,7.69,1.65
2026-12-21,39.52,60.78,26.98,986.71,18.78,20.5,9.25,5.75
2026-12-22,26.98,53.8,34.55,995.58,74.61,17.84,7.73,6.0
2026-12-23,21.68,51.85,21.07,981.93,59.17,7.85,9.42,5.18
2026-12-24,37.7,22.12,42.7,1012.38,54.06,21.23,2.74,0.16
2026-12-25,25.8,46.84,38.58,1022.87,24.95,16.16,5.5,0.57
2026-12-26,16.42,98.08,3.23,991.88,33.22,10.43,9.95,11.01
2026-12-27,39.92,89.88,31.06,983.95,96.59,13.83,7.13,0.34
2026-12-28,40.89,46.35,11.77,1001.4,24.06,17.3,8.91,0.33
2026-12-29,26.32,67.02,27.88,1018.55,90.16,7.29,1.27,7.22
2026-12-30,12.65,87.78,47.84,1004.84,58.05,28.94,8.85,4.1
2026-12-31,23.57,55.3,43.95,982.1,12.33,21.64,7.28,1.73
2027-01-01,38.12,21.44,20.23,1023.84,46.73,7.56,2.54,0.72
2027-01-02,41.56,25.96,14.58,1017.29,94.85,25.57,1.23,8.62
2027-01-03,17.12,60.83,11.72,985.92,41.86,13.06,3.34,17.87
2027-01-04,12.34,97.56,26.63,1021.48,86.34,19.92,9.24,0.21
2027-01-05,40.71,75.46,5.71,1000.28,25.64,11.93,7.01,3.23
2027-01-06,23.63,25.67,27.46,996.74,57.09,23.34,9.28,1.21
2027-01-07,28.96,35.15,0.07,1000.75,84.39,23.08,5.02,7.14
2027-01-08,43.88,81.71,16.19,1017.56,92.07,18.8,9.43,1.7
2027-01-09,12.33,87.32,11.0,1009.68,48.58,11.02,5.17,5.02
2027-01-10,32.69,69.42,48.56,982.67,63.97,11.34,2.84,3.1
2027-01-11,12.59,71.55,36.36,1023.09,0.3,14.57,2.36,3.12
2027-01-12,23.14,22.27,17.48,986.65,25.32,8.63,9.94,7.81
2027-01-13,38.13,86.28,4.64,1013.55,27.87,13.44,4.0,2.54
2027-01-14,25.17,83.06,25.84,1008.63,9.35,22.11,2.44,7.47
2027-01-15,44.9,40.72,10.67,988.44,27.97,25.77,1.08,1.81
2027-01-16,29.57,76.69,26.82,987.68,32.11,13.31,3.57,0.77
2027-01-17,21.24,37.19,41.77,1019.16,96.88,10.84,9.0,2.43
2027-01-18,17.7,23.23,30.79,998.89,66.86,25.82,5.81,2.76
2027-01-19,22.27,36.09,31.69,1009.46,42.6,27.27,6.69,2.6
2027-01-20,23.04,34.29,27.05,1002.68,98.81,15.25,9.3,6.61
2027-01-21,12.4,47.02,46.36,1012.73,15.32,5.67,5.62,3.33
2027-01-22,22.94,53.48,46.6,1001.57,47.61,22.37,8.54,8.77
2027-01-23,26.25,60.68,25.64,992.93,64.71,24.6,3.91,2.89
2027-01-24,35.3,58.14,15.29,996.35,5.56,5.45,9.79,1.02
2027-01-25,32.99,41.65,22.98,1018.66,71.7,19.88,1.71,0.55
2027-01-26,34.81,22.33,9.33,1001.06,9.99,19.71,7.52,8.11
2027-01-27,10.29,68.41,31.82,989.61,14.03,14.47,6.95,0.23
2027-01-28,17.62,51.66,25.0,1022.06,15.97,23.74,2.73,0.5
2027-01-29,33.16,43.89,5.17,1015.85,92.89,15.7,4.5,0.26
2027-01-30,26.94,89.36,9.88,982.5,68.32,21.92,3.82,2.2
2027-01-31,10.19,79.74,23.98,1024.95,65.54,17.93,1.85,3.04
2027-02-01,38.16,88.62,44.38,1011.27,55.55,11.21,6.26,0.08
2027-02-02,37.05,59.6,28.32,987.21,29.28,20.16,9.94,2.9
2027-02-03,29.19,30.47,34.08,990.67,62.09,23.42,6.04,2.0
2027-02-04,12.33,75.7,16.95,1011.16,41.01,29.35,5.91,5.94
2027-02-05,36.83,36.49,28.57,1015.09,14.54,14.5,1.36,7.09
2027-02-06,30.43,55.3,22.37,990.76,68.96,6.61,2.25,4.62
2027-02-07,37.37,25.2,32.96,991.56,12.96,29.7,5.62,2.57
2027-02-08,36.31,86.02,2.53,993.82,19.07,20.6,9.87,0.97
2027-02-09,38.11,30.08,24.67,1006.91,81.77,28.66,8.89,7.51
2027-02-10,28.13,92.25,14.8,987.73,66.01,7.6,4.06,1.67
2027-02-11,14.91,89.14,16.31,984.69,63.1,13.55,5.89,1.76
2027-02-12,33.49,57.17,48.05,1010.55,41.82,8.35,5.97,9.91
2027-02-13,31.72,79.55,9.13,1015.06,39.63,25.89,7.17,14.85
2027-02-14,35.98,69.56,15.56,1002.54,69.03,27.01,7.19,9.14
2027-02-15,15.95,84.25,25.49,996.37,74.0,17.53,8.11,25.36
2027-02-16,16.82,54.54,43.15,999.44,51.02,9.67,1.22,8.13
2027-02-17,41.16,82.86,20.83,997.48,96.93,8.18,9.49,4.87
2027-02-18,36.25,57.0,37.19,1023.2,95.57,19.7,1.63,1.39
2027-02-19,41.79,95.28,42.82,1014.56,41.24,17.66,5.29,12.23
2027-02-20,36.56,58.91,15.5,989.36,82.06,22.37,9.28,8.37
2027-02-21,30.9,57.01,19.64,997.29,54.33,12.63,5.39,1.1
2027-02-22,32.89,82.81,17.83,1004.48,51.18,15.06,1.57,2.69
2027-02-23,41.12,85.73,41.64,1007.58,5.5,5.53,3.06,0.29
2027-02-24,30.26,64.36,2.22,1001.07,57.4,20.25,6.21,12.26
2027-02-25,32.13,34.38,15.42,1016.46,90.06,15.58,1.79,3.4
2027-02-26,15.48,57.42,33.97,1014.54,78.01,27.99,4.81,1.13
2027-02-27,26.59,97.45,28.27,1002.73,78.63,21.04,3.96,1.38
2027-02-28,35.07,80.24,21.81,1018.45,15.99,14.97,8.34,15.78
2027-03-01,19.48,84.89,27.0,1013.8,35.84,11.59,1.99,3.82
2027-03-02,17.08,22.63,9.88,1015.04,23.32,27.63,7.15,2.18
2027-03-03,20.98,57.43,21.54,1023.04,31.59,5.41,4.66,2.77
2027-03-04,18.45,71.73,25.09,991.99,57.95,13.17,6.29,0.42
2027-03-05,17.52,86.4,45.06,992.04,36.48,28.59,2.85,0.31
2027-03-06,24.87,23.94,13.04,1020.0,56.07,21.35,6.49,3.59
2027-03-07,41.77,88.2,43.39,1014.75,43.85,18.32,7.07,2.87
2027-03-08,27.75,63.87,32.21,1021.69,28.66,10.09,1.63,1.78
2027-03-09,16.58,35.79,1.02,982.84,9.54,25.83,8.42,3.34
2027-03-10,12.69,45.38,36.23,1008.25,89.18,10.1,8.75,0.3
2027-03-11,34.37,42.55,1.78,986.51,1.14,11.21,1.57,11.53
2027-03-12,23.4,62.47,49.87,1002.68,0.17,9.8,6.43,1.39
2027-03-13,38.76,24.13,43.63,987.01,82.68,8.95,6.35,0.3
2027-03-14,33.08,32.68,14.87,985.76,99.68,28.83,1.11,0.74
2027-03-15,37.87,85.02,12.87,980.55,72.71,20.05,4.08,0.4
2027-03-16,19.52,30.61,19.07,1008.36,1.53,20.95,9.72,0.79
2027-03-17,34.23,38.67,17.81,996.16,22.67,28.86,6.0,2.16
2027-03-18,19.24,56.27,18.62,984.73,97.18,10.76,9.4,5.36
2027-03-19,42.87,61.37,15.91,994.53,80.86,5.15,7.08,1.27
2027-03-20,32.27,81.09,31.06,987.6,56.68,19.97,1.26,2.29
2027-03-21,21.36,55.79,8.21,1022.38,23.69,17.7,1.7,10.57
2027-03-22,19.43,83.19,42.3,994.4,1.44,16.94,7.5,1.4
2027-03-23,16.68,69.47,40.62,995.03,2.09,6.55,5.99,6.33
2027-03-24,34.31,29.05,23.82,1017.79,61.2,16.36,2.14,0.69
2027-03-25,17.66,32.51,42.64,1009.15,2.18,12.19,6.53,0.79
2027-03-26,30.84,54.96,12.36,1011.96,99.36,11.86,8.29,2.44
2027-03-27,19.26,51.75,0.88,1008.62,18.34,10.56,7.78,1.07
2027-03-28,33.17,79.48,30.96,1022.58,71.07,13.31,3.22,9.33
2027-03-29,38.52,66.46,22.9,989.32,15.51,13.83,3.32,0.21
2027-03-30,37.23,51.05,28.36,1024.51,54.01,12.72,9.71,3.64
2027-03-31,36.63,33.66,44.97,1017.39,8.06,29.47,8.99,3.71
2027-04-01,16.57,38.15,48.5,1006.5,76.68,28.32,3.87,0.27
2027-04-02,13.09,66.04,31.72,1009.81,58.49,19.36,8.42,5.28
2027-04-03,34.46,53.88,38.2,1009.2,8.62,29.53,2.46,2.53
2027-04-04,22.89,61.19,4.19,982.63,84.86,29.78,2.77,5.14
2027-04-05,25.13,33.65,8.04,989.81,54.7,13.9,2.63,7.02
2027-04-06,11.09,73.03,36.66,1023.27,92.16,16.13,1.79,1.56
2027-04-07,19.09,88.2,21.57,1004.05,91.66,28.98,8.69,2.65
2027-04-08,11.18,40.64,22.3,997.03,92.05,20.22,6.21,1.21
2027-04-09,40.77,59.32,15.43,1014.29,7.78,10.32,3.33,0.9
2027-04-10,18.52,98.04,30.37,1003.6,12.1,22.23,8.64,0.0
2027-04-11,29.51,46.66,9.26,980.59,98.77,10.14,8.22,13.26
2027-04-12,11.36,67.6,31.35,1013.13,48.76,13.48,1.91,2.33
2027-04-13,33.34,27.22,8.69,1012.95,23.82,10.69,6.8,0.05
2027-04-14,21.31,68.48,3.19,987.43,76.97,11.12,7.5,0.04
2027-04-15,41.43,27.17,16.52,1023.05,26.43,5.12,7.44,1.36
2027-04-16,41.08,96.74,11.56,990.08,72.72,27.02,7.51,0.06
2027-04-17,21.39,77.25,44.45,1000.6,83.73,12.4,2.53,1.88
2027-04-18,41.53,83.05,2.75,985.16,78.43,7.16,3.84,0.26
2027-04-19,44.87,76.33,8.83,1007.15,27.4,7.17,8.6,0.16
2027-04-20,38.89,67.18,27.44,996.9,40.16,18.9,9.09,4.43
2027-04-21,39.57,55.99,24.05,995.89,41.33,29.82,3.51,9.49
2027-04-22,18.72,88.67,2.29,1017.21,49.13,8.63,1.21,2.11
2027-04-23,30.18,96.55,0.36,980.43,16.74,7.49,8.74,7.25
2027-04-24,12.35,59.92,49.4,1015.91,45.25,15.96,4.39,0.12
2027-04-25,13.32,94.52,32.94,1005.72,51.08,19.08,3.97,6.01
2027-04-26,44.96,66.67,18.27,1024.37,53.17,12.36,4.12,0.26
2027-04-27,21.43,63.07,23.52,1006.52,81.99,12.56,4.74,7.29
2027-04-28,36.19,56.36,13.33,982.49,51.73,15.61,4.4,8.56
2027-04-29,38.23,36.74,17.24,982.28,23.08,12.85,6.1,6.17
2027-04-30,40.03,20.3,32.45,1019.74,66.31,27.88,1.71,6.88
2027-05-01,44.92,39.32,44.14,1017.85,79.73,6.05,9.74,3.3
2027-05-02,18.45,60.78,9.21,995.57,31.94,10.86,9.43,1.23
2027-05-03,11.41,50.4,42.02,1007.81,64.53,25.21,9.41,4.12
2027-05-04,24.39,55.88,6.08,1002.03,14.69,25.85,8.91,2.32
2027-05-05,14.55,98.45,10.75,1023.52,34.19,7.79,6.94,0.02
2027-05-06,10.78,48.02,1.86,1022.75,90.92,29.34,2.99,2.59
2027-05-07,22.61,56.17,7.04,1024.27,91.13,22.33,1.45,4.21
2027-05-08,37.43,30.68,45.87,1018.99,57.53,11.81,1.89,0.06
2027-05-09,29.82,23.84,22.97,1020.93,70.24,16.4,3.92,3.88
2027-05-10,20.95,82.03,3.88,989.78,85.4,12.43,5.53,4.23
2027-05-11,32.9,65.65,47.99,1017.4,95.86,8.75,9.94,0.69
2027-05-12,18.12,80.86,43.95,1011.9,48.99,12.28,4.92,2.26
2027-05-13,10.5,31.99,37.73,1023.33,56.16,19.5,5.72,13.33
2027-05-14,36.75,65.75,46.67,1005.71,41.56,25.65,7.26,8.62
2027-05-15,31.83,40.29,11.01,983.83,7.2,14.09,2.63,2.12
2027-05-16,36.68,38.24,41.82,1006.88,42.28,13.7,9.4,1.72
2027-05-17,11.36,20.92,34.5,1010.9,79.06,16.7,5.76,0.53
2027-05-18,39.3,30.43,43.49,989.91,80.49,21.11,3.49,0.14
2027-05-19,31.68,44.74,39.85,997.74,89.24,23.79,9.42,1.41
2027-05-20,29.72,29.35,17.32,1006.93,5.15,13.17,6.63,11.27
2027-05-21,31.86,98.87,38.72,996.83,52.72,19.66,5.35,12.74
2027-05-22,40.26,44.69,13.12,996.87,10.74,14.73,6.22,6.7
2027-05-23,30.54,30.43,16.43,985.99,20.07,22.91,7.73,1.73
2027-05-24,30.33,35.93,5.4,1022.33,90.02,9.12,2.39,0.62
2027-05-25,44.67,67.02,46.75,1013.77,49.68,11.42,8.78,3.62
2027-05-26,36.49,25.12,14.55,980.06,75.85,15.65,9.64,4.16
2027-05-27,25.48,88.99,26.03,1014.45,6.44,27.24,6.1,2.21
2027-05-28,34.76,96.92,19.57,1013.29,41.68,19.33,7.14,4.71
2027-05-29,23.62,39.74,48.0,980.44,67.42,29.13,8.74,5.49
2027-05-30,18.01,56.01,16.75,996.63,13.34,7.58,4.37,6.11
2027-05-31,30.89,21.77,38.93,1007.3,32.58,16.5,9.94,2.79
2027-06-01,42.49,71.26,42.77,1000.37,6.45,15.48,7.12,6.27
2027-06-02,42.52,53.11,21.78,1015.01,65.13,20.01,4.82,0.1
2027-06-03,21.97,41.6,18.91,999.15,97.09,25.3,7.1,4.56
2027-06-04,28.47,36.55,37.39,986.92,82.7,26.04,5.7,1.07
2027-06-05,17.41,72.32,45.64,1023.94,97.46,21.75,2.0,1.26
2027-06-06,44.85,53.3,37.75,990.89,84.56,21.04,8.16,0.38
2027-06-07,44.34,34.37,11.36,1012.3,85.52,28.73,6.08,0.85
2027-06-08,32.73,75.13,44.42,986.44,57.72,14.59,8.16,19.32
2027-06-09,38.15,65.21,19.38,994.81,51.83,25.82,2.39,2.15
2027-06-10,35.03,88.69,28.81,999.89,40.63,28.04,5.85,10.51
2027-06-11,30.76,29.4,41.57,988.65,81.81,17.29,7.9,0.71
2027-06-12,11.87,82.85,9.42,1000.25,18.21,23.23,9.89,0.91
2027-06-13,25.92,73.88,39.23,987.07,5.62,14.43,8.96,3.26
2027-06-14,33.62,29.2,29.81,1005.16,94.79,8.97,8.78,1.72
2027-06-15,33.71,75.59,44.67,1009.87,0.38,19.66,3.23,4.13
2027-06-16,23.06,55.32,8.6,982.81,97.68,9.91,8.54,2.19
2027-06-17,42.96,95.6,21.03,1019.2,72.89,16.44,2.52,6.68
2027-06-18,15.86,31.33,41.64,988.33,32.85,26.82,2.78,2.26
2027-06-19,27.51,71.43,0.96,990.14,69.78,7.15,1.99,3.4
2027-06-20,34.18,50.56,5.61,1009.76,81.79,5.76,8.72,1.55
2027-06-21,34.4,96.55,49.53,1001.09,24.54,20.16,1.97,4.87
2027-06-22,32.7,46.4,14.02,1002.47,77.09,13.28,2.24,4.25
2027-06-23,19.64,96.97,48.78,985.77,80.44,15.45,3.21,2.02
2027-06-24,15.47,92.12,9.13,1016.26,24.94,15.14,6.15,1.29
2027-06-25,32.26,41.63,18.05,1007.77,4.19,7.17,8.92,3.81
2027-06-26,30.98,84.28,37.64,986.09,20.41,5.09,4.76,11.47
2027-06-27,16.28,99.65,32.89,996.83,20.06,27.46,5.92,0.57
2027-06-28,34.68,40.21,29.06,1016.47,6.52,10.44,2.5,6.42
2027-06-29,25.93,54.94,26.49,1005.58,72.6,15.65,3.39,3.13
2027-06-30,33.37,61.61,42.17,984.89,38.0,29.3,2.21,2.98
2027-07-01,39.31,43.59,11.75,996.77,88.44,25.67,4.69,13.05
2027-07-02,15.94,21.22,22.12,990.92,25.22,7.7,6.31,3.72
2027-07-03,10.67,37.61,7.77,1003.29,45.32,17.71,3.56,7.1
2027-07-04,37.27,42.55,29.8,1017.95,63.9,23.25,8.61,2.89
2027-07-05,31.34,55.49,12.53,999.63,87.75,22.46,9.83,1.15
2027-07-06,34.49,33.69,16.69,999.5,52.46,24.02,2.08,4.74
2027-07-07,39.34,89.86,23.56,1020.74,37.35,16.44,1.16,10.26
2027-07-08,38.1,76.39,1.34,1005.93,86.7,9.4,8.11,7.36
2027-07-09,43.63,26.82,4.6,1005.48,31.02,16.62,2.72,0.88
2027-07-10,28.76,72.01,34.3,991.79,7.94,21.2,4.18,1.52
2027-07-11,27.1,72.29,21.45,1007.35,44.5,20.21,4.55,2.91
2027-07-12,24.07,96.5,43.24,1005.92,78.51,6.76,9.25,3.39
2027-07-13,15.38,20.24,34.73,997.86,3.08,6.62,6.93,0.86
2027-07-14,30.04,39.83,0.41,1024.58,58.59,29.13,1.37,1.05
2027-07-15,19.7,94.22,30.84,1019.69,59.45,8.8,1.13,5.69
2027-07-16,42.25,94.57,4.69,1013.73,92.85,12.36,2.8,5.24
2027-07-17,30.41,77.65,39.05,1004.18,28.65,24.19,3.86,7.31
2027-07-18,30.75,81.26,49.58,1000.79,27.88,15.24,5.36,10.81
2027-07-19,22.42,27.32,26.56,988.32,44.05,9.54,8.54,1.47
2027-07-20,11.82,61.11,34.14,993.76,35.69,16.68,3.83,7.85
2027-07-21,11.11,38.53,11.87,1014.83,73.63,19.22,4.39,4.39
2027-07-22,24.82,34.5,21.88,1000.42,64.18,16.32,3.96,12.66
2027-07-23,12.96,84.82,42.8,1019.7,75.89,27.97,1.08,1.27
2027-07-24,31.24,30.8,8.37,986.66,82.0,12.12,9.6,1.26
2027-07-25,40.83,57.49,13.28,1002.88,92.3,21.53,2.25,4.87
2027-07-26,40.9,95.09,22.27,1009.11,43.09,7.81,3.59,10.55
2027-07-27,33.07,34.87,35.61,1003.26,98.47,14.81,2.16,6.96
2027-07-28,17.39,98.24,18.79,1020.02,21.57,23.52,5.41,5.19
2027-07-29,40.2,99.54,46.39,1024.53,71.44,10.62,9.39,1.96
2027-07-30,41.01,64.45,4.72,985.21,53.4,19.74,1.91,5.06
2027-07-31,16.88,33.61,18.54,985.85,81.69,8.84,4.97,6.46
2027-08-01,35.81,45.29,35.45,985.86,47.68,7.57,1.2,5.6
2027-08-02,20.03,53.96,11.3,1010.65,78.39,18.08,7.94,4.52
2027-08-03,38.09,44.75,32.82,996.77,93.02,21.88,6.77,0.19
2027-08-04,44.9,42.45,8.21,1013.0,73.23,7.83,7.3,4.31
2027-08-05,11.05,97.78,2.8,998.25,77.61,27.94,5.25,2.6
2027-08-06,41.41,32.27,6.05,1008.24,6.72,10.64,9.17,13.04
2027-08-07,31.79,78.67,46.5,1014.64,20.5,8.0,4.69,3.74
2027-08-08,44.07,20.03,27.59,1004.67,97.43,10.07,5.63,3.75
2027-08-09,26.28,67.69,39.82,1004.28,69.32,9.24,7.26,20.5
2027-08-10,39.66,93.28,16.63,983.97,56.14,7.27,5.69,0.39
2027-08-11,12.18,43.03,29.63,998.49,36.7,24.95,2.7,1.29
2027-08-12,21.73,34.84,24.75,1004.56,4.44,17.39,3.85,4.27
2027-08-13,12.35,72.13,47.29,1000.79,36.91,14.71,1.83,1.51
2027-08-14,44.14,77.01,37.38,1020.54,49.89,28.77,4.89,1.7
2027-08-15,38.59,75.04,36.53,1020.79,21.15,14.28,6.48,8.93
2027-08-16,39.84,45.55,2.32,1016.99,17.31,9.17,2.07,3.46
2027-08-17,42.83,40.18,27.48,996.89,50.84,11.85,6.68,0.43
2027-08-18,12.98,96.47,23.35,1012.28,58.59,10.97,9.04,1.49
2027-08-19,23.5,93.86,46.39,997.79,23.99,17.47,4.04,0.32
2027-08-20,12.49,56.59,12.87,990.47,58.74,12.29,3.0,3.25
2027-08-21,17.38,87.7,13.49,995.43,90.03,17.9,9.04,0.76
2027-08-22,18.03,56.19,20.57,983.19,47.32,21.73,7.23,7.78
2027-08-23,26.42,53.95,12.17,994.93,85.74,24.43,1.95,3.44
2027-08-24,19.4,32.54,6.46,1000.73,92.73,22.75,4.67,0.24
2027-08-25,13.53,54.11,42.87,1023.0,9.24,10.14,7.07,1.43
2027-08-26,15.86,62.99,27.91,994.1,9.58,7.9,6.17,3.83
2027-08-27,15.15,21.8,43.07,1020.61,47.6,18.56,6.57,1.63
2027-08-28,44.06,55.53,41.56,990.3,58.81,9.97,6.1,2.88
2027-08-29,36.58,82.51,14.1,988.59,42.59,7.12,8.18,9.6
2027-08-30,43.87,74.4,27.39,1003.35,32.65,18.18,3.88,1.72
2027-08-31,25.39,70.81,4.16,1010.26,64.1,13.17,7.38,1.64
2027-09-01,19.74,92.76,45.76,981.99,0.21,23.9,9.92,6.85
2027-09-02,37.94,21.44,20.21,989.95,96.81,12.85,4.51,1.54
2027-09-03,21.42,64.56,19.68,1000.51,23.21,29.47,8.12,0.32
2027-09-04,20.48,82.99,15.14,994.9,91.71,23.96,3.21,0.8
2027-09-05,18.14,63.31,23.03,1012.07,10.9,6.44,3.54,11.89
2027-09-06,14.54,45.91,12.59,1003.0,23.81,17.72,9.41,10.83
2027-09-07,18.98,30.9,18.74,987.22,23.49,19.07,1.23,1.02
2027-09-08,22.44,91.01,40.0,1020.25,99.62,22.38,2.96,3.23
2027-09-09,33.59,57.66,41.71,993.18,0.46,17.44,5.35,0.59
2027-09-10,12.19,90.25,15.21,1012.9,63.96,17.09,4.62,4.49
2027-09-11,17.37,66.87,23.45,1015.1,86.97,14.2,6.66,0.82
2027-09-12,38.32,73.94,43.69,1023.34,67.23,11.79,2.73,0.2
2027-09-13,15.14,84.34,2.63,1002.43,36.27,28.66,1.63,6.97
2027-09-14,21.99,72.73,44.46,1007.71,95.83,12.94,4.32,1.57
2027-09-15,40.26,51.84,10.96,995.07,89.35,6.59,5.72,0.46
2027-09-16,15.42,61.09,33.93,1010.52,43.4,9.18,6.06,7.18
2027-09-17,12.9,84.24,29.13,1000.85,57.33,26.43,6.41,5.75
2027-09-18,26.96,49.89,27.65,999.69,96.75,19.67,5.94,4.6
2027-09-19,20.58,51.05,42.97,1018.5,98.26,24.47,3.21,9.69
2027-09-20,29.72,27.66,5.08,982.26,44.98,25.22,7.88,2.69
2027-09-21,38.13,93.17,17.35,1019.69,84.74,25.58,1.79,0.55
2027-09-22,14.8,27.28,26.91,1018.34,30.2,18.77,2.79,0.25
2027-09-23,30.32,71.86,40.56,1002.79,37.18,9.43,7.65,1.53
2027-09-24,27.69,53.06,10.82,1002.06,16.48,8.71,3.52,0.36
2027-09-25,15.04,52.45,40.15,996.28,20.92,19.35,5.44,3.07
2027-09-26,31.84,74.36,19.98,1024.74,65.69,14.16,3.94,0.06
2027-09-27,19.58,25.37,9.45,985.0,51.08,18.95,5.56,2.35
2027-09-28,27.07,67.5,37.95,1006.56,23.11,17.46,4.12,0.79
2027-09-29,12.88,81.76,4.54,1010.68,40.29,20.05,9.95,1.84
2027-09-30,26.09,86.26,25.74,1022.04,37.32,5.8,4.22,4.5
2027-10-01,20.73,33.64,3.19,1015.11,98.74,5.82,6.64,1.73
2027-10-02,38.78,91.79,17.82,1008.97,85.36,23.04,9.0,1.67
2027-10-03,11.99,72.49,30.05,985.26,38.8,9.83,6.74,18.73
2027-10-04,24.65,90.55,27.81,996.82,91.39,21.3,6.09,5.07
2027-10-05,26.05,58.82,20.23,986.25,34.26,18.66,6.12,2.89
2027-10-06,35.38,63.36,21.45,1019.65,66.79,29.54,5.47,3.46
2027-10-07,30.1,93.52,11.34,1013.73,96.66,25.89,8.27,3.87
2027-10-08,33.35,91.99,22.79,1014.09,39.03,15.33,1.45,0.1
2027-10-09,37.2,55.85,47.66,1009.35,67.99,20.41,8.97,0.33
2027-10-10,40.18,41.95,42.52,1002.82,29.59,7.93,6.28,4.19
2027-10-11,20.99,51.45,7.26,986.75,26.63,14.66,8.64,1.81
2027-10-12,28.83,51.02,1.49,994.84,57.42,23.35,1.09,0.23
2027-10-13,39.4,42.95,46.68,986.16,97.93,20.57,8.82,1.41
2027-10-14,44.63,41.49,26.34,1012.62,45.31,17.11,2.08,0.56
2027-10-15,41.13,88.89,26.89,987.21,93.76,9.41,7.49,9.92
2027-10-16,23.0,25.59,39.04,1011.6,91.44,25.08,4.75,0.91
2027-10-17,16.83,74.21,15.73,1011.15,25.38,11.83,7.13,0.62
2027-10-18,27.13,33.83,24.1,1000.67,40.18,25.51,6.65,3.94
2027-10-19,35.96,47.56,48.43,986.09,64.33,20.29,2.47,2.95
2027-10-20,27.24,24.92,33.61,994.17,51.8,14.32,5.63,3.43
2027-10-21,26.91,41.6,7.69,994.4,9.6,6.02,3.5,2.29
2027-10-22,39.34,81.47,6.66,1011.52,99.37,10.81,6.04,2.52
2027-10-23,22.65,90.8,10.21,985.12,75.27,27.23,7.64,6.03
2027-10-24,40.09,37.72,38.34,1017.31,43.77,25.45,1.73,0.99
2027-10-25,24.24,57.08,14.77,1014.25,61.82,19.37,5.64,2.02
2027-10-26,21.49,57.63,1.07,988.38,8.76,16.66,6.56,12.66
2027-10-27,25.89,89.89,47.21,1012.36,49.53,21.18,3.66,0.84
2027-10-28,36.69,81.02,8.49,1010.08,93.08,16.66,9.58,1.39
2027-10-29,14.41,61.05,0.48,1013.67,89.66,21.11,5.68,0.85
2027-10-30,16.87,73.66,11.86,988.5,33.74,12.69,2.64,0.08
2027-10-31,43.3,87.79,11.75,987.09,53.14,25.96,1.97,1.26
2027-11-01,16.14,20.76,21.1,990.64,69.74,22.55,5.87,0.19
2027-11-02,29.87,52.23,46.02,996.46,34.0,13.25,4.38,0.67
2027-11-03,30.28,92.58,43.96,1015.71,6.49,25.77,2.73,1.8
2027-11-04,27.14,79.23,22.84,1013.21,50.54,17.18,1.28,0.08
2027-11-05,32.57,63.43,20.54,1021.65,60.16,9.37,6.1,5.59
2027-11-06,18.04,62.37,27.75,982.64,0.58,6.94,6.39,6.35
2027-11-07,29.34,47.82,12.17,980.52,9.56,22.49,2.28,2.12
2027-11-08,23.03,61.64,2.61,1011.46,20.73,26.63,6.42,16.71
2027-11-09,33.16,72.43,46.96,992.57,34.81,25.19,9.57,4.55
2027-11-10,14.94,53.47,9.33,995.03,54.11,21.39,9.8,5.45
2027-11-11,29.98,77.13,9.92,1004.61,29.38,8.53,9.0,0.85
2027-11-12,16.48,88.9,23.62,984.61,27.62,7.35,8.26,7.27
2027-11-13,19.75,32.37,24.58,1008.92,86.93,13.63,2.88,11.61
2027-11-14,17.65,56.12,0.92,994.63,14.51,26.37,2.41,1.08
2027-11-15,16.4,52.64,7.4,1008.47,49.55,29.04,5.0,4.64
2027-11-16,38.9,75.0,18.91,1017.53,95.28,11.03,6.58,5.5
2027-11-17,20.0,39.99,34.19,987.7,62.5,24.05,8.66,1.46
2027-11-18,42.45,71.22,11.42,1021.89,71.72,19.35,3.09,2.58
2027-11-19,43.95,90.2,21.15,1003.88,43.12,5.8,5.32,0.41
2027-11-20,29.99,53.45,27.87,1021.53,1.99,18.57,6.83,0.76
2027-11-21,15.01,92.88,44.43,989.35,64.61,25.15,5.01,0.25
2027-11-22,23.11,99.45,16.3,1007.21,63.19,11.9,5.09,3.29
2027-11-23,37.92,28.49,6.68,998.17,11.04,27.43,3.03,3.93
2027-11-24,22.86,38.64,24.46,1014.84,46.22,10.91,9.88,9.91
2027-11-25,13.05,96.03,37.34,1007.27,91.53,6.91,5.28,3.13
2027-11-26,29.49,96.67,5.49,1002.25,20.51,9.0,5.79,1.21
2027-11-27,39.58,27.82,21.23,1021.08,46.11,25.93,2.97,0.25
2027-11-28,37.86,21.2,0.89,996.97,46.11,15.43,5.63,8.65
2027-11-29,16.13,32.89,1.68,989.9,81.08,24.92,3.3,2.61
2027-11-30,33.55,99.68,24.15,1007.36,82.46,18.28,2.82,5.35
2027-12-01,17.72,34.4,14.91,1008.08,75.93,17.01,3.48,0.06
2027-12-02,17.64,60.2,42.26,999.76,36.55,25.17,1.02,2.68
2027-12-03,40.59,87.87,30.11,1001.9,7.2,15.59,6.13,1.58
2027-12-04,18.74,21.63,22.7,1023.18,34.95,25.05,4.49,0.12
2027-12-05,19.21,68.36,20.4,1012.97,67.98,7.52,9.09,5.98
2027-12-06,10.02,42.16,24.86,984.98,70.27,20.91,1.37,2.88
2027-12-07,40.47,88.99,2.02,989.55,96.5,22.56,1.39,1.62
2027-12-08,37.74,42.68,44.64,1023.9,45.36,27.48,8.97,6.56
2027-12-09,31.96,74.94,49.92,1012.69,63.24,10.61,2.14,2.37
2027-12-10,36.26,73.94,9.07,1021.18,53.92,20.11,1.02,0.01
2027-12-11,15.32,37.72,6.02,993.67,15.06,15.83,2.61,11.56
2027-12-12,26.04,22.78,7.18,1013.38,46.12,14.57,8.41,1.18
2027-12-13,22.29,52.74,33.05,1012.13,54.48,7.67,8.22,7.1
2027-12-14,13.28,43.14,33.07,993.26,95.07,8.36,4.06,6.78
2027-12-15,27.01,84.72,42.4,1004.79,36.65,25.92,7.01,0.71
2027-12-16,42.23,84.03,37.59,1008.23,98.01,23.74,5.57,2.57
2027-12-17,11.4,56.56,22.48,1001.65,54.23,14.56,9.14,0.16
2027-12-18,20.2,68.52,30.64,1017.22,24.25,25.71,1.51,1.75
2027-12-19,17.26,68.34,34.41,1017.48,19.17,7.02,8.32,5.25
2027-12-20,18.34,86.17,25.64,1018.28,14.17,20.62,2.54,1.08
2027-12-21,41.8,54.0,23.78,1016.15,45.29,26.7,4.52,0.5
2027-12-22,26.38,42.04,32.25,1001.96,2.19,25.97,2.73,2.83
2027-12-23,26.32,41.2,27.87,997.16,44.5,14.32,7.32,3.08
2027-12-24,36.62,62.9,32.2,1017.41,98.84,23.63,7.1,4.51
2027-12-25,15.41,55.93,30.64,1002.06,67.01,15.69,5.93,5.69
2027-12-26,27.05,55.21,35.96,991.09,75.98,26.0,7.28,4.76
2027-12-27,25.05,27.29,32.14,1002.83,11.9,18.27,6.76,7.47
2027-12-28,30.89,77.49,25.99,986.38,47.31,24.12,7.99,1.01
2027-12-29,44.98,37.1,34.09,1011.12,28.62,6.96,3.15,3.37
2027-12-30,36.93,35.76,22.47,995.12,89.41,19.75,4.86,1.79
2027-12-31,23.93,53.02,12.08,991.73,18.13,18.76,2.36,13.09
2028-01-01,38.96,38.22,0.07,1023.04,45.87,20.25,4.87,2.32
2028-01-02,15.97,66.71,28.0,1014.96,58.8,22.39,7.32,12.85
2028-01-03,11.07,49.72,29.53,1015.42,51.4,27.95,7.22,5.86
2028-01-04,17.16,55.91,48.6,1008.07,83.02,24.64,7.38,5.07
2028-01-05,21.91,62.97,18.07,1017.76,23.15,10.49,3.78,2.71
2028-01-06,27.87,36.28,19.71,1014.16,37.74,25.65,6.96,2.34
2028-01-07,31.53,32.46,10.09,1006.94,79.21,8.05,4.31,2.99
2028-01-08,41.87,90.43,3.53,1023.25,52.81,20.55,9.5,1.39
2028-01-09,27.84,54.7,38.64,988.62,40.21,27.07,4.09,9.39
2028-01-10,27.54,52.97,12.48,1022.45,2.94,7.53,6.43,6.33
2028-01-11,11.76,22.85,30.45,998.06,75.34,26.24,7.75,6.47
2028-01-12,11.22,59.84,34.39,1003.78,97.22,24.97,9.16,2.27
2028-01-13,29.29,64.33,23.56,985.52,62.03,17.59,4.94,0.29
2028-01-14,25.34,64.71,43.82,1004.3,85.65,12.72,4.24,4.6
2028-01-15,39.37,76.56,22.19,1007.5,51.69,15.14,4.87,1.88
2028-01-16,15.62,34.2,14.25,1024.9,23.17,29.22,3.91,8.17
2028-01-17,10.87,40.18,44.8,1023.88,1.44,10.04,6.89,6.06
2028-01-18,25.72,84.86,43.08,1023.49,65.34,19.49,9.39,0.63
2028-01-19,18.31,95.77,8.2,995.68,49.31,7.08,2.13,3.68
2028-01-20,11.74,30.87,1.3,1024.61,78.21,10.45,6.05,4.71
2028-01-21,35.36,59.81,4.5,1000.5,69.47,24.08,9.08,3.36
2028-01-22,13.91,37.13,14.33,1018.33,98.8,12.56,1.9,2.89
2028-01-23,31.29,24.81,48.61,989.73,51.03,29.64,5.44,1.03
2028-01-24,19.84,46.04,27.93,1002.76,42.72,17.52,8.79,1.08
2028-01-25,16.07,31.5,18.66,1023.47,28.67,17.91,9.1,5.84
2028-01-26,23.29,76.79,44.44,1022.62,47.69,5.91,5.63,0.08
2028-01-27,38.05,62.7,22.66,1010.77,87.29,28.91,1.22,6.04
2028-01-28,23.72,31.51,15.76,1015.9,4.24,9.36,1.95,2.99
2028-01-29,36.28,20.74,47.06,987.94,97.79,18.46,6.28,11.01
2028-01-30,14.39,84.65,42.48,1012.47,99.33,14.89,2.11,23.69
2028-01-31,37.05,34.1,42.18,1007.81,59.78,15.39,2.34,4.36
2028-02-01,18.29,68.5,25.61,984.12,33.15,21.08,7.95,2.13
2028-02-02,33.71,46.95,39.47,985.09,22.3,21.55,7.76,2.58
2028-02-03,29.8,66.84,8.97,984.88,27.65,8.86,8.58,0.91
2028-02-04,42.52,45.25,28.66,1012.6,5.01,17.49,1.95,0.42
2028-02-05,23.56,26.96,49.19,986.38,47.51,24.76,2.78,3.46
2028-02-06,12.32,37.84,14.55,1001.05,5.73,16.08,8.5,6.55
2028-02-07,10.67,35.04,39.72,996.06,71.85,9.15,7.49,1.21
2028-02-08,38.94,54.24,24.52,1004.77,37.19,12.83,8.25,2.18
2028-02-09,28.37,72.66,1.99,1011.79,19.94,10.31,9.91,3.24
2028-02-10,37.13,41.1,38.15,1010.81,54.49,8.15,8.78,9.54
2028-02-11,18.2,20.97,8.43,1003.2,97.38,14.44,5.68,0.6
2028-02-12,22.08,61.51,31.57,1000.9,69.51,18.52,3.8,1.08
2028-02-13,11.05,68.46,4.28,997.9,49.17,6.82,6.13,10.03
2028-02-14,43.65,97.03,47.34,1018.79,77.69,20.1,6.75,0.16
2028-02-15,33.38,67.16,14.59,994.89,73.75,29.83,4.02,4.27
2028-02-16,42.66,57.69,11.32,991.67,89.17,29.1,7.94,4.08
2028-02-17,19.29,65.87,6.46,1013.45,20.47,25.73,1.83,1.93
2028-02-18,31.4,94.23,47.3,996.19,85.89,11.66,8.01,2.53
2028-02-19,33.75,86.27,35.6,1018.11,30.1,5.56,1.29,7.72
2028-02-20,21.11,45.84,37.08,994.75,94.1,25.84,5.48,0.72
2028-02-21,39.68,38.98,24.97,1011.59,28.11,6.39,8.75,1.05
2028-02-22,43.15,41.01,23.74,982.03,92.68,10.14,1.78,2.87
2028-02-23,40.97,60.35,5.5,997.35,96.38,18.61,5.66,2.11
2028-02-24,35.87,79.52,27.99,995.45,14.55,9.46,2.43,3.42
2028-02-25,19.71,60.26,12.35,1016.75,97.45,25.84,9.05,10.15
2028-02-26,19.86,25.42,48.86,1023.52,8.57,24.43,8.49,9.96
2028-02-27,43.72,77.89,39.83,1000.74,21.86,23.89,9.41,1.05
2028-02-28,10.36,84.48,20.65,1017.12,44.42,25.4,8.87,1.44
2028-02-29,35.06,43.16,7.57,1011.49,99.36,10.49,7.63,0.71
2028-03-01,34.72,73.13,39.27,1023.53,48.86,23.22,2.66,10.51
2028-03-02,31.79,54.13,6.1,1016.5,55.04,13.88,3.72,2.03
2028-03-03,44.65,91.13,9.47,983.49,69.44,21.67,5.47,2.39
2028-03-04,20.92,87.62,10.58,1012.1,96.83,8.05,6.3,6.49
2028-03-05,21.9,62.03,27.84,1004.1,78.34,22.64,8.04,2.88
2028-03-06,12.76,75.32,39.35,980.74,22.42,29.3,3.04,0.51
2028-03-07,25.5,90.67,15.72,991.31,30.3,6.09,2.15,2.3
2028-03-08,19.14,59.66,4.23,1021.48,9.76,7.35,5.34,3.98
2028-03-09,22.02,45.06,23.23,1021.67,64.45,8.09,2.42,5.08
2028-03-10,39.21,80.29,37.41,1015.95,18.07,15.76,7.24,4.15
2028-03-11,42.74,37.61,11.08,1024.18,25.74,12.27,6.18,0.51
2028-03-12,16.5,51.08,11.0,1016.29,88.81,25.17,7.67,1.45
2028-03-13,23.04,89.26,47.36,980.46,32.68,16.84,1.57,5.29
2028-03-14,42.5,77.95,47.71,992.95,56.66,17.11,9.68,8.49
2028-03-15,12.16,52.3,49.52,981.38,39.76,22.93,1.0,0.19
2028-03-16,13.23,37.18,40.38,984.23,7.4,14.05,3.93,0.17
2028-03-17,15.7,48.48,9.41,989.85,36.29,13.83,7.12,4.12
2028-03-18,30.83,42.73,10.6,1002.66,40.81,23.92,1.41,3.18
2028-03-19,15.27,34.09,17.01,1018.14,89.57,24.5,1.75,0.68
2028-03-20,43.88,79.47,15.91,1018.79,32.45,5.36,1.69,3.18
2028-03-21,25.64,40.17,47.83,1007.73,37.92,8.59,6.23,14.67
2028-03-22,27.55,56.33,39.45,1021.77,78.29,10.33,9.06,3.99
2028-03-23,18.63,50.87,36.2,1002.5,75.9,13.79,6.0,2.39
2028-03-24,26.48,98.57,9.3,1020.01,79.83,12.29,6.43,7.03
2028-03-25,33.17,51.29,45.48,1000.43,95.38,21.71,4.11,0.96
2028-03-26,36.29,26.4,41.39,992.48,79.56,25.7,1.17,2.14
2028-03-27,36.39,27.19,8.18,1021.24,40.76,9.8,1.19,3.0
2028-03-28,30.23,67.26,43.56,997.46,82.15,19.07,8.99,2.81
2028-03-29,41.65,67.95,13.61,1002.65,50.87,14.2,1.92,10.15
2028-03-30,38.61,53.5,4.04,994.8,27.77,17.64,10.0,1.39
2028-03-31,36.5,54.55,32.84,1009.83,30.29,20.52,2.48,0.23
2028-04-01,11.95,24.31,32.69,1024.78,22.38,27.34,7.07,9.93
2028-04-02,10.24,61.32,4.75,981.15,14.5,9.81,9.54,0.98
2028-04-03,17.44,60.38,15.94,1020.49,18.45,7.18,4.26,1.91
2028-04-04,33.22,31.96,49.64,980.18,6.32,20.68,7.61,3.03
2028-04-05,24.39,28.31,33.92,996.39,88.85,14.85,4.16,14.9
2028-04-06,24.08,29.89,36.5,987.59,93.1,9.07,3.74,3.07
2028-04-07,40.96,28.08,10.65,1014.08,58.68,7.93,2.82,2.37
2028-04-08,41.34,68.78,3.94,982.28,84.05,18.97,8.39,3.5
2028-04-09,41.82,35.72,13.85,1004.91,18.36,12.51,3.32,14.14
2028-04-10,20.99,40.11,12.44,993.27,90.17,29.94,3.55,6.81
2028-04-11,34.19,33.89,11.73,986.02,50.64,15.15,9.99,0.74
2028-04-12,19.51,96.63,9.64,1014.73,6.72,10.31,3.95,6.5
2028-04-13,16.67,88.37,28.74,989.78,14.13,20.72,4.8,7.36
2028-04-14,16.46,38.44,16.41,990.07,30.9,11.11,9.91,4.69
2028-04-15,21.97,46.21,41.02,992.38,4.36,17.35,4.32,4.28
2028-04-16,25.05,36.79,9.2,1006.4,30.93,17.06,4.3,2.33
2028-04-17,39.08,59.35,23.23,1009.68,5.99,16.34,8.45,4.11
2028-04-18,14.2,21.57,0.68,980.79,23.6,24.9,3.81,5.35
2028-04-19,35.72,73.71,24.08,990.88,26.57,10.42,3.1,0.52
2028-04-20,28.6,61.85,2.79,999.39,99.44,27.61,4.81,1.19
2028-04-21,20.08,91.89,48.89,994.94,23.55,24.78,7.31,0.86
2028-04-22,27.25,33.15,39.53,1019.79,23.92,13.33,1.39,7.36
2028-04-23,20.5,84.33,24.51,1015.45,68.68,9.52,4.37,4.56
2028-04-24,30.86,83.36,4.33,1008.17,85.94,11.99,4.12,2.4
2028-04-25,25.18,30.17,29.62,995.21,38.71,13.32,3.2,7.0
2028-04-26,15.75,51.88,37.94,1011.53,87.56,18.92,6.89,5.05
2028-04-27,14.08,33.61,9.54,1017.96,34.01,6.16,3.61,9.79
2028-04-28,29.13,40.38,28.41,1006.77,19.7,27.86,6.46,0.32
2028-04-29,41.58,41.06,40.71,1015.3,32.96,7.47,5.54,2.85
2028-04-30,22.04,64.5,38.41,1013.71,60.94,11.98,2.95,4.91
2028-05-01,35.66,52.91,40.15,1005.73,36.71,7.73,3.4,0.93
2028-05-02,33.05,95.82,43.97,994.05,67.29,11.42,2.54,1.58
2028-05-03,42.6,30.11,46.88,1013.56,23.69,25.94,1.51,2.17
2028-05-04,38.73,97.9,20.28,989.31,70.1,20.38,6.57,6.33
2028-05-05,29.83,38.45,28.44,1015.08,34.74,10.68,7.06,2.72
2028-05-06,33.0,81.83,39.53,1016.2,45.59,26.79,2.49,2.72
2028-05-07,41.44,47.12,34.86,1017.0,55.77,25.02,6.54,2.25
2028-05-08,23.98,31.45,49.78,1001.28,68.62,23.84,9.84,1.04
2028-05-09,21.44,88.63,0.68,988.66,23.87,26.19,1.67,10.26
2028-05-10,10.38,44.71,17.76,984.49,83.59,20.49,5.41,1.53
2028-05-11,38.93,72.71,14.05,1013.45,72.18,17.54,7.6,3.35
2028-05-12,38.03,65.32,13.12,1019.88,23.41,14.35,1.41,0.64
2028-05-13,13.66,57.74,11.13,1009.29,97.5,10.59,8.0,2.28
2028-05-14,30.19,59.67,35.46,986.49,66.48,18.94,9.82,9.37
2028-05-15,26.24,78.58,4.24,1022.07,45.24,27.24,1.8,21.58
2028-05-16,14.15,27.02,37.08,1024.51,15.75,19.85,8.4,1.8
2028-05-17,44.32,73.45,34.67,999.5,53.32,27.99,4.41,0.67
2028-05-18,17.51,91.66,12.54,1006.77,16.48,13.92,2.3,1.51
2028-05-19,12.35,24.62,12.64,1014.98,42.95,22.38,5.44,1.59
2028-05-20,30.82,31.25,31.44,1013.14,40.87,21.22,1.64,4.14
2028-05-21,35.86,77.33,38.11,1023.55,71.99,21.76,5.7,2.74
2028-05-22,11.14,54.98,43.82,985.17,19.24,21.13,1.17,5.85
2028-05-23,33.06,52.28,42.61,1006.13,82.19,10.54,7.56,4.83
2028-05-24,28.63,30.96,48.24,1011.14,32.61,8.59,5.39,1.16
2028-05-25,13.61,60.54,29.07,1020.05,44.4,29.47,5.13,6.13
2028-05-26,16.04,30.12,45.43,1019.33,77.23,6.13,2.77,7.52
2028-05-27,29.88,58.13,40.43,1024.01,62.54,16.69,4.25,3.65
2028-05-28,20.37,81.09,44.73,1003.04,30.8,15.63,2.64,10.51
2028-05-29,42.84,40.66,0.58,1017.38,38.62,14.0,7.62,6.11
2028-05-30,38.66,58.46,48.3,999.23,30.58,24.55,2.79,3.62
2028-05-31,44.42,99.36,23.68,999.0,59.48,23.63,6.55,9.46
2028-06-01,19.09,74.93,39.91,991.4,33.26,27.63,3.52,3.67
2028-06-02,43.94,87.31,6.36,1016.82,72.57,14.89,6.91,2.95
2028-06-03,25.09,53.19,19.8,1024.36,57.98,19.1,5.86,1.76
2028-06-04,22.16,81.43,13.57,991.54,14.57,27.31,4.81,8.58
2028-06-05,11.76,23.24,14.58,982.53,31.03,29.85,7.06,0.52
2028-06-06,11.85,29.83,6.16,1016.7,22.14,29.23,4.74,2.57
2028-06-07,34.22,36.25,40.29,1007.91,39.03,22.95,8.39,3.08
2028-06-08,26.03,52.16,0.46,1023.19,51.6,8.58,7.57,3.24
2028-06-09,17.93,87.66,15.63,991.35,50.68,5.58,5.87,4.22
2028-06-10,31.49,47.7,8.72,983.2,75.45,25.63,8.89,2.82
2028-06-11,18.85,72.37,29.45,1002.16,18.92,26.02,8.46,1.19
2028-06-12,30.22,76.75,12.71,983.85,94.65,23.66,5.79,7.78
2028-06-13,22.57,66.89,12.95,991.78,34.28,12.0,1.62,4.29
2028-06-14,38.82,48.58,24.42,985.67,30.02,21.0,6.09,7.81
2028-06-15,38.72,66.16,32.63,990.09,68.52,12.91,4.2,1.29
2028-06-16,26.71,47.38,6.07,984.78,80.55,16.27,5.86,4.05
2028-06-17,22.28,26.71,8.78,1022.93,37.85,14.56,6.82,5.01
2028-06-18,22.69,99.42,12.36,992.54,74.68,27.84,6.8,1.93
2028-06-19,38.2,30.17,48.69,999.98,88.37,10.85,7.06,6.69
2028-06-20,21.49,25.79,19.86,1020.44,76.68,19.44,7.11,0.01
2028-06-21,17.32,90.28,29.95,1010.48,3.42,14.02,1.98,3.61
2028-06-22,12.96,44.15,12.08,1007.81,82.74,21.58,2.73,3.8
2028-06-23,26.33,72.02,24.52,1011.75,77.45,19.11,6.67,3.05
2028-06-24,26.87,46.32,3.71,1017.3,66.93,28.1,4.67,3.98
2028-06-25,39.43,51.32,1.74,1019.5,76.0,7.54,7.87,0.73
2028-06-26,17.74,40.97,23.44,1008.92,97.94,10.52,2.12,4.62
2028-06-27,23.33,47.44,19.93,1020.05,43.11,24.16,2.72,1.64
2028-06-28,38.29,52.86,6.84,1004.09,6.72,14.22,6.03,2.41
2028-06-29,38.83,77.63,34.38,992.48,46.09,9.14,5.51,1.62
2028-06-30,23.46,60.92,49.65,1019.6,4.64,17.58,3.4,2.57
2028-07-01,26.07,95.49,19.78,1004.37,29.43,21.3,4.68,3.89
2028-07-02,20.62,23.35,31.23,1020.78,58.69,6.12,1.31,7.29
2028-07-03,42.64,60.25,48.15,981.81,30.96,12.29,1.33,2.64
2028-07-04,14.15,66.74,41.58,997.89,68.54,25.24,1.85,1.56
2028-07-05,42.68,93.62,23.18,1022.65,82.2,18.01,6.19,2.68
2028-07-06,33.94,23.93,36.87,991.23,42.04,5.88,8.77,4.67
2028-07-07,28.61,65.88,6.41,1022.37,90.01,12.05,3.34,1.7
2028-07-08,11.14,88.29,25.61,1022.93,7.98,20.98,1.31,2.14
2028-07-09,26.65,39.35,13.95,1019.7,84.01,9.98,7.38,3.31
2028-07-10,24.27,90.1,8.06,1005.37,82.86,25.68,8.7,1.39
2028-07-11,15.64,21.52,21.31,1009.11,32.2,21.91,2.24,0.94
2028-07-12,32.97,78.6,6.55,1019.13,29.87,16.78,4.47,0.61
2028-07-13,43.99,94.65,34.95,1014.92,30.51,27.89,2.43,1.74
2028-07-14,29.68,72.58,22.81,1008.35,81.14,14.8,1.96,0.2
2028-07-15,35.02,55.12,26.56,1024.2,83.17,10.88,6.83,3.5
2028-07-16,12.4,23.59,7.32,1010.86,32.97,21.54,9.71,0.77
2028-07-17,24.62,93.61,6.99,1023.9,59.26,19.33,7.1,1.9
2028-07-18,14.07,57.62,29.17,982.58,13.89,13.38,9.86,1.25
2028-07-19,31.45,22.32,49.25,986.25,46.88,13.59,4.91,3.98
2028-07-20,42.85,75.19,4.81,1000.32,99.88,14.96,9.08,7.6
2028-07-21,33.16,58.55,14.29,997.32,15.88,12.28,2.85,4.01
2028-07-22,12.69,29.95,43.47,1015.22,94.76,22.76,2.06,3.13
2028-07-23,22.41,37.14,3.61,987.23,82.43,21.28,7.32,4.42
2028-07-24,29.27,25.16,43.79,1023.92,97.22,16.02,4.34,0.12
2028-07-25,24.11,65.94,26.21,994.18,17.96,14.95,3.86,0.52
2028-07-26,39.18,69.76,20.41,999.3,21.35,14.13,7.04,0.4
2028-07-27,38.51,60.46,15.48,992.36,1.69,12.09,4.0,0.41
2028-07-28,31.41,85.37,14.86,1006.07,72.47,7.14,6.15,1.21
2028-07-29,23.07,88.88,15.29,982.64,64.41,11.71,3.7,3.04
2028-07-30,18.94,69.25,44.24,986.74,17.81,13.03,8.05,0.49
2028-07-31,13.71,21.02,36.19,1013.56,79.11,18.69,3.81,10.94
2028-08-01,22.42,75.62,33.49,988.39,29.92,24.34,5.81,7.7
2028-08-02,24.46,53.44,39.94,990.6,13.5,14.89,1.21,14.25
2028-08-03,33.65,65.24,12.86,1015.68,42.26,28.62,8.13,0.17
2028-08-04,33.04,71.93,30.9,984.2,9.1,25.68,6.58,7.63
2028-08-05,12.45,48.02,23.0,999.69,26.32,29.62,2.73,6.51
2028-08-06,23.83,93.37,39.12,981.04,37.13,26.91,2.94,9.3
2028-08-07,16.36,30.72,15.46,995.61,85.19,20.42,3.36,3.0
2028-08-08,15.49,73.72,32.16,1011.45,79.25,19.96,6.19,6.2
2028-08-09,38.96,20.35,44.11,984.05,44.28,8.24,5.93,0.21
2028-08-10,11.47,93.97,20.11,1019.98,72.46,23.06,3.46,0.32
2028-08-11,24.67,29.0,3.33,1020.93,56.86,20.01,7.25,0.5
2028-08-12,15.89,27.59,25.8,984.72,34.08,17.67,9.0,9.85
2028-08-13,40.78,46.64,17.3,1024.58,72.59,22.33,1.39,0.25
2028-08-14,29.5,49.89,33.61,993.39,68.35,16.1,4.75,0.42
2028-08-15,18.1,37.14,47.55,983.78,61.91,18.1,6.34,10.66
2028-08-16,27.58,66.81,24.28,980.23,61.8,14.96,6.28,0.45
2028-08-17,35.6,55.43,23.31,998.38,68.3,22.93,1.18,8.15
2028-08-18,43.53,22.73,32.73,1008.34,38.45,26.92,2.9,6.23
2028-08-19,17.72,45.57,5.17,994.95,86.91,26.02,1.56,0.16
2028-08-20,41.02,84.83,12.68,1017.65,16.23,24.65,6.12,0.09
2028-08-21,42.7,75.18,45.95,1012.25,88.39,5.34,6.81,3.06
2028-08-22,42.07,77.99,33.5,995.76,34.23,27.8,2.44,23.48
2028-08-23,32.24,75.85,0.67,1013.04,12.5,11.87,4.0,8.44
2028-08-24,32.04,44.88,10.23,1022.32,60.0,27.2,3.97,1.48
2028-08-25,24.11,27.97,34.14,984.19,37.6,9.92,8.38,1.95
2028-08-26,36.33,41.8,38.22,993.77,81.55,15.99,2.75,1.96
2028-08-27,28.6,86.54,41.99,1000.85,43.08,23.73,5.93,5.3
2028-08-28,33.71,98.44,14.61,1002.41,66.86,21.01,8.05,1.67
2028-08-29,25.0,59.51,46.55,1004.4,30.83,15.4,8.47,0.64
2028-08-30,35.6,20.78,27.65,993.53,20.95,21.97,7.0,5.5
2028-08-31,38.86,31.2,34.83,1010.03,38.8,18.72,3.7,2.45
2028-09-01,15.13,45.77,29.84,1009.03,60.68,11.89,8.41,0.32
2028-09-02,39.15,66.29,6.14,1006.0,65.69,21.16,7.68,6.24
2028-09-03,28.91,26.01,48.16,985.12,57.82,10.11,7.34,3.52
2028-09-04,39.56,95.47,6.14,1001.46,98.81,22.35,1.61,2.69
2028-09-05,25.1,49.21,12.74,996.03,69.11,5.08,1.39,4.48
2028-09-06,23.27,93.01,40.68,1002.1,93.15,18.72,7.26,2.82
2028-09-07,42.03,82.44,30.93,1021.48,11.79,15.03,9.5,4.18
2028-09-08,18.79,80.43,41.91,1001.62,6.14,12.58,7.96,8.08
2028-09-09,39.55,68.54,25.79,980.63,31.1,17.89,8.48,3.8
2028-09-10,26.94,70.14,18.85,999.75,13.66,21.13,5.9,4.31
2028-09-11,27.99,71.04,46.09,1016.93,52.59,29.13,3.74,3.81
2028-09-12,20.8,70.3,1.81,1015.1,51.9,25.83,7.1,3.03
2028-09-13,30.06,64.3,42.81,1003.1,57.5,22.93,7.41,0.75
2028-09-14,21.38,98.91,11.54,991.24,74.52,16.97,7.08,1.64
2028-09-15,11.37,78.58,42.44,1000.93,97.13,14.8,9.52,4.73
2028-09-16,19.52,82.16,6.96,1005.37,87.83,5.81,4.3,2.22
2028-09-17,10.22,89.8,29.01,1024.99,11.84,13.98,1.36,2.08
2028-09-18,44.24,37.25,44.41,1008.99,33.85,26.21,9.18,5.7
2028-09-19,43.8,26.7,23.68,1011.24,25.58,14.6,2.44,0.02
2028-09-20,23.83,58.63,37.33,1002.12,17.68,16.54,7.28,4.55
2028-09-21,35.49,61.13,40.23,995.95,54.47,11.8,8.86,2.69
2028-09-22,22.1,86.33,36.82,1016.58,55.33,11.85,3.79,1.89
2028-09-23,33.49,55.5,46.27,1002.27,22.72,6.55,8.47,1.67
2028-09-24,38.19,65.67,22.34,1024.76,71.19,20.35,3.99,0.76
2028-09-25,43.14,62.17,8.66,1000.57,73.29,16.2,8.15,1.63
2028-09-26,24.01,23.06,2.39,983.06,2.1,20.15,1.63,1.99
2028-09-27,37.42,69.22,12.32,1010.72,39.58,18.67,6.9,2.3
2028-09-28,19.31,86.24,7.16,982.1,89.01,24.97,7.09,4.46
2028-09-29,44.66,32.6,27.9,991.27,52.03,23.78,5.42,2.42
2028-09-30,10.9,67.55,9.25,995.92,34.76,24.29,7.18,6.36
2028-10-01,31.12,67.49,1.95,1013.28,25.37,17.48,9.31,4.08
2028-10-02,33.08,33.13,1.8,1002.24,24.34,13.85,7.6,0.84
2028-10-03,34.08,29.88,41.58,981.29,9.98,28.34,9.65,1.3
2028-10-04,14.21,98.4,29.57,1007.76,81.72,6.36,5.04,0.33
2028-10-05,42.85,51.5,17.9,998.51,8.67,8.82,5.75,11.65
2028-10-06,16.34,38.19,44.71,1021.48,29.23,15.49,3.37,8.71
2028-10-07,31.8,33.71,3.51,1002.48,4.57,20.35,9.87,0.35
2028-10-08,17.79,73.41,49.02,1011.9,78.14,5.21,1.5,3.41
2028-10-09,20.75,68.76,30.81,989.85,3.93,22.98,4.23,12.92
2028-10-10,29.13,71.48,9.17,1014.24,30.83,18.97,3.68,5.5
2028-10-11,24.6,27.04,33.95,1012.44,57.33,17.12,4.48,2.71
2028-10-12,15.61,91.48,38.17,1020.68,40.96,15.59,9.26,1.1
2028-10-13,15.98,51.14,21.47,981.52,28.23,17.99,4.31,1.31
2028-10-14,24.64,45.07,43.08,1000.14,27.52,9.04,9.25,5.33
2028-10-15,36.5,56.99,7.54,1010.56,79.78,7.72,4.81,6.07
2028-10-16,41.43,51.21,13.94,984.28,97.4,12.24,8.69,3.01
2028-10-17,12.94,89.09,4.67,998.48,34.8,22.74,5.7,0.52
2028-10-18,23.76,94.34,10.54,1022.4,3.91,19.71,3.8,10.86
2028-10-19,13.51,44.28,11.94,999.62,3.66,17.0,5.04,7.45
2028-10-20,10.58,89.11,45.88,1024.34,75.92,19.29,4.82,0.61
2028-10-21,33.16,82.52,3.91,982.56,55.24,18.98,3.34,0.23
2028-10-22,31.09,94.46,21.37,1012.3,78.36,12.68,3.61,3.07
2028-10-23,15.71,39.66,26.62,1006.15,69.75,7.44,2.68,1.34
2028-10-24,18.18,66.16,44.93,1002.52,90.75,27.42,4.02,1.33
2028-10-25,10.83,41.96,49.88,1023.69,88.58,20.0,6.62,0.37
2028-10-26,39.22,85.93,37.67,985.83,78.83,22.44,4.48,12.26
2028-10-27,44.11,20.43,48.54,1020.32,47.52,16.6,7.41,7.09
2028-10-28,14.74,65.19,39.36,1011.11,30.81,23.91,9.88,0.48
2028-10-29,18.1,47.14,48.16,991.65,50.7,19.61,4.39,8.37
2028-10-30,40.39,45.81,35.36,1020.58,50.21,6.35,5.16,4.59
2028-10-31,42.43,71.59,3.99,999.32,61.03,27.25,2.48,1.57
2028-11-01,24.69,88.12,20.1,1016.64,18.61,12.64,4.53,8.2
2028-11-02,11.77,68.74,32.33,997.5,65.56,8.45,7.54,3.65
2028-11-03,11.38,88.25,17.54,1018.29,45.66,7.2,2.96,7.55
2028-11-04,30.09,41.17,13.67,1008.65,62.02,23.01,2.64,2.53
2028-11-05,23.75,61.56,28.87,986.35,23.96,22.6,4.39,2.78
2028-11-06,11.0,56.04,46.68,1009.23,43.44,22.5,8.37,1.38
2028-11-07,30.41,20.93,1.75,988.61,21.02,27.89,6.61,1.96
2028-11-08,10.4,64.54,38.46,998.54,87.53,13.72,9.62,3.36
2028-11-09,37.56,72.92,36.14,987.66,48.8,19.03,9.14,11.75
2028-11-10,20.73,67.35,48.2,980.99,22.5,20.49,2.36,3.67
2028-11-11,11.41,78.9,46.54,989.53,4.12,29.49,1.38,0.64
2028-11-12,30.59,65.71,38.11,1004.14,67.57,12.81,4.59,0.03
2028-11-13,23.92,25.34,26.02,1001.67,21.46,28.91,5.7,7.61
2028-11-14,44.08,29.32,10.21,1002.57,98.96,8.72,5.64,1.81
2028-11-15,29.05,67.72,27.26,991.15,53.37,24.1,2.21,1.51
2028-11-16,19.63,42.0,38.27,1010.83,28.9,20.82,2.12,6.45
2028-11-17,34.83,26.37,44.78,1011.69,65.77,25.42,1.42,11.63
2028-11-18,19.5,54.37,39.49,996.11,27.52,5.72,8.66,5.51
2028-11-19,41.65,64.35,9.76,1019.65,82.03,6.95,9.53,0.76
2028-11-20,23.12,46.3,29.98,1008.98,30.82,6.74,2.04,1.99
2028-11-21,29.25,77.63,16.61,1012.09,98.82,19.82,2.92,5.7
2028-11-22,11.77,71.5,0.46,992.48,60.51,20.07,1.81,9.5
2028-11-23,24.91,46.63,10.01,980.03,84.44,27.65,8.9,26.29
2028-11-24,39.13,80.39,5.66,1018.94,7.28,16.69,9.63,2.87
2028-11-25,38.2,71.9,42.14,1017.01,34.83,6.7,3.36,6.92
2028-11-26,17.85,71.0,12.93,985.54,73.75,10.24,3.73,0.19
2028-11-27,17.91,64.27,14.23,996.83,65.51,5.2,4.26,1.35
2028-11-28,38.61,20.91,48.0,1009.76,19.42,24.42,5.52,1.86
2028-11-29,42.56,75.72,18.95,1009.34,35.62,25.39,7.14,14.84
2028-11-30,13.34,50.08,0.48,1018.72,26.34,29.95,5.54,0.01
2028-12-01,25.75,95.41,14.19,986.31,61.34,15.3,9.56,1.47
2028-12-02,21.81,85.44,5.96,999.35,34.46,5.48,1.9,10.66
2028-12-03,40.47,67.02,5.14,984.38,30.91,10.87,8.19,1.47
2028-12-04,12.92,40.17,3.87,997.53,20.74,19.69,4.01,1.02
2028-12-05,17.39,36.3,29.66,980.68,40.9,29.05,4.4,5.24
2028-12-06,36.34,47.23,9.47,1020.42,19.55,7.59,7.38,5.47
2028-12-07,11.8,58.13,18.06,1003.72,96.26,8.04,9.36,2.56
2028-12-08,27.24,43.69,43.1,1018.24,15.45,22.54,7.45,11.74
2028-12-09,25.47,61.19,21.22,982.7,91.33,21.68,7.98,0.91
2028-12-10,21.7,33.23,45.78,990.24,42.85,11.26,7.76,9.79
2028-12-11,23.81,98.22,24.9,991.67,37.79,25.33,3.89,5.63
2028-12-12,28.55,28.63,19.94,997.4,23.13,8.22,7.81,1.84
2028-12-13,15.65,94.56,37.52,1016.13,63.58,28.14,8.06,6.58
2028-12-14,30.02,93.09,3.66,997.4,68.55,10.03,5.8,0.57
2028-12-15,38.19,62.03,4.47,989.21,46.76,7.03,5.83,0.56
2028-12-16,36.61,77.99,32.6,982.92,5.57,13.49,7.84,10.63
2028-12-17,15.39,54.88,24.35,983.58,91.85,9.7,8.35,0.4
2028-12-18,15.22,70.4,39.52,1014.2,98.03,18.17,4.03,0.02
2028-12-19,19.39,47.25,45.81,1000.02,43.1,22.17,8.21,1.97
2028-12-20,22.64,44.09,19.42,1012.68,61.37,17.27,8.33,0.44
2028-12-21,24.3,66.26,29.82,1010.7,45.03,21.52,3.11,7.95
2028-12-22,33.79,59.85,25.03,986.09,32.19,14.12,7.45,10.24
2028-12-23,11.98,66.36,49.08,986.43,7.73,5.7,2.68,2.63
2028-12-24,11.21,42.93,41.55,1013.99,45.61,29.35,1.84,2.22
2028-12-25,23.72,49.36,45.59,1012.46,81.84,25.49,6.17,3.1
2028-12-26,34.4,26.71,12.72,997.01,1.7,6.84,9.18,1.03
2028-12-27,16.77,24.18,38.63,983.48,58.21,16.23,1.32,1.42
2028-12-28,32.45,40.28,13.27,980.54,88.08,20.88,8.44,0.43
2028-12-29,19.09,25.94,10.44,992.97,21.75,9.76,5.56,2.37
2028-12-30,41.01,28.3,47.21,980.42,18.33,19.45,8.75,3.78
2028-12-31,41.35,85.03,0.97,990.35,77.23,18.34,8.59,10.65
2029-01-01,20.41,23.11,48.27,998.88,25.51,10.21,8.88,5.37
2029-01-02,18.05,72.72,7.46,985.46,19.2,8.53,7.92,5.14
2029-01-03,24.4,41.8,40.97,984.69,37.8,23.97,8.59,1.47
2029-01-04,18.42,89.72,13.8,1020.34,39.25,13.06,2.58,8.77
2029-01-05,33.53,58.8,17.54,1006.35,87.41,11.1,3.73,11.75
2029-01-06,38.91,44.45,10.84,1022.05,61.84,23.45,3.18,10.77
2029-01-07,33.56,61.41,29.28,995.56,40.6,23.4,7.68,0.16
2029-01-08,38.85,50.56,17.4,1010.47,53.44,11.91,2.38,3.71
2029-01-09,23.89,65.14,32.87,989.21,95.4,26.81,2.64,4.12
2029-01-10,15.47,29.16,0.78,1007.83,11.32,22.21,8.91,1.4
2029-01-11,35.83,99.76,3.22,985.83,20.77,13.64,7.35,19.52
2029-01-12,22.62,54.04,4.98,980.09,96.25,15.69,8.88,1.38
2029-01-13,33.49,47.86,20.95,1021.92,95.73,23.17,2.25,0.98
2029-01-14,19.47,76.82,40.74,1004.97,17.72,10.29,4.59,2.65
2029-01-15,12.84,49.11,44.41,1021.71,14.51,16.72,3.55,1.56
2029-01-16,44.74,86.66,12.24,995.02,42.11,21.34,1.09,10.31
2029-01-17,15.47,56.34,28.72,994.75,4.97,18.49,3.56,2.32
2029-01-18,44.59,77.56,38.42,998.03,65.49,20.21,4.42,2.11
2029-01-19,44.2,28.6,14.44,1011.77,7.75,18.66,1.83,3.93
2029-01-20,37.78,87.69,20.45,1005.46,5.8,9.98,6.1,0.34
2029-01-21,33.08,78.86,26.2,1021.64,48.52,15.26,4.45,5.65
2029-01-22,30.22,36.94,6.74,981.14,95.78,18.3,1.42,5.85
2029-01-23,40.31,31.62,1.3,1011.87,42.68,24.5,7.34,2.57
2029-01-24,20.13,45.3,7.64,994.86,35.65,21.35,7.56,12.47
2029-01-25,26.37,98.09,31.34,988.11,99.8,15.66,8.51,3.46
2029-01-26,31.68,40.55,3.68,1002.97,53.2,29.36,5.37,4.75
2029-01-27,24.39,56.49,9.48,1002.73,37.52,7.69,9.72,10.33
2029-01-28,24.96,22.4,16.89,986.17,38.59,10.17,9.23,4.39
2029-01-29,21.56,51.78,3.89,989.09,19.5,13.53,5.96,2.26
2029-01-30,29.75,65.71,9.58,998.37,51.22,10.71,5.0,0.1
2029-01-31,39.77,96.25,45.56,998.4,43.89,20.64,1.03,5.21
2029-02-01,17.05,61.34,0.96,994.29,27.08,5.99,7.4,13.39
2029-02-02,42.71,85.53,32.67,986.68,16.05,9.44,6.08,2.54
2029-02-03,34.12,63.77,19.22,980.2,31.12,12.33,9.44,1.66
2029-02-04,38.81,23.26,33.63,1023.66,50.87,22.08,6.35,2.93
2029-02-05,29.47,45.2,29.43,1022.46,5.83,26.9,9.94,5.21
2029-02-06,37.28,66.04,11.17,1001.76,15.37,24.96,8.68,0.0
2029-02-07,10.57,96.05,42.36,1024.78,94.77,9.55,9.58,8.73
2029-02-08,38.64,88.73,24.6,1010.31,54.29,19.14,3.95,8.7
2029-02-09,11.4,38.27,41.13,983.1,6.34,5.75,2.34,3.12
2029-02-10,41.15,37.61,20.3,985.3,69.31,12.76,8.17,0.52
2029-02-11,44.72,36.09,49.23,1021.22,6.18,25.15,8.08,4.46
2029-02-12,20.29,93.8,38.52,1008.35,73.89,16.42,2.9,0.59
2029-02-13,17.36,88.21,48.3,1017.94,75.0,8.75,7.88,2.83
2029-02-14,36.79,81.99,25.72,1020.42,65.11,15.96,6.24,0.39
2029-02-15,18.86,51.42,23.68,1000.16,73.22,9.95,1.99,3.56
2029-02-16,40.29,60.35,37.77,982.18,8.8,14.83,5.52,1.53
2029-02-17,13.6,57.15,44.01,988.47,72.68,17.2,9.38,7.11
2029-02-18,14.41,40.27,48.21,983.0,13.67,13.74,5.56,6.44
2029-02-19,44.27,60.4,16.23,988.49,33.95,28.42,8.1,25.94
2029-02-20,33.58,22.44,39.94,998.47,94.27,19.06,1.26,1.19
2029-02-21,39.64,30.54,10.53,985.32,50.29,26.07,7.55,0.26
2029-02-22,21.35,90.93,27.28,987.5,96.74,24.02,9.52,2.34
2029-02-23,33.68,80.13,8.99,1000.06,8.89,21.53,5.5,0.35
2029-02-24,30.8,53.83,17.37,995.31,47.76,17.42,4.04,0.79
2029-02-25,31.11,61.37,46.57,1001.04,6.24,5.05,6.82,3.64
2029-02-26,33.89,49.6,7.3,999.31,63.02,20.34,9.25,3.59
2029-02-27,30.14,79.26,31.62,1009.0,7.87,13.9,2.59,0.18
2029-02-28,25.02,82.73,29.65,1022.17,17.54,7.94,4.63,2.34
2029-03-01,19.66,81.06,6.04,984.85,25.88,16.12,2.41,3.02
2029-03-02,36.9,77.81,16.3,984.47,74.87,23.39,5.47,1.25
2029-03-03,17.92,36.36,28.15,1018.38,16.4,29.04,5.86,8.22
2029-03-04,34.23,47.04,9.36,1002.79,84.66,14.35,9.5,0.7
2029-03-05,18.17,57.59,40.03,1014.49,13.19,18.57,4.71,1.17
2029-03-06,31.89,46.46,48.61,989.69,3.52,26.28,6.1,0.68
2029-03-07,36.15,80.4,10.74,1017.3,39.5,13.35,8.97,0.5
2029-03-08,17.65,46.35,9.35,1021.57,97.94,8.56,3.89,8.45
2029-03-09,12.1,31.06,22.75,1008.6,11.03,12.05,7.07,1.3
2029-03-10,14.58,51.92,37.39,984.76,10.17,27.48,7.81,5.13
2029-03-11,31.21,98.39,14.08,1020.29,75.12,8.98,3.97,2.23
2029-03-12,39.73,38.07,0.99,1015.66,31.22,13.23,2.48,4.04
2029-03-13,11.57,68.97,27.06,1013.79,71.73,16.62,5.53,10.53
2029-03-14,35.7,54.64,47.83,981.65,20.0,26.18,4.21,7.45
2029-03-15,21.95,25.68,19.56,1015.95,46.01,28.44,3.4,0.29
2029-03-16,26.75,59.03,21.01,986.21,26.53,15.65,9.76,7.46
2029-03-17,42.51,76.17,48.45,990.01,45.15,28.3,5.52,2.4
2029-03-18,21.62,61.06,34.73,1005.97,76.91,9.04,8.71,1.72
2029-03-19,26.29,89.77,35.96,991.92,76.2,8.92,2.76,4.46
2029-03-20,10.48,43.11,28.14,1009.76,51.58,28.73,9.45,12.0
2029-03-21,12.86,26.9,48.73,1007.36,92.84,17.74,8.15,0.4
2029-03-22,19.05,94.93,34.44,984.87,26.38,9.65,8.28,5.85
2029-03-23,10.97,50.26,44.75,1009.52,24.03,17.2,4.51,0.91
2029-03-24,32.1,66.11,34.97,1021.58,61.38,24.58,5.37,1.91
2029-03-25,24.92,83.36,36.76,987.25,62.13,25.67,6.34,8.28
2029-03-26,29.19,45.95,14.52,1006.87,4.65,26.6,8.11,3.16
2029-03-27,16.11,77.29,15.17,995.38,60.78,19.24,8.64,0.28
2029-03-28,20.36,30.83,39.15,1000.68,37.44,26.67,1.7,2.84
2029-03-29,33.23,43.3,14.84,992.92,74.74,17.75,9.14,6.24
2029-03-30,43.79,31.58,28.14,995.94,80.81,20.18,9.44,3.01
2029-03-31,11.76,84.9,12.47,981.3,55.22,23.97,6.34,0.73
2029-04-01,41.16,37.81,40.85,1024.17,0.17,15.64,2.68,2.36
2029-04-02,30.19,77.39,5.53,1008.12,63.64,6.84,8.37,10.33
2029-04-03,29.74,95.46,41.47,1002.53,74.89,13.75,5.94,4.29
2029-04-04,27.51,62.22,30.14,997.27,24.9,20.6,8.35,5.24
2029-04-05,12.43,63.2,9.35,1004.27,46.46,9.81,8.33,6.17
2029-04-06,13.15,56.88,27.1,997.1,96.57,8.71,1.78,0.38
2029-04-07,31.03,46.07,14.12,996.2,29.81,12.33,6.46,3.48
2029-04-08,21.93,58.05,16.17,1000.88,22.32,5.8,5.35,1.89
2029-04-09,42.1,68.22,17.58,992.42,21.09,23.59,9.52,0.6
2029-04-10,24.23,98.88,3.17,988.1,55.88,11.47,3.67,0.91
2029-04-11,15.01,95.02,49.3,1005.05,94.98,8.11,2.85,6.08
2029-04-12,35.02,88.97,1.58,1017.92,60.87,22.48,9.07,0.7
2029-04-13,20.27,91.13,33.12,986.88,30.33,26.07,2.34,1.5
2029-04-14,28.39,57.43,18.56,981.47,63.86,5.5,7.18,1.34
2029-04-15,34.42,72.6,32.3,991.11,62.48,10.84,3.7,0.2
2029-04-16,41.51,91.61,17.81,1024.09,59.69,28.63,6.11,2.48
2029-04-17,37.73,51.44,33.69,1017.29,15.94,14.63,6.55,5.81
2029-04-18,33.67,96.94,36.46,1006.81,63.46,28.46,4.76,0.09
2029-04-19,33.79,53.26,34.53,1021.82,43.02,11.86,9.77,0.48
2029-04-20,43.11,68.09,5.7,1000.04,1.86,10.45,2.19,5.09
2029-04-21,20.35,76.78,32.84,1024.25,53.98,10.35,4.52,3.6
2029-04-22,10.04,96.05,14.0,993.33,98.93,7.13,4.87,5.02
2029-04-23,19.52,39.57,1.44,990.81,34.97,27.41,6.68,1.05
2029-04-24,17.63,79.69,20.74,1008.71,96.56,29.5,4.67,6.51
2029-04-25,33.16,61.67,21.68,997.02,9.62,28.86,1.87,2.61
2029-04-26,32.18,41.48,23.36,1008.19,73.25,26.3,9.53,3.77
2029-04-27,30.77,82.13,35.24,993.72,11.43,26.17,4.74,0.39
2029-04-28,10.57,64.18,15.44,1007.81,27.36,21.53,4.08,0.92
2029-04-29,35.51,72.88,15.76,992.41,57.08,25.66,5.02,5.94
2029-04-30,21.32,45.83,3.03,982.29,59.28,10.21,2.95,1.01
2029-05-01,33.28,58.5,34.34,1021.05,77.52,14.7,1.9,0.39
2029-05-02,29.48,69.39,28.39,1019.74,61.53,21.02,2.34,3.64
2029-05-03,22.0,52.39,17.47,1023.69,59.36,26.87,2.5,3.18
2029-05-04,14.71,35.87,35.26,1012.24,91.24,21.51,2.78,3.74
2029-05-05,13.3,96.93,26.87,1010.72,45.22,25.98,4.78,3.85
2029-05-06,39.1,60.92,23.46,1005.16,22.53,16.85,6.62,2.77
2029-05-07,42.14,78.71,25.57,985.67,16.18,22.93,6.66,2.72
2029-05-08,32.74,52.88,31.82,988.52,40.0,29.5,1.0,10.32
2029-05-09,13.62,48.41,33.0,993.03,71.28,8.84,9.29,3.05
2029-05-10,24.07,52.57,14.45,1020.06,4.25,28.17,8.41,3.84
2029-05-11,35.51,52.74,7.04,987.78,12.91,18.06,9.68,1.24
2029-05-12,37.29,63.53,7.83,1021.53,10.61,21.08,4.24,8.19
2029-05-13,14.14,63.48,31.97,1003.53,58.53,26.95,6.98,0.1
2029-05-14,10.0,59.77,43.64,1012.2,24.29,15.24,2.51,3.26
2029-05-15,34.92,30.78,20.47,984.96,16.63,15.47,8.35,1.94
2029-05-16,22.48,59.69,8.48,992.11,59.28,18.18,2.45,3.7
2029-05-17,18.91,33.53,37.83,1023.13,76.13,5.48,3.93,1.79
2029-05-18,10.45,30.09,41.62,991.98,33.22,17.42,5.42,5.06
2029-05-19,28.91,94.61,44.03,993.34,57.82,12.28,6.35,0.08
2029-05-20,39.79,68.4,30.34,988.89,9.81,28.2,6.04,2.08
2029-05-21,43.52,72.76,43.04,985.81,93.52,7.19,1.92,7.12
2029-05-22,29.8,52.14,0.77,990.5,33.69,16.48,4.8,1.15
2029-05-23,28.01,92.72,5.36,1008.9,99.75,28.69,9.31,0.22
2029-05-24,12.98,71.03,4.63,1000.49,97.86,27.53,8.85,2.74
2029-05-25,29.21,81.53,35.63,1004.92,77.88,22.53,6.32,15.01
2029-05-26,23.3,49.48,3.48,985.51,2.01,19.73,6.15,0.27
2029-05-27,31.25,96.8,24.82,1016.1,54.35,12.02,2.01,0.29
2029-05-28,23.61,85.64,23.64,1015.28,8.68,14.17,2.8,3.62
2029-05-29,18.41,88.32,15.54,980.97,89.51,7.25,3.27,1.15
2029-05-30,13.32,33.78,43.52,997.26,78.96,24.65,5.39,2.11
2029-05-31,21.02,41.68,8.52,983.09,97.23,13.1,7.58,7.1
2029-06-01,13.38,42.85,17.62,1015.64,60.84,21.69,5.15,0.89
2029-06-02,16.19,41.67,38.71,1013.18,52.22,13.94,2.13,5.08
2029-06-03,44.56,88.43,1.52,1020.59,51.9,16.61,4.95,2.81
2029-06-04,25.54,22.55,33.65,990.64,38.64,18.88,2.46,9.41
2029-06-05,28.62,26.09,40.82,1000.53,46.87,25.05,7.76,14.44
2029-06-06,40.58,41.91,46.61,988.3,63.54,10.28,2.5,2.65
2029-06-07,44.84,35.99,43.81,996.71,93.29,14.97,5.34,3.51
2029-06-08,30.4,38.55,15.97,1003.5,59.59,8.25,7.24,5.48
2029-06-09,38.44,83.84,29.32,982.4,85.71,6.89,3.05,1.53
2029-06-10,21.44,65.05,3.86,1012.17,86.28,20.12,1.68,1.03
2029-06-11,20.7,20.46,12.89,1004.45,51.88,9.73,6.07,13.37
2029-06-12,24.09,54.35,4.71,1017.3,34.75,6.49,1.49,2.27
2029-06-13,33.54,52.63,15.76,992.23,63.96,27.43,6.29,0.01
2029-06-14,33.88,29.12,43.76,1020.65,44.59,18.36,7.78,7.27
2029-06-15,21.03,74.09,17.36,1024.94,8.14,8.37,3.96,3.66
2029-06-16,14.66,76.17,28.09,1021.37,37.78,6.34,5.4,0.74
2029-06-17,32.13,77.67,21.67,1015.01,99.41,8.0,9.36,0.12
2029-06-18,14.49,78.28,22.95,1016.56,4.85,16.78,5.24,1.38
2029-06-19,30.25,20.0,48.48,1005.82,69.67,21.71,9.97,10.52
2029-06-20,34.27,96.31,14.81,988.56,84.12,21.03,2.41,10.84
2029-06-21,34.52,85.14,31.37,1010.47,64.87,8.61,7.38,1.49
2029-06-22,36.37,92.32,21.0,1012.07,56.97,20.84,6.87,7.23
2029-06-23,40.55,21.25,3.06,1024.34,70.76,15.12,8.85,2.33
2029-06-24,27.5,94.71,24.47,1004.36,42.93,16.62,1.83,4.25
2029-06-25,35.56,84.78,40.67,992.21,9.14,25.04,3.52,1.63
2029-06-26,31.67,86.98,4.94,1010.77,96.24,13.31,2.19,2.9
2029-06-27,16.53,27.46,3.48,1024.07,43.23,8.67,9.4,1.39
2029-06-28,10.9,79.1,7.68,987.97,66.54,26.84,4.84,0.25
2029-06-29,19.96,96.79,38.22,994.67,53.13,10.3,9.19,0.6
2029-06-30,25.51,74.28,36.2,1004.38,5.47,12.35,3.65,1.37
2029-07-01,31.6,65.64,28.25,987.66,95.27,22.66,2.14,14.96
2029-07-02,39.75,95.65,23.41,981.0,79.25,22.09,3.67,13.49
2029-07-03,16.87,55.43,44.42,995.16,14.91,25.01,6.37,7.03
2029-07-04,14.39,67.94,38.33,1018.94,98.16,9.6,8.61,1.06
2029-07-05,43.72,58.11,40.6,981.96,73.69,13.81,4.47,2.33
2029-07-06,13.78,94.63,40.66,999.3,47.23,8.15,9.23,2.32
2029-07-07,26.75,26.09,32.14,1014.3,61.14,18.53,3.2,1.96
2029-07-08,30.49,60.09,22.9,1022.89,10.67,12.31,7.24,0.18
2029-07-09,28.95,74.96,43.23,1024.35,56.04,22.22,7.62,3.06
2029-07-10,13.01,83.35,46.3,998.99,7.37,5.01,3.47,0.3
2029-07-11,12.0,66.64,1.19,1022.77,54.49,6.49,1.24,6.48
2029-07-12,13.69,92.71,2.58,981.59,55.27,15.81,4.29,4.7
2029-07-13,30.5,95.36,47.94,1013.57,87.44,28.95,1.41,1.74
2029-07-14,29.05,25.15,13.86,1008.92,72.51,27.27,9.11,4.17
2029-07-15,18.18,52.19,43.67,991.23,24.96,29.85,9.58,1.06
2029-07-16,32.32,21.88,19.44,1002.83,88.84,15.42,7.62,1.23
2029-07-17,38.7,46.35,5.96,985.83,57.32,6.16,7.54,1.51
2029-07-18,11.46,62.95,4.02,1019.22,60.64,12.65,3.17,6.38
2029-07-19,27.43,92.86,7.83,996.11,16.9,21.89,1.67,0.95
2029-07-20,34.13,87.72,12.49,1008.17,85.78,8.38,8.22,3.31
2029-07-21,18.83,30.2,24.43,987.14,93.1,12.5,6.03,0.89
2029-07-22,20.77,27.44,35.07,989.28,77.5,6.4,7.13,1.34
2029-07-23,31.48,67.14,49.32,1024.64,94.08,16.87,8.02,1.07
2029-07-24,41.43,62.57,22.08,1013.89,30.23,10.22,4.68,4.14
2029-07-25,38.35,41.31,25.91,1023.29,86.11,7.28,2.3,2.99
2029-07-26,30.41,91.96,26.09,993.31,48.89,15.28,8.16,5.11
2029-07-27,35.56,94.19,26.97,987.41,16.39,13.78,5.08,0.99
2029-07-28,22.77,52.21,25.89,1002.64,66.88,18.44,8.44,0.04
2029-07-29,32.43,91.22,0.44,1002.26,68.41,23.73,4.94,4.56
2029-07-30,26.32,50.72,0.09,987.87,28.69,7.81,2.95,0.49
2029-07-31,16.65,78.95,4.88,1012.99,2.75,24.78,2.54,1.13
2029-08-01,34.56,58.08,5.08,996.28,19.98,5.66,7.7,1.46
2029-08-02,29.48,29.81,35.24,988.39,39.98,16.08,6.17,5.49
2029-08-03,22.55,94.23,10.25,994.94,16.76,19.69,4.64,3.93
2029-08-04,41.9,56.33,44.74,1005.36,19.4,28.92,5.43,0.81
2029-08-05,10.73,78.76,46.43,1012.69,39.14,19.35,5.95,3.64
2029-08-06,21.05,49.37,48.79,1001.69,96.18,8.97,3.15,4.93
2029-08-07,11.99,21.51,46.95,1003.65,76.42,17.94,4.4,1.97
2029-08-08,36.83,28.04,13.59,986.25,31.97,14.89,3.63,1.13
2029-08-09,34.57,59.7,25.49,1021.16,95.16,16.98,4.5,4.55
2029-08-10,21.6,75.2,8.77,1021.79,64.56,9.93,5.51,3.78
2029-08-11,33.65,46.78,40.31,1010.75,45.54,17.52,2.56,0.32
2029-08-12,23.86,75.64,44.42,980.79,46.83,8.75,4.54,4.39
2029-08-13,36.47,75.89,42.56,1004.17,41.07,23.6,4.47,2.68
2029-08-14,25.9,76.31,21.67,1008.31,23.3,19.85,3.57,5.6
2029-08-15,24.43,59.4,37.93,1024.76,38.66,6.96,9.99,0.85
2029-08-16,42.72,93.19,4.88,1024.82,52.79,27.24,1.66,1.19
2029-08-17,18.78,59.14,2.01,1018.59,52.8,20.41,6.79,3.14
2029-08-18,14.22,56.02,37.66,982.87,76.17,12.9,2.57,2.63
2029-08-19,30.46,35.95,21.27,1022.9,35.88,6.14,8.56,1.95
2029-08-20,43.93,44.61,49.78,1007.57,71.68,20.81,9.23,5.48
2029-08-21,23.22,23.39,4.86,1016.04,57.81,14.34,4.61,3.33
2029-08-22,12.17,70.68,42.78,998.32,96.18,27.69,8.41,4.96
2029-08-23,21.88,39.88,24.0,994.39,38.53,5.87,3.25,0.67
2029-08-24,27.71,44.33,41.36,1000.85,90.12,5.98,2.26,5.22
2029-08-25,15.67,81.67,40.86,986.61,82.06,28.73,3.84,2.48
2029-08-26,33.03,46.18,45.8,996.07,63.77,29.12,4.08,0.14
2029-08-27,44.92,39.38,14.89,1018.59,65.45,5.69,4.58,1.07
2029-08-28,25.81,33.52,47.49,981.71,8.46,22.9,4.36,0.1
2029-08-29,22.42,81.99,7.58,986.79,95.02,10.54,4.7,2.44
2029-08-30,24.02,30.38,4.1,985.63,10.69,22.53,7.39,1.58
2029-08-31,14.03,56.3,21.58,998.14,56.32,26.72,3.21,17.51
2029-09-01,40.91,60.55,41.42,1024.86,33.01,7.52,1.17,8.12
2029-09-02,24.52,74.99,23.67,987.8,42.99,10.97,5.41,6.99
2029-09-03,23.55,70.66,41.46,986.55,61.02,5.6,5.03,2.78
2029-09-04,33.09,84.86,36.48,1021.18,90.89,6.1,1.54,6.58
2029-09-05,25.47,23.58,10.47,1019.69,45.76,5.74,2.2,1.24
2029-09-06,32.69,43.72,47.44,981.45,98.77,25.02,5.59,3.29
2029-09-07,12.15,42.41,3.04,1013.83,59.28,12.46,3.11,2.0
2029-09-08,38.48,31.68,44.91,1009.5,16.06,17.33,8.9,0.75
2029-09-09,42.92,43.13,15.22,1014.55,19.0,24.7,2.56,0.3
2029-09-10,32.71,44.78,25.01,1002.25,71.61,17.37,1.18,3.27
2029-09-11,43.41,61.75,21.12,1024.61,5.04,15.73,5.03,0.41
2029-09-12,15.3,73.1,8.59,981.97,48.03,5.29,9.88,5.06
2029-09-13,26.71,50.49,17.91,990.55,14.82,19.2,6.7,10.18
2029-09-14,31.06,77.56,9.65,997.84,43.32,8.12,4.19,0.71
2029-09-15,30.36,46.89,10.19,1000.24,74.99,24.12,1.15,2.55
2029-09-16,24.05,43.22,9.35,1021.46,45.88,11.44,5.36,5.37
2029-09-17,21.83,63.3,24.45,1005.2,16.35,21.85,2.86,1.35
2029-09-18,14.44,21.9,39.9,982.03,25.19,21.16,6.83,10.14
2029-09-19,23.71,26.38,28.45,998.35,36.75,20.42,6.25,8.77
2029-09-20,15.69,53.44,44.66,998.74,6.96,11.67,3.39,0.44
2029-09-21,35.7,95.43,31.83,1023.45,58.43,11.68,1.62,0.11
2029-09-22,17.31,77.72,34.47,1006.96,60.75,26.58,7.8,15.0
2029-09-23,12.05,27.05,33.38,1008.6,6.22,5.32,6.27,12.54
2029-09-24,29.33,87.71,22.47,1012.1,40.23,9.54,8.58,2.19
2029-09-25,30.83,78.58,34.47,1014.65,41.4,20.25,3.34,0.21
2029-09-26,40.52,68.88,3.49,1008.58,33.38,25.43,6.88,3.86
2029-09-27,30.19,85.62,42.99,990.67,55.77,13.96,2.07,1.39
2029-09-28,22.09,52.33,38.89,1019.33,34.6,21.34,3.63,11.04
2029-09-29,38.11,37.72,12.26,1012.95,41.64,18.93,6.91,6.33
2029-09-30,28.91,60.96,38.4,1013.38,79.75,6.61,8.43,4.19
2029-10-01,12.77,63.91,0.63,1024.85,16.21,20.54,3.89,1.34
2029-10-02,29.8,63.07,10.86,1016.11,61.91,25.35,8.19,4.83
2029-10-03,41.78,65.21,3.26,1017.31,50.56,29.81,7.1,1.37
2029-10-04,23.87,95.9,39.01,1022.81,30.51,5.74,4.14,0.15
2029-10-05,20.37,92.18,37.79,986.8,72.75,21.5,8.89,2.84
2029-10-06,15.02,90.06,40.68,1002.4,55.12,15.36,5.58,2.68
2029-10-07,15.3,84.11,0.22,1006.13,47.74,5.24,6.83,5.76
2029-10-08,25.15,95.47,25.06,994.82,66.77,20.36,5.46,8.03
2029-10-09,30.85,27.88,35.24,1017.77,80.23,8.06,5.07,1.75
2029-10-10,12.82,41.21,7.77,1014.31,97.27,14.46,8.63,2.39
2029-10-11,42.88,59.6,32.49,1012.44,62.94,11.53,3.65,2.54
2029-10-12,36.43,87.72,4.21,1024.87,87.44,14.03,1.33,1.57
2029-10-13,30.53,60.41,9.07,991.67,0.11,17.32,8.92,5.44
2029-10-14,39.0,79.84,23.79,1013.1,53.02,13.98,8.43,2.95
2029-10-15,12.81,31.12,32.68,1004.81,21.46,18.82,4.3,9.81
2029-10-16,26.69,40.19,7.29,994.08,9.42,10.97,2.67,4.2
2029-10-17,32.05,78.54,9.26,987.23,53.2,20.88,7.08,0.95
2029-10-18,39.0,33.18,10.22,1020.31,74.68,26.34,1.71,0.72
2029-10-19,37.42,48.11,11.94,1006.8,41.23,10.6,4.81,1.86
2029-10-20,19.7,41.19,11.33,1017.12,67.01,17.7,1.77,1.7
2029-10-21,42.93,47.99,19.76,1004.54,48.97,21.22,6.38,2.09
2029-10-22,14.35,76.67,32.69,989.9,43.71,19.12,1.24,0.81
2029-10-23,40.63,49.43,21.9,995.19,29.03,14.14,6.66,15.31
2029-10-24,43.98,64.42,38.8,997.17,38.26,21.05,7.06,0.63
2029-10-25,16.2,27.99,35.96,1023.78,34.98,5.71,5.38,4.23
2029-10-26,35.27,84.4,6.33,980.25,64.62,14.25,2.58,0.05
2029-10-27,11.41,49.59,2.44,1024.35,11.6,18.32,1.91,2.09
2029-10-28,24.19,71.88,43.9,1024.12,9.26,5.52,3.82,1.48
2029-10-29,28.07,78.03,3.99,1024.83,66.0,17.69,5.19,1.93
2029-10-30,30.32,36.77,7.42,1001.45,54.63,21.36,6.78,2.76
2029-10-31,42.76,90.77,1.11,1023.37,43.02,23.98,1.01,3.67
2029-11-01,33.53,69.3,31.42,997.8,15.24,7.83,7.4,3.5
2029-11-02,26.84,54.3,29.12,981.18,41.1,29.76,7.41,3.98
2029-11-03,38.34,34.59,49.35,990.1,78.97,20.15,5.0,7.45
2029-11-04,43.27,95.38,44.35,1022.54,88.96,14.08,4.09,8.71
2029-11-05,10.77,80.41,20.54,980.62,70.26,11.23,8.58,5.35
2029-11-06,44.39,36.64,18.58,1004.57,5.99,19.32,8.06,0.33
2029-11-07,13.01,47.02,14.84,983.4,67.04,27.04,9.85,13.01
2029-11-08,38.5,84.77,7.62,992.89,24.1,18.01,4.35,11.78
2029-11-09,19.81,75.65,6.9,983.96,31.53,21.54,9.16,4.98
2029-11-10,14.63,81.26,6.61,1018.68,19.59,13.94,1.79,2.91
2029-11-11,25.39,55.3,5.71,1006.6,77.58,14.7,4.7,1.15
2029-11-12,32.54,77.32,12.03,1020.59,64.86,12.15,5.19,5.65
2029-11-13,23.33,50.92,15.33,1010.98,61.18,22.64,4.97,8.41
2029-11-14,11.91,36.9,48.08,1023.7,66.8,13.98,6.63,4.38
2029-11-15,30.98,70.61,28.92,1002.94,23.68,9.77,2.53,3.97
2029-11-16,41.58,98.08,49.38,1008.74,44.46,14.24,8.8,0.86
2029-11-17,23.41,44.85,18.62,1005.93,63.33,26.35,5.97,1.77
2029-11-18,17.57,56.88,22.88,1001.79,63.66,23.46,9.14,5.14
2029-11-19,25.49,73.92,16.23,1018.07,79.19,13.37,1.02,0.07
2029-11-20,11.69,63.32,9.14,1009.0,28.71,27.67,6.67,4.1
2029-11-21,38.72,87.47,7.16,1016.06,77.03,6.87,4.71,5.82
2029-11-22,38.92,80.94,47.25,1015.39,44.02,6.24,5.55,1.63
2029-11-23,30.58,24.66,49.34,988.6,67.02,8.19,7.69,0.32
2029-11-24,22.36,99.87,2.25,1009.26,45.57,7.91,3.04,6.84
2029-11-25,37.99,80.19,7.52,988.98,94.86,7.2,2.84,0.61
2029-11-26,29.41,89.11,21.18,1006.25,17.93,21.53,7.33,1.85
2029-11-27,38.91,72.1,9.32,1010.48,67.5,20.02,5.69,4.91
2029-11-28,32.1,88.5,18.19,1024.88,57.65,21.19,3.1,6.79
2029-11-29,37.45,28.99,6.45,981.37,17.27,22.21,5.36,7.93
2029-11-30,30.95,47.82,22.83,984.11,6.6,23.92,5.14,3.02
2029-12-01,24.49,90.11,13.58,983.47,79.91,10.18,7.22,2.58
2029-12-02,43.53,36.13,17.6,997.93,15.75,20.56,1.02,7.54
2029-12-03,28.94,26.26,4.72,1016.97,18.65,19.5,6.28,3.31
2029-12-04,31.18,83.05,21.41,1017.98,97.84,28.59,6.45,3.46
2029-12-05,17.72,86.84,49.16,1013.16,71.73,10.81,7.71,2.28
2029-12-06,31.9,33.01,16.44,1020.36,25.05,6.47,9.0,1.87
2029-12-07,30.01,88.35,43.82,994.53,59.09,21.34,4.96,2.62
2029-12-08,16.47,74.94,42.16,983.97,53.41,23.5,4.08,1.82
2029-12-09,12.09,61.61,47.6,982.62,84.45,12.08,1.92,1.68
2029-12-10,31.15,86.42,39.51,1018.35,72.93,19.27,4.03,20.25
2029-12-11,36.73,53.54,32.98,1012.87,83.17,6.49,1.62,1.64
2029-12-12,28.32,35.52,42.83,1011.44,21.15,29.0,8.23,1.18
2029-12-13,17.94,42.79,3.78,995.29,64.02,7.75,8.26,1.75
2029-12-14,33.33,60.41,23.14,997.1,4.02,6.69,4.76,3.57
2029-12-15,12.8,62.51,49.46,1023.12,6.89,6.1,3.34,9.68
2029-12-16,25.46,84.45,38.48,982.87,71.35,15.68,2.06,6.2
2029-12-17,15.72,83.31,48.1,1014.82,2.44,7.43,8.66,7.39
2029-12-18,16.46,66.51,38.98,993.93,57.98,23.62,8.9,7.84
2029-12-19,17.08,82.46,43.74,981.76,84.04,27.47,3.4,10.13
2029-12-20,23.53,35.34,35.33,1013.42,37.99,11.51,6.6,1.07
2029-12-21,11.79,24.01,38.03,994.89,4.48,20.72,3.33,2.45
2029-12-22,23.92,89.89,26.16,1012.5,71.38,6.06,3.03,1.95
2029-12-23,27.91,26.04,46.21,1011.84,92.97,14.66,1.19,1.92
2029-12-24,26.92,39.74,41.25,1004.07,71.72,12.32,6.19,4.23
2029-12-25,23.4,75.63,42.19,1014.98,57.84,10.72,2.35,2.06
2029-12-26,39.37,52.76,33.65,1006.15,23.0,21.12,1.11,3.83
2029-12-27,15.09,90.11,15.23,992.9,1.54,8.26,1.94,1.93
2029-12-28,27.7,43.84,1.78,1013.04,69.47,26.52,3.82,1.49
2029-12-29,12.17,20.95,46.78,1006.51,23.1,21.62,7.02,1.74
2029-12-30,12.49,44.05,29.31,980.57,85.82,22.77,2.82,6.51
2029-12-31,30.09,66.25,14.91,1020.57,46.64,28.38,8.99,3.68
2030-01-01,29.81,50.08,7.46,1004.55,53.06,28.56,3.6,14.6
2030-01-02,40.73,62.79,41.48,1019.09,75.39,18.79,3.98,7.15
2030-01-03,29.53,90.13,41.83,1019.72,77.94,17.38,2.96,2.66
2030-01-04,43.59,93.0,40.73,1000.02,64.27,13.38,3.28,1.11
2030-01-05,11.7,41.28,32.25,1002.84,93.84,22.89,1.67,4.48
2030-01-06,13.43,56.97,18.3,998.71,98.23,18.46,3.65,5.19
2030-01-07,11.54,63.93,15.2,1000.22,94.69,28.32,8.74,2.5
2030-01-08,16.48,95.93,0.43,1020.28,82.42,10.97,7.2,1.05
2030-01-09,28.94,99.89,41.68,1015.47,70.56,12.76,8.88,3.26
2030-01-10,32.6,38.83,4.37,985.69,66.33,12.9,1.94,1.17
2030-01-11,11.6,78.16,31.54,1007.46,10.38,25.15,5.1,11.25
2030-01-12,43.11,50.24,25.2,1024.82,27.15,7.48,3.06,3.96
2030-01-13,39.48,20.65,26.33,1006.8,0.57,16.39,7.49,1.38
2030-01-14,20.38,20.74,46.34,1015.36,13.74,15.69,9.73,0.97
2030-01-15,12.7,56.85,1.58,1014.61,43.92,6.83,8.34,5.05
2030-01-16,15.95,59.07,38.67,995.76,14.65,15.27,1.32,4.92
2030-01-17,14.44,21.81,2.6,996.73,90.17,17.83,3.85,3.64
2030-01-18,14.31,74.95,1.91,1012.58,80.57,6.63,1.26,3.81
2030-01-19,28.15,43.52,21.49,1002.5,7.16,17.75,1.36,3.7
2030-01-20,18.6,64.79,3.15,1005.68,24.89,28.98,1.72,1.79
2030-01-21,22.53,44.07,39.46,1012.08,81.91,29.47,3.49,11.08
2030-01-22,44.63,33.37,26.48,1014.99,80.3,18.29,3.74,2.61
2030-01-23,33.95,52.57,1.45,992.22,94.55,17.88,4.6,0.08
2030-01-24,43.21,38.58,2.03,986.61,99.75,12.14,4.64,1.71
2030-01-25,14.99,62.78,30.63,993.13,97.63,29.93,7.94,0.56
2030-01-26,23.37,35.91,40.31,1002.84,41.01,11.86,2.27,1.81
2030-01-27,29.42,60.67,21.89,995.4,25.03,16.32,2.42,3.75
2030-01-28,12.69,32.59,27.73,1005.58,75.84,5.07,6.64,0.09
2030-01-29,10.15,73.68,39.99,982.41,29.93,13.73,6.15,8.17
2030-01-30,33.47,80.32,30.53,1002.94,80.64,6.79,2.39,3.77
2030-01-31,32.46,28.83,11.24,996.56,53.4,23.6,8.67,1.4
2030-02-01,24.38,57.42,30.65,1004.06,79.39,19.03,3.96,1.49
2030-02-02,27.14,25.67,31.41,999.01,27.59,19.3,4.3,2.51
2030-02-03,24.54,67.85,36.71,992.79,50.8,12.16,4.78,1.14
2030-02-04,10.84,41.15,31.04,1020.68,56.4,25.37,3.9,0.02
2030-02-05,21.74,62.21,48.46,988.31,94.31,5.08,6.02,0.11
2030-02-06,16.2,61.4,9.86,1010.66,26.66,13.34,4.5,1.77
2030-02-07,13.44,93.95,47.55,1021.61,93.67,21.49,3.33,0.53
2030-02-08,43.49,63.93,26.92,1004.24,80.49,27.7,9.14,0.09
2030-02-09,30.98,66.64,33.6,1019.44,73.09,10.87,3.78,7.84
2030-02-10,35.5,52.13,4.97,985.62,78.69,18.53,7.29,1.28
2030-02-11,21.04,95.93,19.03,1002.22,60.54,18.45,4.13,2.8
2030-02-12,23.76,82.17,38.47,1000.57,24.41,26.85,4.92,0.79
2030-02-13,18.29,42.83,35.35,980.37,18.95,6.26,3.12,0.19
2030-02-14,13.39,87.54,2.01,999.95,86.63,15.61,7.77,5.46
2030-02-15,16.27,54.59,27.33,996.61,72.51,9.56,7.63,0.53
2030-02-16,37.91,86.29,4.41,1010.14,21.32,5.54,1.2,0.1
2030-02-17,33.71,85.83,49.79,1022.22,61.51,8.68,1.54,3.54
2030-02-18,29.14,35.11,44.86,983.86,44.75,29.41,9.3,0.05
2030-02-19,26.63,76.09,1.05,994.74,15.87,10.37,9.0,2.29
2030-02-20,42.29,43.25,42.93,999.98,53.19,28.38,5.55,1.36
2030-02-21,12.55,43.8,45.97,1000.48,28.15,10.13,5.44,1.54
2030-02-22,19.82,43.71,17.68,1014.87,9.62,28.28,8.31,0.02
2030-02-23,22.25,78.05,35.98,999.95,46.7,21.37,2.25,13.34
2030-02-24,37.38,38.39,22.11,981.22,59.01,7.83,6.88,2.91
2030-02-25,44.74,20.07,32.76,1011.95,4.69,19.55,5.28,3.4
2030-02-26,18.42,77.22,17.02,1019.82,40.21,12.96,7.69,4.39
2030-02-27,40.6,33.69,16.13,1003.13,25.77,14.58,1.27,6.39
2030-02-28,39.07,28.36,21.22,1006.15,3.07,16.0,6.33,3.75
2030-03-01,17.86,39.0,7.28,987.33,12.57,15.57,6.01,5.75
2030-03-02,23.98,50.39,41.56,989.93,13.9,21.6,8.57,2.38
2030-03-03,24.34,58.07,17.43,990.58,18.29,24.21,7.09,1.86
2030-03-04,44.24,23.57,20.01,999.38,80.34,13.23,8.92,6.93
2030-03-05,16.33,97.65,44.7,1021.77,43.95,28.11,8.99,8.02
2030-03-06,37.97,77.29,24.83,1003.48,14.71,28.46,4.67,0.59
2030-03-07,21.7,45.86,27.21,988.64,10.03,6.02,2.24,3.13
2030-03-08,35.58,45.5,47.82,991.97,29.79,5.37,6.67,4.6
2030-03-09,24.7,55.88,44.34,997.28,79.8,15.63,8.86,0.35
2030-03-10,30.24,70.1,8.47,1008.05,36.45,19.77,1.67,10.61
2030-03-11,39.14,31.71,23.66,999.8,15.99,11.95,6.02,2.94
2030-03-12,38.15,35.11,48.56,997.66,40.41,11.49,2.03,4.15
2030-03-13,40.32,88.75,18.62,1005.41,55.53,21.96,1.24,0.79
2030-03-14,12.09,40.5,18.58,990.88,2.96,20.04,7.12,1.23
2030-03-15,34.22,50.42,9.75,983.55,62.76,9.18,7.14,0.52
2030-03-16,14.9,89.7,5.72,981.1,39.51,27.11,6.41,1.23
2030-03-17,24.55,73.05,37.02,991.31,0.97,22.0,8.73,2.71
2030-03-18,29.2,47.34,38.5,984.12,67.39,14.06,1.73,7.17
2030-03-19,24.1,74.7,48.45,995.14,71.24,22.09,1.95,3.05
2030-03-20,28.19,21.57,38.67,1014.78,62.88,7.82,8.78,1.12
2030-03-21,44.88,78.85,12.17,1012.23,34.19,16.71,5.53,0.18
2030-03-22,14.73,58.96,2.01,1007.49,52.96,9.22,3.46,3.89
2030-03-23,33.64,85.05,49.27,1018.36,38.72,6.04,7.64,2.18
2030-03-24,23.86,96.37,17.02,992.69,70.06,13.46,9.05,16.63
2030-03-25,14.66,94.06,15.6,1019.83,58.36,8.77,7.21,6.05
2030-03-26,15.56,92.74,45.3,997.97,8.18,20.84,8.13,6.61
2030-03-27,43.22,60.97,29.25,998.04,64.31,21.85,3.54,0.05
2030-03-28,40.79,48.81,10.74,998.24,68.72,8.72,3.6,6.02
2030-03-29,41.75,57.2,44.45,984.41,37.07,5.62,8.78,0.87
2030-03-30,44.7,75.19,49.67,1023.9,87.58,24.82,6.53,3.53
2030-03-31,17.29,90.72,4.33,986.23,84.3,5.05,3.11,2.37
2030-04-01,22.44,36.56,43.11,995.34,17.52,13.6,5.72,3.39
2030-04-02,33.42,93.46,19.53,994.37,90.43,17.36,7.17,0.57
2030-04-03,26.93,85.21,26.2,983.36,44.09,25.47,2.97,2.44
2030-04-04,24.64,98.31,45.74,986.85,72.37,25.96,6.89,0.15
2030-04-05,22.52,90.42,48.67,982.02,81.41,23.12,1.38,0.17
2030-04-06,30.78,42.39,13.11,993.16,50.51,11.18,3.73,4.29
2030-04-07,30.15,28.48,10.64,1019.0,39.91,23.0,7.07,12.12
2030-04-08,15.65,28.98,4.03,995.27,91.55,11.16,2.34,6.01
2030-04-09,26.51,43.3,28.09,985.57,23.09,10.37,3.0,2.53
2030-04-10,29.37,69.13,0.68,1009.06,25.7,18.68,8.91,0.23
2030-04-11,29.96,84.35,20.59,1024.85,36.16,21.97,7.07,0.18
2030-04-12,17.35,91.94,3.67,990.45,85.95,6.33,5.49,0.69
2030-04-13,35.98,69.9,20.26,992.58,93.88,6.5,2.9,14.89
2030-04-14,10.88,20.45,2.0,1023.73,22.01,24.6,4.07,2.03
2030-04-15,22.42,34.91,41.76,988.04,86.39,26.49,6.17,7.42
2030-04-16,37.31,27.98,10.49,1003.0,25.82,20.11,2.4,4.89
2030-04-17,29.74,49.07,16.42,990.78,97.06,15.72,5.34,3.72
2030-04-18,19.14,60.11,43.5,1021.96,59.74,26.13,4.68,11.81
2030-04-19,34.32,23.47,37.31,1024.17,0.71,23.22,5.29,1.05
2030-04-20,29.86,47.88,10.95,1016.66,3.41,19.49,1.95,2.43
2030-04-21,37.87,34.33,3.59,994.17,14.75,12.99,1.96,8.0
2030-04-22,35.73,71.77,35.78,998.16,18.76,9.95,9.68,3.21
2030-04-23,31.35,57.14,19.54,990.9,76.76,15.47,9.81,1.13
2030-04-24,27.09,59.63,38.3,1020.08,22.28,12.17,4.84,0.94
2030-04-25,14.66,54.22,22.26,1021.16,96.91,13.48,8.1,5.59
2030-04-26,19.15,96.48,17.3,998.85,63.61,17.89,6.9,0.05
2030-04-27,24.67,37.18,22.56,1009.54,69.25,9.23,2.05,9.82
2030-04-28,30.98,61.33,37.43,987.45,21.78,25.15,3.67,0.07
2030-04-29,27.98,78.88,45.11,999.57,89.27,8.64,3.82,3.99
2030-04-30,20.09,64.55,2.49,1008.42,66.78,17.02,6.36,3.71
2030-05-01,10.23,94.32,26.21,997.34,86.44,23.65,6.22,3.45
2030-05-02,27.37,50.24,1.64,996.09,95.65,17.13,9.31,2.57
2030-05-03,20.0,57.09,23.42,980.04,12.56,14.03,8.11,7.65
2030-05-04,35.71,27.08,44.26,1016.19,9.66,16.87,8.71,4.31
2030-05-05,10.84,68.72,18.08,1020.02,80.34,26.22,9.02,6.09
2030-05-06,30.47,43.06,46.62,1023.63,86.61,29.76,8.21,0.49
2030-05-07,42.95,32.82,31.53,1012.37,58.38,20.78,4.0,0.2
2030-05-08,16.1,63.56,46.71,1004.7,36.6,24.84,2.94,0.12
2030-05-09,26.51,62.58,37.86,992.12,65.26,5.36,6.15,0.64
2030-05-10,13.2,26.07,5.17,1024.97,30.57,27.01,7.21,4.4
2030-05-11,31.9,75.86,11.56,1006.54,23.84,28.85,4.48,2.73
2030-05-12,29.27,69.9,19.71,1010.65,48.81,19.38,8.64,5.58
2030-05-13,24.26,35.12,8.51,1010.71,21.62,23.85,9.65,0.85
2030-05-14,28.25,57.55,24.75,1018.04,48.37,17.82,6.12,1.83
2030-05-15,41.38,77.63,23.57,980.44,95.66,12.16,5.11,8.77
2030-05-16,16.87,62.35,47.81,989.91,83.98,26.31,8.59,10.98
2030-05-17,10.79,51.64,21.69,1009.95,94.16,19.92,1.22,10.19
2030-05-18,40.16,45.79,39.28,1020.28,80.63,19.48,2.16,6.82
2030-05-19,30.2,68.83,47.1,1010.84,35.48,21.48,8.61,4.66
2030-05-20,41.17,95.13,43.85,998.61,81.2,26.4,7.59,9.8
2030-05-21,30.89,73.74,10.43,996.27,92.29,23.3,4.75,5.01
2030-05-22,38.36,25.98,24.8,1013.21,94.7,10.28,9.0,12.31
2030-05-23,25.04,56.85,17.39,1013.36,68.32,16.67,4.16,0.1
2030-05-24,36.25,91.27,19.99,1007.32,21.14,29.51,6.7,10.19
2030-05-25,41.96,27.56,18.04,993.12,3.97,18.86,6.71,3.25
2030-05-26,30.02,99.11,41.32,1021.63,14.72,28.46,2.66,0.47
2030-05-27,16.33,95.93,22.61,1004.83,96.55,25.33,3.56,0.97
2030-05-28,19.41,26.26,26.18,1015.57,46.21,21.65,9.24,7.65
2030-05-29,16.95,94.67,49.12,989.64,85.5,13.73,2.65,2.82
2030-05-30,18.64,49.05,3.0,995.48,46.5,12.61,2.56,16.26
2030-05-31,20.72,87.58,24.4,1019.36,66.08,21.09,5.32,0.5
2030-06-01,29.43,53.47,38.7,982.25,2.41,15.81,1.83,2.13
2030-06-02,30.58,55.27,7.56,1003.05,24.99,24.97,9.05,1.61
2030-06-03,24.93,70.74,30.58,1001.68,43.63,24.01,1.9,2.9
2030-06-04,31.54,81.96,11.97,1013.81,63.06,12.8,6.55,4.01
2030-06-05,12.86,22.7,43.37,992.69,17.15,22.57,4.06,4.33
2030-06-06,13.07,67.45,16.35,989.86,76.46,17.36,8.24,0.01
2030-06-07,16.01,34.94,16.45,1021.68,36.44,13.08,6.31,0.37
2030-06-08,28.13,47.68,29.91,1005.73,81.74,15.32,4.49,0.14
2030-06-09,17.49,47.84,9.18,984.71,9.8,27.38,9.85,8.0
2030-06-10,19.91,57.52,14.24,988.69,67.98,13.99,1.6,1.5
2030-06-11,24.01,46.73,20.83,1024.95,29.33,12.18,6.2,1.83
2030-06-12,38.42,28.59,17.68,988.8,79.54,13.8,9.91,2.39
2030-06-13,10.49,31.65,26.24,1007.47,40.22,10.37,7.22,7.57
2030-06-14,32.73,22.68,29.98,998.91,66.53,18.62,7.66,0.06
2030-06-15,33.41,57.62,28.33,1019.85,93.43,8.69,1.29,0.51
2030-06-16,37.95,96.36,32.71,1013.98,2.06,25.44,1.19,4.62
2030-06-17,42.65,29.25,15.39,1006.86,1.11,10.64,1.32,13.29
2030-06-18,10.7,95.7,6.32,980.48,77.03,19.95,9.93,4.12
2030-06-19,15.38,78.67,38.04,1019.59,64.64,8.13,9.82,1.21
2030-06-20,41.02,71.0,42.54,1000.01,29.3,29.46,4.01,2.93
2030-06-21,26.05,71.62,12.85,1021.92,49.44,16.36,3.62,14.75
2030-06-22,29.76,86.14,20.35,1002.3,4.19,25.55,2.31,3.0
2030-06-23,33.21,28.55,24.93,1011.24,19.24,24.22,3.96,1.87
2030-06-24,33.77,60.38,26.67,983.12,42.45,22.84,4.33,1.93
2030-06-25,42.61,75.77,32.97,1013.53,83.4,25.68,7.73,13.65
2030-06-26,44.89,66.95,2.08,995.21,47.97,7.51,8.8,5.08
2030-06-27,35.21,86.62,36.07,995.81,58.64,21.96,7.72,4.65
2030-06-28,20.05,25.78,3.1,985.34,87.38,11.65,6.82,1.06
2030-06-29,40.79,75.26,23.41,986.61,30.88,24.65,7.89,3.28
2030-06-30,11.72,62.72,41.38,988.36,70.07,28.92,7.65,1.76
2030-07-01,18.09,50.33,22.56,994.77,86.17,27.54,5.28,1.1
2030-07-02,41.41,47.22,7.45,1020.14,20.26,7.87,4.02,9.04
2030-07-03,18.97,69.67,49.25,996.57,35.65,14.24,3.55,1.93
2030-07-04,17.72,91.28,44.46,1012.6,97.98,14.11,7.11,1.33
2030-07-05,14.83,59.69,38.57,983.72,98.32,8.06,9.63,10.74
2030-07-06,40.07,85.98,20.58,1006.6,22.32,7.45,6.23,0.88
2030-07-07,27.5,52.17,9.19,1001.69,6.64,14.62,9.21,5.47
2030-07-08,33.62,28.19,47.07,1024.01,27.09,29.8,1.13,4.23
2030-07-09,18.37,24.92,26.62,1018.08,39.77,19.22,8.15,10.13
2030-07-10,36.53,24.11,42.62,1000.47,44.1,20.54,8.68,7.14
2030-07-11,36.6,50.41,17.1,1014.88,61.88,16.78,6.68,4.89
2030-07-12,20.94,46.98,16.76,988.69,89.95,21.56,9.41,1.51
2030-07-13,24.37,77.43,49.28,1005.31,33.03,28.92,6.31,2.74
2030-07-14,17.34,79.43,26.09,983.36,85.0,19.72,3.16,11.57
2030-07-15,44.18,24.07,7.03,995.66,9.35,6.63,2.94,0.09
2030-07-16,32.6,37.69,10.98,990.16,4.19,17.32,6.0,6.33
2030-07-17,42.71,41.94,24.1,1012.35,50.4,29.82,9.16,1.16
2030-07-18,20.62,63.81,2.12,1002.05,5.97,14.69,1.65,0.82
2030-07-19,37.37,31.56,23.13,1013.8,39.25,19.85,6.44,1.06
2030-07-20,36.81,30.72,20.95,1003.19,89.68,7.67,7.93,0.25
2030-07-21,34.21,95.5,38.97,983.89,24.15,8.53,2.04,19.3
2030-07-22,43.8,84.34,17.75,1013.09,70.6,26.87,2.05,8.16
2030-07-23,23.77,34.45,49.13,1017.5,30.24,12.51,4.3,2.94
2030-07-24,14.58,52.53,9.04,1020.66,4.49,12.64,3.46,5.02
2030-07-25,33.51,48.45,29.55,1005.74,55.67,14.68,2.78,3.25
2030-07-26,35.53,83.28,4.48,1013.91,83.49,29.16,2.79,6.68
2030-07-27,30.13,60.82,36.69,1013.84,40.95,7.11,2.18,7.45
2030-07-28,17.24,30.23,49.74,987.01,61.73,25.47,6.5,1.06
2030-07-29,27.66,79.12,40.96,987.39,90.0,13.54,7.19,2.46
2030-07-30,20.93,51.75,27.79,983.19,78.97,26.24,7.33,4.03
2030-07-31,24.96,41.03,24.24,994.4,19.39,29.79,5.79,15.35
2030-08-01,32.58,50.04,41.75,1001.31,73.34,13.72,9.58,4.59
2030-08-02,36.08,59.82,46.8,1024.91,50.19,8.23,8.92,9.12
2030-08-03,18.13,47.45,49.46,999.39,74.6,8.61,9.62,7.49
2030-08-04,24.19,39.35,19.83,1012.68,49.45,23.97,4.5,3.49
2030-08-05,19.42,51.88,49.55,1011.2,12.8,8.62,8.9,8.96
2030-08-06,16.95,21.53,7.8,989.2,56.99,11.51,7.87,1.9
2030-08-07,37.42,81.8,12.68,982.63,49.21,10.11,4.06,1.91
2030-08-08,41.82,33.68,4.45,1004.57,51.79,13.89,1.96,6.07
2030-08-09,22.96,23.51,13.59,1011.51,87.89,6.86,7.14,0.58
2030-08-10,36.29,72.3,38.4,1024.92,89.48,26.42,2.23,1.46
2030-08-11,41.39,81.91,42.65,996.14,45.35,26.5,3.64,3.75
2030-08-12,39.61,85.11,38.94,1020.34,45.57,15.32,5.5,2.18
2030-08-13,16.4,59.48,31.55,997.19,51.52,20.3,7.12,11.3
2030-08-14,43.47,36.43,25.7,1011.02,51.96,21.05,9.34,12.73
2030-08-15,23.18,78.98,35.44,1006.92,95.04,23.73,6.34,2.79
2030-08-16,21.87,75.98,19.54,982.38,64.94,18.02,7.04,3.1
2030-08-17,12.19,39.7,42.07,983.53,27.75,17.76,3.79,5.16
2030-08-18,27.02,92.27,33.86,980.93,53.15,20.78,7.19,2.44
2030-08-19,13.82,28.35,34.89,996.69,62.72,22.58,4.94,0.84
2030-08-20,18.7,98.62,26.8,1013.56,63.98,13.67,8.71,5.5
2030-08-21,21.09,88.82,44.26,987.77,58.53,13.26,4.53,5.35
2030-08-22,38.31,75.03,12.6,1007.26,17.77,11.74,5.21,1.12
2030-08-23,40.64,95.1,19.06,993.0,3.36,18.72,4.89,7.16
2030-08-24,20.59,77.78,38.88,1015.86,33.78,14.0,8.3,3.8
2030-08-25,40.05,35.24,24.64,1015.93,42.75,18.51,9.58,1.08
2030-08-26,40.0,55.37,44.46,1014.89,6.18,15.15,3.95,4.22
2030-08-27,36.76,25.72,17.32,1003.62,81.5,25.92,5.28,1.06
2030-08-28,15.13,51.17,18.47,992.81,34.41,6.83,7.35,1.23
2030-08-29,34.16,79.33,44.44,1016.42,91.36,19.31,9.06,7.54
2030-08-30,43.08,50.92,23.22,988.37,15.44,19.39,5.44,10.61
2030-08-31,33.89,46.42,25.81,993.04,5.69,14.59,1.98,1.19
2030-09-01,21.61,67.63,16.64,988.28,48.23,15.53,4.32,10.53
2030-09-02,27.52,89.78,13.83,1010.34,18.91,25.0,5.95,1.09
2030-09-03,32.6,23.81,32.8,1010.88,93.74,12.02,4.76,0.5
2030-09-04,27.87,50.84,5.99,1009.36,1.03,26.79,2.68,0.24
2030-09-05,14.2,32.66,43.96,998.7,41.26,27.41,1.33,1.11
2030-09-06,20.92,75.63,38.96,984.51,92.67,21.27,7.19,1.95
2030-09-07,38.08,28.46,9.54,1021.0,38.44,24.32,9.93,10.5
2030-09-08,40.15,73.18,34.7,1002.85,9.31,20.32,9.27,1.11
2030-09-09,14.81,42.89,30.13,998.31,30.29,18.13,7.15,1.82
2030-09-10,43.33,35.91,9.23,1006.5,49.8,29.17,8.57,5.3
2030-09-11,21.51,94.91,13.66,988.68,18.52,12.07,3.3,1.44
2030-09-12,33.18,21.48,20.45,985.96,46.66,8.85,6.6,4.61
2030-09-13,36.31,55.02,34.96,998.25,83.63,12.19,1.55,2.26
2030-09-14,38.42,21.73,31.94,990.22,87.26,20.37,7.36,0.87
2030-09-15,43.1,58.69,26.61,990.99,4.93,9.63,9.73,5.3
2030-09-16,20.95,60.08,38.42,1020.16,16.09,27.72,8.75,0.11
2030-09-17,40.05,45.73,37.9,1003.88,27.53,15.28,5.81,1.38
2030-09-18,14.61,30.57,30.89,1001.76,59.49,26.25,8.1,1.76
2030-09-19,34.68,50.11,39.35,1011.03,36.1,11.23,9.5,2.45
2030-09-20,35.97,73.78,16.71,1022.82,84.4,12.83,2.94,4.56
2030-09-21,33.72,82.59,44.06,985.05,71.67,6.48,8.14,2.46
2030-09-22,18.83,62.46,30.75,1017.51,10.05,11.44,3.43,3.61
2030-09-23,40.56,67.19,41.12,1006.28,62.46,17.26,8.89,3.62
2030-09-24,15.91,36.05,27.31,986.58,11.3,28.65,1.89,1.87
2030-09-25,11.88,42.99,10.92,993.37,25.5,14.72,2.6,10.87
2030-09-26,35.11,32.95,27.12,1001.71,17.79,20.99,7.49,12.48
2030-09-27,26.64,39.94,18.56,1011.1,17.31,15.69,2.57,3.49
2030-09-28,39.72,37.99,34.87,990.92,61.64,6.17,2.42,0.3
2030-09-29,23.42,61.56,23.79,1004.07,56.36,17.59,6.0,2.7
2030-09-30,15.89,65.02,41.81,1010.81,17.6,6.65,8.51,0.82
2030-10-01,39.28,95.6,33.9,1000.19,99.02,27.09,3.42,2.64
2030-10-02,29.21,35.65,34.23,1018.84,42.18,23.83,8.57,0.84
2030-10-03,16.62,71.33,10.86,1019.13,9.71,14.47,8.27,4.87
2030-10-04,35.21,85.38,49.21,1001.18,12.06,21.01,6.21,0.34
2030-10-05,27.89,64.82,42.08,1023.78,58.39,7.8,6.82,12.26
2030-10-06,31.15,40.4,39.45,983.4,97.91,22.56,1.36,0.87
2030-10-07,26.13,41.0,16.51,980.15,57.2,25.57,4.3,4.32
2030-10-08,39.0,23.14,26.78,997.13,94.9,25.54,3.37,9.95
2030-10-09,39.03,44.44,6.86,1007.05,44.41,12.11,2.35,1.14
2030-10-10,34.83,79.57,26.92,1008.31,43.58,11.59,4.51,10.89
2030-10-11,13.69,23.8,7.29,1001.44,50.0,18.03,4.19,1.97
2030-10-12,39.36,37.54,27.65,985.62,69.74,29.19,7.56,12.93
2030-10-13,33.49,76.5,32.44,987.67,36.76,28.01,6.38,14.21
2030-10-14,34.4,82.61,19.51,1018.35,86.39,13.99,9.22,0.83
2030-10-15,22.7,56.43,24.93,1019.06,2.93,24.5,2.31,7.11
2030-10-16,40.77,75.85,43.78,1010.33,43.98,28.03,1.54,0.86
2030-10-17,35.39,51.04,5.43,1009.89,51.1,11.52,5.81,1.03
2030-10-18,13.94,32.79,39.59,1006.9,60.7,25.76,1.01,0.35
2030-10-19,24.27,51.85,8.54,989.13,27.61,11.7,8.09,0.68
2030-10-20,41.02,66.4,1.84,999.27,42.75,13.58,5.55,4.0
2030-10-21,11.65,95.84,9.28,1011.32,48.45,9.97,5.39,2.39
2030-10-22,43.65,25.5,38.25,1004.18,68.69,17.68,4.26,6.26
2030-10-23,33.77,60.59,20.26,980.84,77.35,26.08,4.37,1.61
2030-10-24,32.1,46.31,43.63,1022.91,73.78,18.2,4.88,13.85
2030-10-25,19.47,60.66,26.24,1018.02,34.16,8.09,1.14,0.2
2030-10-26,18.71,21.92,1.11,991.72,99.95,11.29,1.75,0.26
2030-10-27,42.97,45.04,35.84,1007.74,84.87,19.07,5.55,4.83
2030-10-28,20.44,85.59,5.51,1021.55,26.0,19.58,2.35,8.74
2030-10-29,37.14,64.32,39.47,984.32,19.51,19.42,8.01,6.35
2030-10-30,23.76,56.05,8.41,1002.64,31.4,6.93,3.47,2.69
2030-10-31,14.87,42.84,17.27,1000.53,45.23,23.84,1.88,1.26
2030-11-01,10.38,43.84,38.06,998.46,85.08,27.74,3.12,0.05
2030-11-02,29.05,50.65,47.71,1017.6,77.84,17.76,4.21,2.85
2030-11-03,44.15,86.85,18.57,997.13,85.12,22.97,1.32,2.58
2030-11-04,22.92,97.38,41.47,982.86,27.2,27.85,2.28,1.69
2030-11-05,22.5,55.09,9.54,982.96,59.35,21.07,3.91,3.45
2030-11-06,22.04,51.47,40.36,981.92,28.32,21.86,3.79,5.22
2030-11-07,28.22,87.72,32.87,998.41,10.9,23.04,8.2,4.83
2030-11-08,25.42,54.15,9.64,1012.33,68.42,11.51,8.59,1.22
2030-11-09,40.8,64.16,15.13,989.17,14.3,19.57,2.74,3.52
2030-11-10,27.69,38.48,6.59,1009.09,66.77,26.05,2.12,0.64
2030-11-11,27.77,79.48,19.15,1010.92,64.8,12.4,6.71,0.52
2030-11-12,14.84,62.56,10.18,991.48,81.02,27.43,8.24,6.16
2030-11-13,44.4,84.72,32.2,1007.03,13.96,20.51,9.67,4.73
2030-11-14,18.75,82.46,49.73,1010.82,78.35,15.58,1.06,5.84
2030-11-15,12.57,37.2,0.6,1001.0,99.93,20.58,4.72,0.66
2030-11-16,33.21,77.25,27.05,995.15,85.1,15.05,7.61,9.84
2030-11-17,30.84,84.0,28.68,1007.86,75.18,25.95,8.46,0.57
2030-11-18,24.53,47.69,45.71,1024.0,66.22,17.06,1.56,8.16
2030-11-19,24.78,33.81,25.3,999.21,42.18,27.53,7.13,1.74
2030-11-20,37.48,20.21,27.19,997.63,73.05,17.75,3.6,0.45
2030-11-21,16.85,56.07,23.58,1000.89,72.42,21.51,1.67,1.35
2030-11-22,38.71,48.19,13.45,983.43,63.15,29.94,5.4,0.8
2030-11-23,32.71,64.39,2.8,1004.89,79.63,8.67,2.42,2.7
2030-11-24,24.66,35.04,20.43,994.79,44.88,23.42,7.63,11.96
2030-11-25,26.03,88.77,2.63,985.46,12.13,8.47,7.67,1.59
2030-11-26,18.98,40.62,27.52,1000.98,55.91,25.97,8.58,3.79
2030-11-27,36.32,38.11,15.36,980.15,26.5,19.91,4.4,8.89
2030-11-28,27.95,58.46,26.68,998.08,38.44,28.45,1.12,3.98
2030-11-29,21.23,59.91,6.71,984.76,1.74,26.65,3.34,1.8
2030-11-30,30.86,37.21,46.63,981.09,38.28,6.87,5.21,18.77
2030-12-01,44.85,41.75,44.73,1017.1,80.88,8.43,7.25,0.83
2030-12-02,25.23,33.58,9.5,1021.23,54.27,20.03,4.44,2.96
2030-12-03,42.22,77.48,17.17,989.35,0.98,17.96,5.82,6.37
2030-12-04,22.08,81.61,30.67,1004.27,46.98,9.21,5.72,0.0
2030-12-05,11.92,56.99,4.78,992.51,29.15,8.23,2.48,4.84
2030-12-06,17.15,77.13,17.73,1002.21,47.76,19.1,6.61,1.24
2030-12-07,24.65,78.87,12.56,999.65,40.47,6.22,4.95,0.74
2030-12-08,17.69,31.06,45.78,992.11,93.2,26.84,8.27,1.28
2030-12-09,10.01,97.29,42.63,1011.52,4.12,25.18,7.22,13.62
2030-12-10,42.03,85.68,28.99,985.69,68.36,24.63,2.0,8.9
2030-12-11,39.54,36.36,26.02,982.39,85.1,5.4,5.4,0.96
2030-12-12,35.98,34.89,46.54,1014.55,95.92,6.19,7.32,0.5
2030-12-13,15.87,30.05,46.62,1009.97,17.76,18.75,1.78,1.81
2030-12-14,14.21,31.07,48.47,1002.43,53.13,29.86,8.13,3.59
2030-12-15,12.37,79.85,6.27,1001.05,4.36,13.56,3.0,8.07
2030-12-16,35.34,57.57,8.03,1002.38,49.92,13.61,5.53,13.54
2030-12-17,42.51,82.63,33.84,999.67,12.55,8.36,9.47,5.56
2030-12-18,25.07,79.7,27.07,997.68,83.79,21.86,6.14,3.66
2030-12-19,14.17,68.37,0.92,1002.49,11.39,21.17,4.82,0.61
2030-12-20,27.93,74.91,3.1,1003.78,51.33,7.53,1.06,0.31
2030-12-21,22.21,21.47,44.4,1011.14,52.11,16.69,2.2,3.63
2030-12-22,23.12,44.94,43.44,1012.0,97.17,21.68,6.21,3.1
2030-12-23,31.75,71.03,17.86,996.99,65.5,17.34,5.44,7.49
2030-12-24,35.16,20.75,44.55,998.61,28.78,21.86,4.27,1.56
2030-12-25,13.87,22.64,29.68,996.82,24.08,25.41,9.31,0.16
2030-12-26,11.25,88.15,40.3,1004.14,12.82,22.15,3.99,2.2
2030-12-27,44.8,74.72,21.37,1000.4,75.65,20.4,5.83,13.92
2030-12-28,18.15,41.23,5.67,1020.03,69.08,26.34,6.12,6.35
2030-12-29,11.88,75.04,21.69,1011.34,60.99,27.51,5.75,0.14
2030-12-30,16.65,83.4,22.86,1020.44,4.08,14.72,5.3,8.31
2030-12-31,11.36,44.54,27.55,1011.91,76.28,9.33,4.03,2.55
2031-01-01,23.71,22.88,5.28,1023.69,64.19,25.45,9.18,1.82
2031-01-02,38.08,94.62,49.57,1008.61,96.39,10.34,5.06,1.7
2031-01-03,21.94,47.61,12.21,1023.36,58.72,28.22,5.76,3.62
2031-01-04,25.55,28.52,9.93,987.12,30.4,5.57,6.91,3.03
2031-01-05,33.65,59.35,26.34,982.36,38.15,28.03,1.61,4.28
2031-01-06,27.81,81.48,26.86,1006.06,17.58,19.73,8.03,3.41
2031-01-07,40.15,37.73,21.99,1024.26,72.29,24.37,5.61,0.62
2031-01-08,40.31,41.56,38.59,998.79,70.77,14.96,6.91,1.19
2031-01-09,10.35,39.42,25.83,989.54,20.07,29.79,7.95,7.36
2031-01-10,37.23,99.33,30.48,1003.47,15.85,10.69,8.87,4.35
2031-01-11,26.13,35.79,36.19,1009.2,7.7,11.61,4.53,2.38
2031-01-12,44.61,66.04,1.25,994.18,91.2,6.29,8.3,0.81
2031-01-13,26.91,94.02,28.53,1012.16,23.31,28.51,3.33,0.03
2031-01-14,44.54,31.75,44.21,1023.88,34.42,16.4,6.94,1.5
2031-01-15,36.41,97.67,0.87,1020.36,28.05,21.87,1.92,0.23
2031-01-16,18.7,95.8,20.26,993.12,41.36,22.19,1.18,2.63
2031-01-17,28.84,90.77,46.31,994.7,71.4,26.86,1.86,6.9
2031-01-18,44.72,37.16,17.66,996.72,87.06,21.62,3.87,1.34
2031-01-19,40.01,70.72,22.94,997.75,18.26,19.05,1.28,7.53
2031-01-20,13.41,80.87,49.08,984.51,68.64,22.76,6.67,4.88
2031-01-21,34.72,98.88,9.97,1014.29,35.26,23.77,3.85,0.54
2031-01-22,22.1,34.43,3.26,996.44,98.05,9.65,7.63,4.14
2031-01-23,10.24,81.28,42.97,1019.59,29.89,7.74,1.41,0.66
2031-01-24,24.12,47.1,43.42,1021.71,0.72,6.87,2.95,4.25
2031-01-25,18.22,34.05,23.6,981.1,51.56,14.35,4.67,0.62
2031-01-26,38.66,53.71,25.71,1024.48,15.07,17.45,4.44,1.99
2031-01-27,21.81,83.51,41.79,1011.95,4.45,20.39,2.18,3.34
2031-01-28,38.96,57.19,36.93,1003.42,69.83,28.95,9.95,0.21
2031-01-29,10.02,63.0,13.26,997.53,73.23,13.27,3.56,0.67
2031-01-30,20.77,99.61,0.84,1003.33,46.07,24.02,7.49,1.55
2031-01-31,18.44,51.93,23.99,994.61,67.69,18.28,2.98,2.48
2031-02-01,18.17,69.23,42.95,1008.02,53.82,10.5,8.9,7.82
2031-02-02,12.39,49.22,44.79,984.18,62.98,20.38,4.49,0.83
2031-02-03,16.55,51.42,47.81,1007.95,59.67,29.18,9.11,1.71
2031-02-04,29.44,75.65,43.98,992.39,66.58,8.11,4.08,2.58
2031-02-05,20.2,95.03,29.0,980.79,19.96,17.68,1.08,1.4
2031-02-06,24.61,63.39,22.23,1004.87,26.87,6.29,5.65,3.93
2031-02-07,23.19,81.47,38.74,1006.03,44.0,13.03,5.72,1.19
2031-02-08,40.66,27.14,36.99,999.2,44.61,20.52,2.08,5.92
2031-02-09,41.69,36.89,26.91,983.25,77.44,26.03,3.11,2.81
2031-02-10,27.25,60.17,4.37,1020.2,36.74,23.26,8.05,0.36
2031-02-11,21.56,21.6,46.3,1007.51,16.25,16.57,1.33,3.94
2031-02-12,13.74,40.23,22.78,985.21,25.15,27.73,5.41,3.37
2031-02-13,43.37,61.39,18.17,1002.99,21.47,12.57,5.77,1.65
2031-02-14,12.11,21.2,31.48,1002.38,73.17,23.85,7.2,0.04
2031-02-15,20.42,41.16,33.69,982.72,47.03,16.85,1.34,0.9
2031-02-16,20.43,61.12,10.53,1007.31,70.86,27.47,6.27,2.08
2031-02-17,21.21,65.85,41.85,1016.37,41.62,24.94,1.03,0.89
2031-02-18,15.75,94.06,14.5,1013.71,88.97,27.54,3.39,3.45
2031-02-19,37.41,71.63,9.33,989.13,98.35,10.36,5.5,4.98
2031-02-20,14.29,53.18,20.32,1018.8,66.98,21.7,9.2,7.75
2031-02-21,32.22,94.43,36.53,995.41,86.38,23.46,2.14,4.16
2031-02-22,14.33,82.79,48.27,1022.59,50.79,23.56,2.52,4.67
2031-02-23,12.47,36.0,40.46,983.23,93.46,17.6,7.02,3.75
2031-02-24,41.83,30.47,47.02,1001.88,83.16,5.28,4.37,16.93
2031-02-25,16.65,74.06,7.03,1006.87,99.18,11.54,6.61,1.21
2031-02-26,38.74,64.79,3.56,991.14,62.31,13.08,9.98,1.24
2031-02-27,29.06,83.17,27.89,1014.71,77.92,26.3,9.88,0.54
2031-02-28,12.72,79.1,14.51,1008.21,54.29,26.02,4.18,2.66
2031-03-01,43.44,70.02,41.4,980.81,25.91,7.62,5.54,0.4
2031-03-02,18.64,98.91,33.6,1007.38,35.48,28.75,9.14,1.26
2031-03-03,40.09,62.69,48.54,1002.12,89.4,9.56,1.83,2.64
2031-03-04,15.91,29.05,12.74,988.82,5.59,15.36,5.07,12.64
2031-03-05,39.89,86.26,24.29,1024.81,59.15,10.38,4.4,13.28
2031-03-06,10.46,40.15,25.06,1020.37,37.25,26.51,3.65,5.45
2031-03-07,27.91,82.18,11.96,993.16,38.67,23.74,9.95,1.97
2031-03-08,36.93,96.57,29.5,1004.35,88.46,13.84,7.6,8.01
2031-03-09,42.72,75.74,22.16,994.24,85.38,22.05,4.5,8.33
2031-03-10,41.82,67.68,22.34,1014.9,59.88,9.61,8.46,9.64
2031-03-11,38.69,56.83,18.14,1021.86,27.29,14.56,5.41,4.09
2031-03-12,41.09,49.15,0.85,996.15,47.55,14.43,8.86,0.9
2031-03-13,16.97,48.24,26.1,1016.25,40.83,10.95,3.4,0.38
2031-03-14,19.95,70.91,16.76,1002.43,35.36,26.91,3.01,9.85
2031-03-15,20.11,80.1,0.07,997.85,10.28,21.97,3.23,0.23
2031-03-16,23.2,74.28,15.4,1022.23,54.31,12.0,5.85,1.4
2031-03-17,23.77,35.87,13.93,1002.97,30.18,11.05,3.62,2.67
2031-03-18,29.06,59.52,19.67,1001.03,66.08,5.45,2.32,0.09
2031-03-19,15.6,83.33,6.59,1010.26,31.92,13.66,9.95,9.5
2031-03-20,34.19,58.06,25.38,991.76,43.12,18.17,9.1,1.35
2031-03-21,15.86,62.93,34.62,994.62,5.24,11.94,6.72,0.12
2031-03-22,20.86,81.69,31.51,1021.94,99.25,22.51,9.02,20.2
2031-03-23,27.62,72.9,40.19,1010.53,50.76,15.29,9.42,1.49
2031-03-24,37.88,52.75,22.6,1017.2,2.42,12.91,7.08,8.37
2031-03-25,35.88,91.63,25.95,992.2,54.12,28.48,5.67,2.42
2031-03-26,32.59,33.01,40.52,1004.47,87.04,11.57,8.94,4.35
2031-03-27,15.45,99.64,21.39,1023.71,77.26,14.96,6.11,1.1
2031-03-28,29.15,29.51,35.08,994.34,70.09,14.56,2.14,2.8
2031-03-29,13.06,21.2,21.73,987.22,13.95,11.03,4.3,1.19
2031-03-30,23.21,91.2,20.89,1002.99,65.77,10.44,5.01,12.07
2031-03-31,24.47,39.6,38.01,997.45,76.63,12.56,9.42,0.25
2031-04-01,11.39,78.38,8.74,987.18,57.24,26.61,6.93,1.28
2031-04-02,19.59,84.88,16.93,1019.98,89.27,24.18,8.88,8.94
2031-04-03,43.45,88.72,11.21,1024.58,27.7,22.02,7.82,2.62
2031-04-04,43.38,99.33,17.96,1005.59,24.21,16.43,3.79,3.67
2031-04-05,22.33,43.52,11.52,1014.86,86.96,17.69,7.47,4.22
2031-04-06,11.51,76.82,28.97,1018.66,62.54,11.68,2.76,0.29
2031-04-07,16.27,29.23,39.91,1011.54,0.14,6.86,4.67,0.07
2031-04-08,23.73,52.54,39.33,981.99,35.31,13.28,8.25,11.11
2031-04-09,43.17,87.84,18.23,987.09,85.79,17.39,6.51,1.27
2031-04-10,14.94,49.41,49.44,983.19,2.73,6.43,8.43,1.91
2031-04-11,36.72,67.29,29.69,980.44,0.32,7.21,3.29,4.58
2031-04-12,13.8,60.3,19.97,993.77,28.13,11.58,7.75,1.08
2031-04-13,44.34,71.68,41.78,997.66,91.4,14.18,2.82,5.28
2031-04-14,23.36,97.83,36.49,990.85,90.15,14.83,5.91,2.45
2031-04-15,37.13,24.46,37.46,982.91,51.88,7.95,4.9,7.77
2031-04-16,21.99,65.92,9.81,1003.84,55.32,10.65,6.01,1.31
2031-04-17,31.97,89.04,23.42,992.3,33.2,11.54,2.22,0.91
2031-04-18,16.72,58.51,43.09,1015.82,24.37,6.69,4.25,7.13
2031-04-19,15.11,26.28,25.2,980.36,81.52,13.15,7.0,1.58
2031-04-20,42.83,64.84,34.17,1017.91,10.63,6.81,6.03,2.12
2031-04-21,42.12,46.57,29.4,1022.96,48.74,22.59,5.94,6.31
2031-04-22,41.06,32.4,42.12,1012.23,63.44,14.65,5.6,4.04
2031-04-23,31.89,87.92,14.23,1013.01,10.37,13.17,9.49,2.33
2031-04-24,38.29,61.73,28.77,1022.01,51.96,8.16,9.41,1.15
2031-04-25,12.42,94.66,6.16,989.41,57.75,10.66,4.24,5.78
2031-04-26,21.72,84.48,34.51,1024.76,74.25,10.82,4.17,0.8
2031-04-27,20.98,75.44,36.6,1014.81,23.48,29.63,5.99,10.54
2031-04-28,32.25,20.4,2.14,1012.7,29.33,25.88,1.86,0.65
2031-04-29,22.46,54.23,33.79,996.25,56.95,5.38,3.73,6.54
2031-04-30,15.2,35.8,20.73,1004.56,98.31,20.42,3.08,2.21
2031-05-01,30.88,92.86,6.2,1009.43,21.75,11.4,3.01,0.82
2031-05-02,38.5,33.97,21.0,1007.92,98.59,7.61,6.75,2.06
2031-05-03,23.37,42.88,9.71,1011.72,71.43,22.64,4.46,1.0
2031-05-04,14.63,61.35,20.78,983.71,82.61,8.29,2.54,0.58
2031-05-05,16.88,41.07,19.22,996.0,8.96,16.09,8.99,1.09
2031-05-06,18.31,36.79,36.92,999.53,30.04,20.8,8.87,8.08
2031-05-07,20.5,67.93,38.71,991.73,5.77,18.86,8.76,0.45
2031-05-08,32.5,27.11,30.35,987.77,37.15,29.44,4.52,14.38
2031-05-09,31.03,24.65,1.13,986.25,98.13,24.64,1.51,0.02
2031-05-10,34.36,49.78,46.55,996.49,10.53,24.35,1.96,4.29
2031-05-11,22.69,77.65,34.31,1002.2,56.24,13.89,3.48,7.77
2031-05-12,38.84,64.38,1.71,982.83,0.61,5.21,2.98,10.87
2031-05-13,17.14,53.83,40.94,1022.59,71.27,23.36,8.87,0.62
2031-05-14,26.42,65.26,10.01,1014.44,19.72,29.99,9.88,4.79
2031-05-15,38.03,49.24,28.96,1012.89,12.96,15.15,8.35,0.45
2031-05-16,16.31,94.89,23.33,987.78,33.7,29.64,7.57,1.74
2031-05-17,13.85,24.39,20.99,1007.17,77.1,8.54,6.3,5.27
2031-05-18,40.93,73.87,44.49,1003.84,10.66,12.41,7.93,1.7
2031-05-19,22.0,91.3,21.87,1024.21,22.98,9.27,9.52,1.5
2031-05-20,33.94,84.31,3.77,1013.65,0.85,16.88,6.41,0.49
2031-05-21,10.89,34.72,47.33,1005.91,96.84,24.92,2.39,0.27
2031-05-22,34.15,43.67,46.03,1018.29,59.21,13.52,2.47,0.49
2031-05-23,21.06,77.36,34.22,986.98,71.99,27.66,6.25,8.33
2031-05-24,11.95,26.74,23.39,980.68,65.14,18.62,4.0,0.05
2031-05-25,31.34,84.95,4.64,1011.06,14.44,16.64,9.19,4.72
2031-05-26,18.43,77.51,39.54,984.42,59.49,24.68,6.5,5.85
2031-05-27,23.54,78.37,3.77,985.19,13.14,7.54,7.09,3.36
2031-05-28,12.82,28.02,3.43,1013.51,40.12,24.34,1.05,5.25
2031-05-29,15.15,77.42,26.87,992.17,56.9,11.07,5.49,4.23
2031-05-30,20.43,74.39,8.01,1008.29,55.89,12.02,4.88,2.43
2031-05-31,13.14,86.47,0.39,1021.28,11.91,19.99,7.35,1.93
2031-06-01,41.88,23.33,21.16,994.24,3.44,27.55,4.44,11.34
2031-06-02,10.21,21.85,6.86,989.77,79.82,19.46,9.79,14.29
2031-06-03,26.94,49.84,8.03,984.8,72.59,21.22,7.03,4.21
2031-06-04,14.31,31.9,3.85,985.87,8.18,24.41,6.94,0.88
2031-06-05,20.77,64.67,10.25,982.8,12.74,11.48,9.27,2.38
2031-06-06,42.41,93.39,35.77,983.94,89.26,25.68,9.96,2.74
2031-06-07,15.66,51.32,40.45,999.44,76.91,15.45,2.78,5.67
2031-06-08,43.8,87.6,22.63,994.44,99.62,9.39,8.29,4.41
2031-06-09,17.2,20.02,25.33,1011.8,25.4,13.75,2.46,2.89
2031-06-10,35.95,33.48,1.63,1019.16,48.78,11.15,5.11,4.56
2031-06-11,29.13,22.43,3.47,1015.31,23.65,10.72,1.9,0.1
2031-06-12,40.96,46.25,12.88,1003.88,62.28,12.06,6.61,6.0
2031-06-13,29.39,92.66,27.19,984.61,11.54,9.52,5.22,0.95
2031-06-14,28.71,27.76,36.98,1011.94,12.72,21.69,6.66,4.27
2031-06-15,16.84,68.51,30.25,996.33,7.19,19.5,7.1,0.48
2031-06-16,15.82,56.12,19.61,983.85,69.36,21.21,6.57,0.49
2031-06-17,42.08,95.08,5.92,1017.91,49.41,13.59,3.65,0.15
2031-06-18,21.47,29.8,39.04,995.22,61.77,24.24,8.53,9.64
2031-06-19,23.02,36.96,18.19,989.82,87.93,8.24,5.97,3.71
2031-06-20,36.59,22.36,36.8,1019.22,74.03,19.28,5.41,1.8
2031-06-21,21.86,54.71,25.65,1020.6,46.17,11.89,9.88,6.2
2031-06-22,43.32,42.23,36.93,995.25,98.44,18.19,3.55,3.93
2031-06-23,35.83,89.59,45.36,995.97,45.63,13.09,5.75,3.87
2031-06-24,30.91,68.4,46.05,1006.08,11.25,24.76,7.14,2.67
2031-06-25,40.83,69.13,26.76,1013.0,99.27,27.28,2.13,0.03
2031-06-26,11.74,62.55,25.58,982.84,2.28,23.56,4.19,1.2
2031-06-27,19.0,27.35,13.28,1006.7,54.99,9.39,8.22,0.46
2031-06-28,26.28,55.6,46.79,1022.88,30.91,11.87,3.13,4.34
2031-06-29,17.94,99.96,22.9,991.79,50.36,27.98,5.44,1.14
2031-06-30,36.04,86.82,6.38,1020.9,55.87,15.93,6.68,2.39
2031-07-01,42.17,91.48,21.64,1022.76,24.01,28.53,7.04,1.74
2031-07-02,24.83,85.86,6.35,992.11,55.69,14.81,7.55,0.62
2031-07-03,21.97,28.24,25.13,1013.94,75.61,28.79,8.79,12.72
2031-07-04,43.65,38.2,28.06,990.74,26.65,28.14,4.54,10.84
2031-07-05,25.57,20.25,16.89,1013.19,38.34,21.51,7.36,0.35
2031-07-06,27.12,44.28,3.58,1015.88,26.82,5.22,7.59,7.03
2031-07-07,22.31,28.69,47.18,991.12,82.06,15.01,3.7,2.68
2031-07-08,41.83,57.82,38.67,1012.21,72.5,27.78,9.71,5.94
2031-07-09,29.91,74.17,41.94,1016.54,87.12,27.13,8.79,0.66
2031-07-10,36.68,89.96,18.34,996.14,17.0,9.68,3.61,0.57
2031-07-11,38.41,79.94,38.04,987.55,7.36,14.98,7.08,8.86
2031-07-12,21.96,95.09,24.27,984.14,11.94,25.89,7.46,9.12
2031-07-13,25.18,24.31,10.05,1005.89,16.1,19.45,4.88,2.51
2031-07-14,39.7,20.97,6.22,1024.01,53.31,26.18,8.77,8.17
2031-07-15,22.71,72.91,17.25,1017.03,97.09,25.66,7.21,4.4
2031-07-16,37.79,43.15,6.88,999.61,35.72,27.69,6.92,0.82
2031-07-17,42.93,40.28,49.91,1004.15,95.85,7.93,2.99,1.6
2031-07-18,31.81,46.47,2.46,992.58,3.82,8.63,4.67,0.59
2031-07-19,35.96,41.58,22.06,987.34,92.69,7.07,4.91,5.95
2031-07-20,38.18,60.91,22.6,1001.69,18.12,28.38,7.6,16.87
2031-07-21,39.58,55.21,15.03,1000.86,91.25,16.88,6.57,3.16
2031-07-22,23.83,60.99,28.57,1003.49,5.62,6.61,1.77,4.27
2031-07-23,11.79,73.82,7.5,1022.88,94.82,13.04,3.77,5.48
2031-07-24,24.07,50.97,39.2,1007.18,20.08,13.79,5.26,1.02
2031-07-25,33.58,40.1,16.62,1007.26,30.27,25.24,7.63,1.64
2031-07-26,25.76,33.3,29.57,985.76,49.09,23.39,7.69,2.13
2031-07-27,36.21,47.96,35.78,1024.84,38.07,22.23,5.41,3.61
2031-07-28,22.49,79.34,44.45,1014.78,66.75,5.55,2.05,7.6
2031-07-29,32.22,80.54,41.79,1019.47,97.48,27.77,3.64,1.17
2031-07-30,16.52,73.35,30.42,998.64,60.64,10.39,3.29,2.55
2031-07-31,36.23,38.72,19.42,1002.6,72.15,20.73,8.03,5.57
2031-08-01,29.1,67.05,25.16,1003.49,8.8,6.55,2.62,0.37
2031-08-02,17.14,65.66,38.44,988.73,62.78,7.04,5.18,2.88
2031-08-03,20.22,58.74,43.88,1011.03,45.38,5.24,7.04,0.62
2031-08-04,36.2,64.0,5.19,1020.63,88.58,19.15,9.68,3.1
2031-08-05,26.89,59.34,19.24,987.37,38.82,20.73,9.99,5.84
2031-08-06,17.56,65.24,38.81,983.88,67.95,6.26,9.58,1.08
2031-08-07,43.85,77.24,21.58,1013.22,22.82,12.26,7.46,7.57
2031-08-08,35.03,28.77,16.61,992.29,25.94,26.29,7.72,1.63
2031-08-09,43.5,79.97,20.57,1008.07,37.61,7.53,7.83,0.85
2031-08-10,24.95,30.87,30.14,1011.31,30.41,10.41,8.76,2.5
2031-08-11,26.63,25.33,49.99,994.49,25.39,15.61,9.57,8.35
2031-08-12,41.43,98.09,24.65,1016.68,4.97,26.06,5.01,0.29
2031-08-13,28.38,96.56,10.42,1004.75,83.67,11.37,4.75,1.59
2031-08-14,34.75,24.83,8.14,1019.1,6.43,29.93,5.14,4.24
2031-08-15,18.83,55.46,2.12,1014.35,88.74,13.88,6.94,1.77
2031-08-16,25.64,34.9,27.94,1019.09,12.55,14.66,7.98,0.29
2031-08-17,14.32,58.83,27.23,980.91,6.53,8.05,8.83,1.61
2031-08-18,17.21,86.41,10.26,990.96,56.3,22.0,5.11,6.88
2031-08-19,10.03,96.05,34.77,984.05,50.24,11.09,4.27,13.77
2031-08-20,11.37,70.74,37.06,999.89,49.12,20.72,9.85,0.16
2031-08-21,44.2,48.31,12.95,1020.05,57.45,10.58,3.09,3.37
2031-08-22,18.48,68.27,17.2,1001.04,28.71,14.7,3.0,0.45
2031-08-23,33.22,44.96,49.52,1018.24,66.29,26.42,7.44,4.56
2031-08-24,39.37,92.79,18.71,994.72,50.24,23.47,2.62,0.03
2031-08-25,29.27,89.63,38.04,995.28,33.47,8.86,4.59,0.06
2031-08-26,15.36,64.66,22.64,1020.3,82.65,20.19,3.63,6.0
2031-08-27,35.48,45.98,39.67,999.16,72.77,20.72,2.52,0.31
2031-08-28,31.01,43.47,38.45,1015.54,39.36,7.26,6.22,1.46
2031-08-29,35.59,22.67,33.39,990.65,84.76,16.65,4.36,12.68
2031-08-30,36.94,85.27,42.74,1022.7,92.03,11.52,5.16,16.87
2031-08-31,44.14,56.03,46.96,1005.86,53.69,16.68,2.76,0.7
2031-09-01,30.07,46.01,29.0,1014.17,21.5,24.43,7.91,3.29
2031-09-02,21.96,57.69,11.87,984.03,91.58,8.96,3.83,3.28
2031-09-03,32.7,85.5,19.93,1002.17,18.95,8.08,4.08,2.41
2031-09-04,12.4,29.97,37.92,1020.55,4.84,11.73,3.27,10.35
2031-09-05,41.41,88.61,32.54,1019.47,32.75,28.81,4.91,5.61
2031-09-06,14.18,91.8,8.89,982.11,72.7,23.7,5.17,5.78
2031-09-07,21.47,95.74,2.56,993.67,92.33,5.49,5.77,1.26
2031-09-08,38.55,51.8,34.15,999.95,63.73,15.03,9.71,2.28
2031-09-09,30.91,37.37,12.55,987.75,95.18,11.43,9.14,2.67
